weathername,lgt_condname,hour,day_weekname,Total_Accidents,Total_Fatalities,Fatality_Rate
"Blowing Sand, Soil, Dirt",Dark - Lighted,0,Thursday,1,1,1.0
"Blowing Sand, Soil, Dirt",Dark - Lighted,3,Tuesday,1,1,1.0
"Blowing Sand, Soil, Dirt",Dark - Lighted,6,Friday,1,1,1.0
"Blowing Sand, Soil, Dirt",Dark - Lighted,20,Thursday,1,1,1.0
"Blowing Sand, Soil, Dirt",Dark - Lighted,21,Monday,1,1,1.0
"Blowing Sand, Soil, Dirt",Dark - Lighted,21,Tuesday,1,1,1.0
"Blowing Sand, Soil, Dirt",Dark - Not Lighted,1,Sunday,1,1,1.0
"Blowing Sand, Soil, Dirt",Dark - Not Lighted,2,Saturday,1,1,1.0
"Blowing Sand, Soil, Dirt",Dark - Not Lighted,3,Friday,2,2,1.0
"Blowing Sand, Soil, Dirt",Dark - Not Lighted,5,Thursday,1,1,1.0
"Blowing Sand, Soil, Dirt",Dark - Not Lighted,5,Tuesday,1,1,1.0
"Blowing Sand, Soil, Dirt",Dark - Not Lighted,17,Monday,1,1,1.0
"Blowing Sand, Soil, Dirt",Dark - Not Lighted,18,Friday,1,1,1.0
"Blowing Sand, Soil, Dirt",Dark - Not Lighted,18,Tuesday,2,3,1.5
"Blowing Sand, Soil, Dirt",Dark - Not Lighted,18,Wednesday,1,1,1.0
"Blowing Sand, Soil, Dirt",Dark - Not Lighted,19,Friday,1,1,1.0
"Blowing Sand, Soil, Dirt",Dark - Not Lighted,19,Saturday,1,1,1.0
"Blowing Sand, Soil, Dirt",Dark - Not Lighted,20,Sunday,1,1,1.0
"Blowing Sand, Soil, Dirt",Dark - Not Lighted,21,Sunday,1,1,1.0
"Blowing Sand, Soil, Dirt",Dark - Not Lighted,22,Tuesday,1,1,1.0
"Blowing Sand, Soil, Dirt",Dark - Not Lighted,23,Tuesday,1,2,2.0
"Blowing Sand, Soil, Dirt",Dark - Unknown Lighting,1,Friday,1,1,1.0
"Blowing Sand, Soil, Dirt",Dark - Unknown Lighting,22,Friday,1,1,1.0
"Blowing Sand, Soil, Dirt",Dawn,5,Thursday,1,1,1.0
"Blowing Sand, Soil, Dirt",Dawn,8,Saturday,1,1,1.0
"Blowing Sand, Soil, Dirt",Daylight,7,Friday,1,1,1.0
"Blowing Sand, Soil, Dirt",Daylight,7,Wednesday,1,1,1.0
"Blowing Sand, Soil, Dirt",Daylight,9,Friday,2,2,1.0
"Blowing Sand, Soil, Dirt",Daylight,9,Saturday,2,4,2.0
"Blowing Sand, Soil, Dirt",Daylight,9,Thursday,1,3,3.0
"Blowing Sand, Soil, Dirt",Daylight,10,Friday,1,1,1.0
"Blowing Sand, Soil, Dirt",Daylight,10,Monday,6,9,1.5
"Blowing Sand, Soil, Dirt",Daylight,10,Tuesday,1,1,1.0
"Blowing Sand, Soil, Dirt",Daylight,11,Monday,1,1,1.0
"Blowing Sand, Soil, Dirt",Daylight,11,Saturday,3,3,1.0
"Blowing Sand, Soil, Dirt",Daylight,11,Thursday,1,1,1.0
"Blowing Sand, Soil, Dirt",Daylight,11,Tuesday,1,1,1.0
"Blowing Sand, Soil, Dirt",Daylight,12,Saturday,1,1,1.0
"Blowing Sand, Soil, Dirt",Daylight,12,Sunday,2,2,1.0
"Blowing Sand, Soil, Dirt",Daylight,12,Thursday,2,3,1.5
"Blowing Sand, Soil, Dirt",Daylight,12,Tuesday,1,1,1.0
"Blowing Sand, Soil, Dirt",Daylight,12,Wednesday,3,4,1.3333333333333333
"Blowing Sand, Soil, Dirt",Daylight,13,Sunday,1,1,1.0
"Blowing Sand, Soil, Dirt",Daylight,13,Tuesday,2,2,1.0
"Blowing Sand, Soil, Dirt",Daylight,14,Monday,2,2,1.0
"Blowing Sand, Soil, Dirt",Daylight,14,Saturday,1,1,1.0
"Blowing Sand, Soil, Dirt",Daylight,14,Sunday,1,3,3.0
"Blowing Sand, Soil, Dirt",Daylight,14,Tuesday,2,2,1.0
"Blowing Sand, Soil, Dirt",Daylight,15,Friday,2,2,1.0
"Blowing Sand, Soil, Dirt",Daylight,15,Monday,2,3,1.5
"Blowing Sand, Soil, Dirt",Daylight,15,Saturday,1,3,3.0
"Blowing Sand, Soil, Dirt",Daylight,15,Tuesday,1,1,1.0
"Blowing Sand, Soil, Dirt",Daylight,15,Wednesday,1,1,1.0
"Blowing Sand, Soil, Dirt",Daylight,16,Friday,7,11,1.5714285714285714
"Blowing Sand, Soil, Dirt",Daylight,16,Sunday,1,8,8.0
"Blowing Sand, Soil, Dirt",Daylight,16,Wednesday,3,4,1.3333333333333333
"Blowing Sand, Soil, Dirt",Daylight,17,Monday,4,9,2.25
"Blowing Sand, Soil, Dirt",Daylight,17,Sunday,1,1,1.0
"Blowing Sand, Soil, Dirt",Daylight,17,Thursday,1,1,1.0
"Blowing Sand, Soil, Dirt",Daylight,17,Tuesday,1,1,1.0
"Blowing Sand, Soil, Dirt",Daylight,18,Wednesday,3,4,1.3333333333333333
"Blowing Sand, Soil, Dirt",Daylight,19,Wednesday,1,1,1.0
"Blowing Sand, Soil, Dirt",Daylight,20,Thursday,1,1,1.0
"Blowing Sand, Soil, Dirt",Daylight,20,Wednesday,1,1,1.0
"Blowing Sand, Soil, Dirt",Dusk,17,Monday,1,1,1.0
"Blowing Sand, Soil, Dirt",Dusk,17,Saturday,1,1,1.0
"Blowing Sand, Soil, Dirt",Dusk,18,Sunday,1,1,1.0
Blowing Snow,Dark - Lighted,0,Friday,1,1,1.0
Blowing Snow,Dark - Lighted,0,Monday,1,1,1.0
Blowing Snow,Dark - Lighted,0,Saturday,1,1,1.0
Blowing Snow,Dark - Lighted,0,Sunday,1,1,1.0
Blowing Snow,Dark - Lighted,2,Saturday,1,1,1.0
Blowing Snow,Dark - Lighted,4,Friday,1,1,1.0
Blowing Snow,Dark - Lighted,5,Wednesday,1,1,1.0
Blowing Snow,Dark - Lighted,7,Sunday,1,1,1.0
Blowing Snow,Dark - Lighted,16,Friday,1,1,1.0
Blowing Snow,Dark - Lighted,17,Saturday,1,1,1.0
Blowing Snow,Dark - Lighted,17,Wednesday,1,1,1.0
Blowing Snow,Dark - Lighted,18,Friday,1,1,1.0
Blowing Snow,Dark - Lighted,18,Saturday,1,1,1.0
Blowing Snow,Dark - Lighted,19,Monday,1,1,1.0
Blowing Snow,Dark - Lighted,19,Saturday,1,1,1.0
Blowing Snow,Dark - Lighted,19,Tuesday,1,1,1.0
Blowing Snow,Dark - Lighted,22,Monday,1,1,1.0
Blowing Snow,Dark - Lighted,22,Thursday,1,1,1.0
Blowing Snow,Dark - Lighted,23,Monday,1,1,1.0
Blowing Snow,Dark - Not Lighted,0,Saturday,1,1,1.0
Blowing Snow,Dark - Not Lighted,0,Sunday,2,2,1.0
Blowing Snow,Dark - Not Lighted,0,Thursday,1,1,1.0
Blowing Snow,Dark - Not Lighted,2,Friday,1,1,1.0
Blowing Snow,Dark - Not Lighted,3,Monday,1,1,1.0
Blowing Snow,Dark - Not Lighted,3,Wednesday,1,1,1.0
Blowing Snow,Dark - Not Lighted,4,Saturday,1,1,1.0
Blowing Snow,Dark - Not Lighted,4,Thursday,1,2,2.0
Blowing Snow,Dark - Not Lighted,4,Wednesday,2,2,1.0
Blowing Snow,Dark - Not Lighted,5,Friday,1,1,1.0
Blowing Snow,Dark - Not Lighted,5,Saturday,1,1,1.0
Blowing Snow,Dark - Not Lighted,5,Thursday,4,4,1.0
Blowing Snow,Dark - Not Lighted,6,Friday,1,1,1.0
Blowing Snow,Dark - Not Lighted,6,Monday,1,3,3.0
Blowing Snow,Dark - Not Lighted,6,Saturday,1,1,1.0
Blowing Snow,Dark - Not Lighted,6,Thursday,2,3,1.5
Blowing Snow,Dark - Not Lighted,7,Friday,1,1,1.0
Blowing Snow,Dark - Not Lighted,8,Friday,1,1,1.0
Blowing Snow,Dark - Not Lighted,16,Thursday,1,1,1.0
Blowing Snow,Dark - Not Lighted,16,Tuesday,1,2,2.0
Blowing Snow,Dark - Not Lighted,17,Friday,1,1,1.0
Blowing Snow,Dark - Not Lighted,17,Monday,1,1,1.0
Blowing Snow,Dark - Not Lighted,17,Saturday,1,1,1.0
Blowing Snow,Dark - Not Lighted,17,Thursday,1,2,2.0
Blowing Snow,Dark - Not Lighted,17,Tuesday,1,1,1.0
Blowing Snow,Dark - Not Lighted,17,Wednesday,1,1,1.0
Blowing Snow,Dark - Not Lighted,18,Monday,2,2,1.0
Blowing Snow,Dark - Not Lighted,18,Saturday,1,2,2.0
Blowing Snow,Dark - Not Lighted,18,Sunday,1,1,1.0
Blowing Snow,Dark - Not Lighted,18,Tuesday,3,3,1.0
Blowing Snow,Dark - Not Lighted,18,Wednesday,1,2,2.0
Blowing Snow,Dark - Not Lighted,19,Friday,4,4,1.0
Blowing Snow,Dark - Not Lighted,19,Monday,2,2,1.0
Blowing Snow,Dark - Not Lighted,19,Saturday,3,3,1.0
Blowing Snow,Dark - Not Lighted,19,Sunday,3,3,1.0
Blowing Snow,Dark - Not Lighted,19,Thursday,1,1,1.0
Blowing Snow,Dark - Not Lighted,19,Wednesday,1,1,1.0
Blowing Snow,Dark - Not Lighted,20,Friday,1,1,1.0
Blowing Snow,Dark - Not Lighted,20,Sunday,2,2,1.0
Blowing Snow,Dark - Not Lighted,20,Thursday,1,1,1.0
Blowing Snow,Dark - Not Lighted,20,Tuesday,1,1,1.0
Blowing Snow,Dark - Not Lighted,20,Wednesday,1,1,1.0
Blowing Snow,Dark - Not Lighted,21,Friday,1,1,1.0
Blowing Snow,Dark - Not Lighted,21,Monday,1,1,1.0
Blowing Snow,Dark - Not Lighted,21,Saturday,1,1,1.0
Blowing Snow,Dark - Not Lighted,21,Sunday,1,1,1.0
Blowing Snow,Dark - Not Lighted,21,Tuesday,2,2,1.0
Blowing Snow,Dark - Not Lighted,21,Wednesday,1,1,1.0
Blowing Snow,Dark - Not Lighted,22,Friday,3,3,1.0
Blowing Snow,Dark - Not Lighted,22,Monday,1,1,1.0
Blowing Snow,Dark - Not Lighted,22,Saturday,1,1,1.0
Blowing Snow,Dark - Not Lighted,22,Thursday,4,4,1.0
Blowing Snow,Dark - Not Lighted,22,Tuesday,1,1,1.0
Blowing Snow,Dark - Not Lighted,22,Wednesday,1,1,1.0
Blowing Snow,Dark - Not Lighted,23,Friday,3,3,1.0
Blowing Snow,Dark - Not Lighted,23,Monday,1,2,2.0
Blowing Snow,Dark - Not Lighted,23,Saturday,1,1,1.0
Blowing Snow,Dark - Not Lighted,23,Wednesday,1,1,1.0
Blowing Snow,Dark - Unknown Lighting,22,Wednesday,1,1,1.0
Blowing Snow,Dawn,5,Sunday,1,1,1.0
Blowing Snow,Dawn,6,Monday,1,1,1.0
Blowing Snow,Dawn,6,Wednesday,2,2,1.0
Blowing Snow,Dawn,7,Sunday,1,1,1.0
Blowing Snow,Dawn,7,Thursday,1,1,1.0
Blowing Snow,Dawn,7,Wednesday,1,1,1.0
Blowing Snow,Dawn,8,Sunday,1,1,1.0
Blowing Snow,Daylight,7,Friday,1,1,1.0
Blowing Snow,Daylight,7,Monday,1,1,1.0
Blowing Snow,Daylight,7,Saturday,2,3,1.5
Blowing Snow,Daylight,7,Thursday,4,4,1.0
Blowing Snow,Daylight,7,Tuesday,2,2,1.0
Blowing Snow,Daylight,8,Friday,1,1,1.0
Blowing Snow,Daylight,8,Saturday,2,2,1.0
Blowing Snow,Daylight,8,Sunday,1,1,1.0
Blowing Snow,Daylight,8,Thursday,3,4,1.3333333333333333
Blowing Snow,Daylight,8,Tuesday,4,4,1.0
Blowing Snow,Daylight,8,Wednesday,1,1,1.0
Blowing Snow,Daylight,9,Friday,3,3,1.0
Blowing Snow,Daylight,9,Saturday,2,2,1.0
Blowing Snow,Daylight,9,Sunday,3,3,1.0
Blowing Snow,Daylight,9,Thursday,2,2,1.0
Blowing Snow,Daylight,9,Tuesday,3,6,2.0
Blowing Snow,Daylight,9,Wednesday,1,1,1.0
Blowing Snow,Daylight,10,Friday,2,2,1.0
Blowing Snow,Daylight,10,Monday,2,2,1.0
Blowing Snow,Daylight,10,Saturday,5,5,1.0
Blowing Snow,Daylight,10,Sunday,3,3,1.0
Blowing Snow,Daylight,10,Thursday,2,2,1.0
Blowing Snow,Daylight,10,Tuesday,1,1,1.0
Blowing Snow,Daylight,10,Wednesday,2,2,1.0
Blowing Snow,Daylight,11,Friday,2,2,1.0
Blowing Snow,Daylight,11,Monday,2,2,1.0
Blowing Snow,Daylight,11,Saturday,3,3,1.0
Blowing Snow,Daylight,11,Sunday,2,2,1.0
Blowing Snow,Daylight,11,Thursday,2,2,1.0
Blowing Snow,Daylight,12,Friday,1,2,2.0
Blowing Snow,Daylight,12,Monday,1,1,1.0
Blowing Snow,Daylight,12,Saturday,2,3,1.5
Blowing Snow,Daylight,12,Sunday,3,3,1.0
Blowing Snow,Daylight,12,Thursday,1,1,1.0
Blowing Snow,Daylight,12,Tuesday,2,2,1.0
Blowing Snow,Daylight,13,Friday,2,2,1.0
Blowing Snow,Daylight,13,Saturday,4,4,1.0
Blowing Snow,Daylight,13,Thursday,2,2,1.0
Blowing Snow,Daylight,13,Wednesday,2,3,1.5
Blowing Snow,Daylight,14,Friday,2,2,1.0
Blowing Snow,Daylight,14,Monday,4,4,1.0
Blowing Snow,Daylight,14,Saturday,2,2,1.0
Blowing Snow,Daylight,14,Sunday,1,1,1.0
Blowing Snow,Daylight,14,Thursday,1,2,2.0
Blowing Snow,Daylight,14,Tuesday,5,5,1.0
Blowing Snow,Daylight,15,Friday,3,4,1.3333333333333333
Blowing Snow,Daylight,15,Monday,3,4,1.3333333333333333
Blowing Snow,Daylight,15,Saturday,2,3,1.5
Blowing Snow,Daylight,15,Sunday,5,5,1.0
Blowing Snow,Daylight,15,Thursday,1,1,1.0
Blowing Snow,Daylight,15,Tuesday,1,1,1.0
Blowing Snow,Daylight,15,Wednesday,2,2,1.0
Blowing Snow,Daylight,16,Friday,3,4,1.3333333333333333
Blowing Snow,Daylight,16,Monday,1,1,1.0
Blowing Snow,Daylight,16,Saturday,2,2,1.0
Blowing Snow,Daylight,16,Sunday,1,1,1.0
Blowing Snow,Daylight,16,Tuesday,1,1,1.0
Blowing Snow,Daylight,17,Monday,2,2,1.0
Blowing Snow,Daylight,17,Saturday,2,3,1.5
Blowing Snow,Daylight,17,Sunday,1,1,1.0
Blowing Snow,Daylight,17,Tuesday,2,2,1.0
Blowing Snow,Daylight,17,Wednesday,1,1,1.0
Blowing Snow,Dusk,16,Saturday,1,3,3.0
Blowing Snow,Dusk,16,Sunday,1,1,1.0
Blowing Snow,Dusk,16,Thursday,1,1,1.0
Blowing Snow,Dusk,17,Sunday,1,1,1.0
Blowing Snow,Dusk,17,Tuesday,1,1,1.0
Blowing Snow,Dusk,17,Wednesday,1,1,1.0
Blowing Snow,Dusk,18,Friday,1,1,1.0
Blowing Snow,Dusk,20,Monday,1,1,1.0
Blowing Snow,Dusk,99,Saturday,1,1,1.0
Clear,Dark - Lighted,0,Friday,500,558,1.116
Clear,Dark - Lighted,0,Monday,505,543,1.0752475247524753
Clear,Dark - Lighted,0,Saturday,884,962,1.088235294117647
Clear,Dark - Lighted,0,Sunday,959,1078,1.1240875912408759
Clear,Dark - Lighted,0,Thursday,440,486,1.1045454545454545
Clear,Dark - Lighted,0,Tuesday,376,410,1.0904255319148937
Clear,Dark - Lighted,0,Wednesday,424,464,1.0943396226415094
Clear,Dark - Lighted,1,Friday,522,572,1.0957854406130267
Clear,Dark - Lighted,1,Monday,453,502,1.1081677704194262
Clear,Dark - Lighted,1,Saturday,947,1046,1.1045406546990497
Clear,Dark - Lighted,1,Sunday,1018,1122,1.1021611001964637
Clear,Dark - Lighted,1,Thursday,393,432,1.099236641221374
Clear,Dark - Lighted,1,Tuesday,315,331,1.0507936507936508
Clear,Dark - Lighted,1,Wednesday,339,367,1.0825958702064897
Clear,Dark - Lighted,2,Friday,499,546,1.094188376753507
Clear,Dark - Lighted,2,Monday,442,481,1.088235294117647
Clear,Dark - Lighted,2,Saturday,1088,1208,1.1102941176470589
Clear,Dark - Lighted,2,Sunday,1166,1326,1.137221269296741
Clear,Dark - Lighted,2,Thursday,377,415,1.1007957559681698
Clear,Dark - Lighted,2,Tuesday,249,271,1.0883534136546185
Clear,Dark - Lighted,2,Wednesday,282,304,1.0780141843971631
Clear,Dark - Lighted,3,Friday,326,349,1.0705521472392638
Clear,Dark - Lighted,3,Monday,288,305,1.0590277777777777
Clear,Dark - Lighted,3,Saturday,745,820,1.1006711409395973
Clear,Dark - Lighted,3,Sunday,804,908,1.1293532338308458
Clear,Dark - Lighted,3,Thursday,259,271,1.0463320463320462
Clear,Dark - Lighted,3,Tuesday,212,230,1.0849056603773586
Clear,Dark - Lighted,3,Wednesday,223,244,1.094170403587444
Clear,Dark - Lighted,4,Friday,288,309,1.0729166666666667
Clear,Dark - Lighted,4,Monday,264,284,1.0757575757575757
Clear,Dark - Lighted,4,Saturday,473,506,1.069767441860465
Clear,Dark - Lighted,4,Sunday,549,597,1.0874316939890711
Clear,Dark - Lighted,4,Thursday,240,251,1.0458333333333334
Clear,Dark - Lighted,4,Tuesday,197,209,1.0609137055837563
Clear,Dark - Lighted,4,Wednesday,216,238,1.1018518518518519
Clear,Dark - Lighted,5,Friday,285,297,1.0421052631578946
Clear,Dark - Lighted,5,Monday,291,307,1.0549828178694158
Clear,Dark - Lighted,5,Saturday,278,305,1.0971223021582734
Clear,Dark - Lighted,5,Sunday,281,302,1.0747330960854093
Clear,Dark - Lighted,5,Thursday,273,287,1.0512820512820513
Clear,Dark - Lighted,5,Tuesday,273,282,1.032967032967033
Clear,Dark - Lighted,5,Wednesday,257,266,1.0350194552529184
Clear,Dark - Lighted,6,Friday,176,185,1.0511363636363635
Clear,Dark - Lighted,6,Monday,151,154,1.0198675496688743
Clear,Dark - Lighted,6,Saturday,104,113,1.0865384615384615
Clear,Dark - Lighted,6,Sunday,114,125,1.0964912280701755
Clear,Dark - Lighted,6,Thursday,172,183,1.063953488372093
Clear,Dark - Lighted,6,Tuesday,198,205,1.0353535353535352
Clear,Dark - Lighted,6,Wednesday,161,164,1.0186335403726707
Clear,Dark - Lighted,7,Friday,21,21,1.0
Clear,Dark - Lighted,7,Monday,17,18,1.0588235294117647
Clear,Dark - Lighted,7,Saturday,19,20,1.0526315789473684
Clear,Dark - Lighted,7,Sunday,20,23,1.15
Clear,Dark - Lighted,7,Thursday,21,21,1.0
Clear,Dark - Lighted,7,Tuesday,13,13,1.0
Clear,Dark - Lighted,7,Wednesday,20,22,1.1
Clear,Dark - Lighted,8,Friday,5,5,1.0
Clear,Dark - Lighted,8,Monday,2,2,1.0
Clear,Dark - Lighted,8,Saturday,6,6,1.0
Clear,Dark - Lighted,8,Sunday,6,6,1.0
Clear,Dark - Lighted,8,Thursday,3,3,1.0
Clear,Dark - Lighted,8,Tuesday,2,2,1.0
Clear,Dark - Lighted,8,Wednesday,6,6,1.0
Clear,Dark - Lighted,9,Friday,1,1,1.0
Clear,Dark - Lighted,9,Monday,1,1,1.0
Clear,Dark - Lighted,10,Friday,1,1,1.0
Clear,Dark - Lighted,10,Monday,1,1,1.0
Clear,Dark - Lighted,10,Sunday,1,1,1.0
Clear,Dark - Lighted,11,Friday,2,2,1.0
Clear,Dark - Lighted,11,Monday,1,1,1.0
Clear,Dark - Lighted,11,Sunday,1,1,1.0
Clear,Dark - Lighted,12,Monday,1,1,1.0
Clear,Dark - Lighted,12,Thursday,1,1,1.0
Clear,Dark - Lighted,14,Sunday,1,1,1.0
Clear,Dark - Lighted,15,Monday,1,1,1.0
Clear,Dark - Lighted,15,Thursday,1,1,1.0
Clear,Dark - Lighted,16,Friday,22,22,1.0
Clear,Dark - Lighted,16,Monday,10,10,1.0
Clear,Dark - Lighted,16,Saturday,11,11,1.0
Clear,Dark - Lighted,16,Sunday,15,16,1.0666666666666667
Clear,Dark - Lighted,16,Thursday,21,21,1.0
Clear,Dark - Lighted,16,Tuesday,15,16,1.0666666666666667
Clear,Dark - Lighted,16,Wednesday,8,8,1.0
Clear,Dark - Lighted,17,Friday,177,178,1.0056497175141244
Clear,Dark - Lighted,17,Monday,169,174,1.029585798816568
Clear,Dark - Lighted,17,Saturday,166,170,1.0240963855421688
Clear,Dark - Lighted,17,Sunday,152,159,1.0460526315789473
Clear,Dark - Lighted,17,Thursday,162,168,1.037037037037037
Clear,Dark - Lighted,17,Tuesday,165,169,1.0242424242424242
Clear,Dark - Lighted,17,Wednesday,131,133,1.015267175572519
Clear,Dark - Lighted,18,Friday,414,428,1.0338164251207729
Clear,Dark - Lighted,18,Monday,329,345,1.0486322188449848
Clear,Dark - Lighted,18,Saturday,371,393,1.059299191374663
Clear,Dark - Lighted,18,Sunday,347,365,1.0518731988472623
Clear,Dark - Lighted,18,Thursday,383,394,1.0287206266318538
Clear,Dark - Lighted,18,Tuesday,343,361,1.0524781341107872
Clear,Dark - Lighted,18,Wednesday,360,369,1.025
Clear,Dark - Lighted,19,Friday,659,700,1.062215477996965
Clear,Dark - Lighted,19,Monday,449,466,1.0378619153674833
Clear,Dark - Lighted,19,Saturday,596,626,1.0503355704697988
Clear,Dark - Lighted,19,Sunday,507,528,1.0414201183431953
Clear,Dark - Lighted,19,Thursday,504,530,1.0515873015873016
Clear,Dark - Lighted,19,Tuesday,472,492,1.0423728813559323
Clear,Dark - Lighted,19,Wednesday,534,553,1.0355805243445693
Clear,Dark - Lighted,20,Friday,849,912,1.0742049469964665
Clear,Dark - Lighted,20,Monday,647,675,1.0432766615146831
Clear,Dark - Lighted,20,Saturday,901,943,1.04661487236404
Clear,Dark - Lighted,20,Sunday,799,844,1.0563204005006257
Clear,Dark - Lighted,20,Thursday,745,787,1.0563758389261746
Clear,Dark - Lighted,20,Tuesday,683,718,1.0512445095168375
Clear,Dark - Lighted,20,Wednesday,665,710,1.0676691729323309
Clear,Dark - Lighted,21,Friday,1057,1126,1.065279091769158
Clear,Dark - Lighted,21,Monday,700,744,1.062857142857143
Clear,Dark - Lighted,21,Saturday,1084,1168,1.0774907749077491
Clear,Dark - Lighted,21,Sunday,895,965,1.0782122905027933
Clear,Dark - Lighted,21,Thursday,829,870,1.0494571773220749
Clear,Dark - Lighted,21,Tuesday,700,746,1.0657142857142856
Clear,Dark - Lighted,21,Wednesday,762,813,1.0669291338582678
Clear,Dark - Lighted,22,Friday,1000,1058,1.058
Clear,Dark - Lighted,22,Monday,630,665,1.0555555555555556
Clear,Dark - Lighted,22,Saturday,996,1082,1.0863453815261044
Clear,Dark - Lighted,22,Sunday,782,839,1.0728900255754477
Clear,Dark - Lighted,22,Thursday,728,775,1.0645604395604396
Clear,Dark - Lighted,22,Tuesday,607,651,1.0724876441515652
Clear,Dark - Lighted,22,Wednesday,653,702,1.0750382848392037
Clear,Dark - Lighted,23,Friday,930,1004,1.0795698924731183
Clear,Dark - Lighted,23,Monday,476,528,1.1092436974789917
Clear,Dark - Lighted,23,Saturday,985,1078,1.0944162436548224
Clear,Dark - Lighted,23,Sunday,608,653,1.074013157894737
Clear,Dark - Lighted,23,Thursday,649,693,1.0677966101694916
Clear,Dark - Lighted,23,Tuesday,521,562,1.0786948176583493
Clear,Dark - Lighted,23,Wednesday,561,594,1.0588235294117647
Clear,Dark - Lighted,99,Friday,22,24,1.0909090909090908
Clear,Dark - Lighted,99,Monday,21,22,1.0476190476190477
Clear,Dark - Lighted,99,Saturday,27,28,1.037037037037037
Clear,Dark - Lighted,99,Sunday,29,30,1.0344827586206897
Clear,Dark - Lighted,99,Thursday,22,22,1.0
Clear,Dark - Lighted,99,Tuesday,16,16,1.0
Clear,Dark - Lighted,99,Wednesday,19,19,1.0
Clear,Dark - Not Lighted,0,Friday,654,702,1.073394495412844
Clear,Dark - Not Lighted,0,Monday,597,671,1.1239530988274706
Clear,Dark - Not Lighted,0,Saturday,1158,1295,1.118307426597582
Clear,Dark - Not Lighted,0,Sunday,1294,1421,1.098145285935085
Clear,Dark - Not Lighted,0,Thursday,511,544,1.0645792563600782
Clear,Dark - Not Lighted,0,Tuesday,431,477,1.1067285382830627
Clear,Dark - Not Lighted,0,Wednesday,526,567,1.0779467680608366
Clear,Dark - Not Lighted,1,Friday,535,592,1.1065420560747663
Clear,Dark - Not Lighted,1,Monday,470,510,1.0851063829787233
Clear,Dark - Not Lighted,1,Saturday,1103,1222,1.1078875793291025
Clear,Dark - Not Lighted,1,Sunday,1161,1311,1.1291989664082687
Clear,Dark - Not Lighted,1,Thursday,447,489,1.0939597315436242
Clear,Dark - Not Lighted,1,Tuesday,364,409,1.1236263736263736
Clear,Dark - Not Lighted,1,Wednesday,402,444,1.1044776119402986
Clear,Dark - Not Lighted,2,Friday,519,562,1.0828516377649327
Clear,Dark - Not Lighted,2,Monday,452,488,1.079646017699115
Clear,Dark - Not Lighted,2,Saturday,1167,1299,1.1131105398457584
Clear,Dark - Not Lighted,2,Sunday,1297,1463,1.12798766383963
Clear,Dark - Not Lighted,2,Thursday,432,456,1.0555555555555556
Clear,Dark - Not Lighted,2,Tuesday,316,341,1.0791139240506329
Clear,Dark - Not Lighted,2,Wednesday,360,416,1.1555555555555554
Clear,Dark - Not Lighted,3,Friday,451,498,1.1042128603104213
Clear,Dark - Not Lighted,3,Monday,380,427,1.1236842105263158
Clear,Dark - Not Lighted,3,Saturday,853,949,1.112543962485346
Clear,Dark - Not Lighted,3,Sunday,922,1045,1.1334056399132322
Clear,Dark - Not Lighted,3,Thursday,344,378,1.0988372093023255
Clear,Dark - Not Lighted,3,Tuesday,295,332,1.1254237288135593
Clear,Dark - Not Lighted,3,Wednesday,328,362,1.103658536585366
Clear,Dark - Not Lighted,4,Friday,434,475,1.0944700460829493
Clear,Dark - Not Lighted,4,Monday,352,381,1.0823863636363635
Clear,Dark - Not Lighted,4,Saturday,653,739,1.1316998468606432
Clear,Dark - Not Lighted,4,Sunday,714,791,1.107843137254902
Clear,Dark - Not Lighted,4,Thursday,329,360,1.094224924012158
Clear,Dark - Not Lighted,4,Tuesday,332,362,1.0903614457831325
Clear,Dark - Not Lighted,4,Wednesday,352,375,1.0653409090909092
Clear,Dark - Not Lighted,5,Friday,523,562,1.0745697896749522
Clear,Dark - Not Lighted,5,Monday,471,500,1.0615711252653928
Clear,Dark - Not Lighted,5,Saturday,532,576,1.0827067669172932
Clear,Dark - Not Lighted,5,Sunday,512,563,1.099609375
Clear,Dark - Not Lighted,5,Thursday,478,512,1.0711297071129706
Clear,Dark - Not Lighted,5,Tuesday,417,444,1.064748201438849
Clear,Dark - Not Lighted,5,Wednesday,495,533,1.0767676767676768
Clear,Dark - Not Lighted,6,Friday,351,371,1.056980056980057
Clear,Dark - Not Lighted,6,Monday,318,336,1.0566037735849056
Clear,Dark - Not Lighted,6,Saturday,276,296,1.0724637681159421
Clear,Dark - Not Lighted,6,Sunday,265,296,1.1169811320754717
Clear,Dark - Not Lighted,6,Thursday,355,381,1.0732394366197182
Clear,Dark - Not Lighted,6,Tuesday,337,356,1.056379821958457
Clear,Dark - Not Lighted,6,Wednesday,308,324,1.051948051948052
Clear,Dark - Not Lighted,7,Friday,53,60,1.1320754716981132
Clear,Dark - Not Lighted,7,Monday,52,55,1.0576923076923077
Clear,Dark - Not Lighted,7,Saturday,41,47,1.146341463414634
Clear,Dark - Not Lighted,7,Sunday,68,74,1.088235294117647
Clear,Dark - Not Lighted,7,Thursday,53,56,1.0566037735849056
Clear,Dark - Not Lighted,7,Tuesday,41,47,1.146341463414634
Clear,Dark - Not Lighted,7,Wednesday,48,52,1.0833333333333333
Clear,Dark - Not Lighted,8,Friday,9,9,1.0
Clear,Dark - Not Lighted,8,Monday,12,12,1.0
Clear,Dark - Not Lighted,8,Saturday,18,21,1.1666666666666667
Clear,Dark - Not Lighted,8,Sunday,30,32,1.0666666666666667
Clear,Dark - Not Lighted,8,Thursday,16,16,1.0
Clear,Dark - Not Lighted,8,Tuesday,14,16,1.1428571428571428
Clear,Dark - Not Lighted,8,Wednesday,7,7,1.0
Clear,Dark - Not Lighted,9,Monday,3,4,1.3333333333333333
Clear,Dark - Not Lighted,9,Sunday,3,3,1.0
Clear,Dark - Not Lighted,9,Thursday,3,3,1.0
Clear,Dark - Not Lighted,9,Tuesday,2,2,1.0
Clear,Dark - Not Lighted,9,Wednesday,1,1,1.0
Clear,Dark - Not Lighted,10,Sunday,1,1,1.0
Clear,Dark - Not Lighted,11,Friday,1,2,2.0
Clear,Dark - Not Lighted,11,Monday,1,1,1.0
Clear,Dark - Not Lighted,12,Sunday,1,1,1.0
Clear,Dark - Not Lighted,12,Thursday,1,1,1.0
Clear,Dark - Not Lighted,12,Tuesday,2,2,1.0
Clear,Dark - Not Lighted,14,Saturday,1,1,1.0
Clear,Dark - Not Lighted,14,Wednesday,1,1,1.0
Clear,Dark - Not Lighted,15,Friday,1,1,1.0
Clear,Dark - Not Lighted,15,Monday,2,4,2.0
Clear,Dark - Not Lighted,15,Sunday,2,2,1.0
Clear,Dark - Not Lighted,15,Wednesday,2,2,1.0
Clear,Dark - Not Lighted,16,Friday,22,23,1.0454545454545454
Clear,Dark - Not Lighted,16,Monday,13,14,1.0769230769230769
Clear,Dark - Not Lighted,16,Saturday,6,7,1.1666666666666667
Clear,Dark - Not Lighted,16,Sunday,12,12,1.0
Clear,Dark - Not Lighted,16,Thursday,13,13,1.0
Clear,Dark - Not Lighted,16,Tuesday,15,16,1.0666666666666667
Clear,Dark - Not Lighted,16,Wednesday,10,11,1.1
Clear,Dark - Not Lighted,17,Friday,193,214,1.1088082901554404
Clear,Dark - Not Lighted,17,Monday,172,180,1.0465116279069768
Clear,Dark - Not Lighted,17,Saturday,166,180,1.0843373493975903
Clear,Dark - Not Lighted,17,Sunday,155,170,1.096774193548387
Clear,Dark - Not Lighted,17,Thursday,186,199,1.0698924731182795
Clear,Dark - Not Lighted,17,Tuesday,178,190,1.0674157303370786
Clear,Dark - Not Lighted,17,Wednesday,170,180,1.0588235294117647
Clear,Dark - Not Lighted,18,Friday,451,496,1.099778270509978
Clear,Dark - Not Lighted,18,Monday,408,438,1.0735294117647058
Clear,Dark - Not Lighted,18,Saturday,480,536,1.1166666666666667
Clear,Dark - Not Lighted,18,Sunday,444,478,1.0765765765765767
Clear,Dark - Not Lighted,18,Thursday,455,474,1.0417582417582418
Clear,Dark - Not Lighted,18,Tuesday,407,444,1.0909090909090908
Clear,Dark - Not Lighted,18,Wednesday,430,477,1.1093023255813954
Clear,Dark - Not Lighted,19,Friday,724,789,1.089779005524862
Clear,Dark - Not Lighted,19,Monday,503,545,1.0834990059642147
Clear,Dark - Not Lighted,19,Saturday,696,760,1.0919540229885059
Clear,Dark - Not Lighted,19,Sunday,581,645,1.1101549053356283
Clear,Dark - Not Lighted,19,Thursday,559,609,1.0894454382826475
Clear,Dark - Not Lighted,19,Tuesday,494,535,1.082995951417004
Clear,Dark - Not Lighted,19,Wednesday,555,587,1.0576576576576577
Clear,Dark - Not Lighted,20,Friday,1076,1176,1.0929368029739777
Clear,Dark - Not Lighted,20,Monday,749,812,1.0841121495327102
Clear,Dark - Not Lighted,20,Saturday,1126,1242,1.103019538188277
Clear,Dark - Not Lighted,20,Sunday,948,1024,1.080168776371308
Clear,Dark - Not Lighted,20,Thursday,831,905,1.0890493381468112
Clear,Dark - Not Lighted,20,Tuesday,718,787,1.0961002785515321
Clear,Dark - Not Lighted,20,Wednesday,789,851,1.0785804816223068
Clear,Dark - Not Lighted,21,Friday,1260,1398,1.1095238095238096
Clear,Dark - Not Lighted,21,Monday,853,919,1.0773739742086752
Clear,Dark - Not Lighted,21,Saturday,1322,1469,1.111195158850227
Clear,Dark - Not Lighted,21,Sunday,1074,1172,1.091247672253259
Clear,Dark - Not Lighted,21,Thursday,947,1013,1.0696937697993665
Clear,Dark - Not Lighted,21,Tuesday,919,988,1.0750816104461371
Clear,Dark - Not Lighted,21,Wednesday,930,1002,1.0774193548387097
Clear,Dark - Not Lighted,22,Friday,1181,1304,1.1041490262489415
Clear,Dark - Not Lighted,22,Monday,676,733,1.084319526627219
Clear,Dark - Not Lighted,22,Saturday,1350,1492,1.1051851851851853
Clear,Dark - Not Lighted,22,Sunday,817,901,1.1028151774785802
Clear,Dark - Not Lighted,22,Thursday,850,937,1.1023529411764705
Clear,Dark - Not Lighted,22,Tuesday,688,739,1.0741279069767442
Clear,Dark - Not Lighted,22,Wednesday,735,804,1.0938775510204082
Clear,Dark - Not Lighted,23,Friday,1163,1277,1.0980223559759243
Clear,Dark - Not Lighted,23,Monday,597,647,1.083752093802345
Clear,Dark - Not Lighted,23,Saturday,1398,1571,1.1237482117310444
Clear,Dark - Not Lighted,23,Sunday,720,775,1.0763888888888888
Clear,Dark - Not Lighted,23,Thursday,750,804,1.072
Clear,Dark - Not Lighted,23,Tuesday,591,650,1.0998307952622672
Clear,Dark - Not Lighted,23,Wednesday,624,681,1.0913461538461537
Clear,Dark - Not Lighted,99,Friday,99,105,1.0606060606060606
Clear,Dark - Not Lighted,99,Monday,73,75,1.0273972602739727
Clear,Dark - Not Lighted,99,Saturday,146,160,1.095890410958904
Clear,Dark - Not Lighted,99,Sunday,176,189,1.0738636363636365
Clear,Dark - Not Lighted,99,Thursday,74,81,1.0945945945945945
Clear,Dark - Not Lighted,99,Tuesday,65,75,1.1538461538461537
Clear,Dark - Not Lighted,99,Wednesday,85,90,1.0588235294117647
Clear,Dark - Unknown Lighting,0,Friday,19,23,1.2105263157894737
Clear,Dark - Unknown Lighting,0,Monday,25,30,1.2
Clear,Dark - Unknown Lighting,0,Saturday,34,35,1.0294117647058822
Clear,Dark - Unknown Lighting,0,Sunday,32,33,1.03125
Clear,Dark - Unknown Lighting,0,Thursday,19,19,1.0
Clear,Dark - Unknown Lighting,0,Tuesday,15,15,1.0
Clear,Dark - Unknown Lighting,0,Wednesday,14,15,1.0714285714285714
Clear,Dark - Unknown Lighting,1,Friday,20,22,1.1
Clear,Dark - Unknown Lighting,1,Monday,13,13,1.0
Clear,Dark - Unknown Lighting,1,Saturday,34,37,1.088235294117647
Clear,Dark - Unknown Lighting,1,Sunday,20,20,1.0
Clear,Dark - Unknown Lighting,1,Thursday,16,17,1.0625
Clear,Dark - Unknown Lighting,1,Tuesday,12,14,1.1666666666666667
Clear,Dark - Unknown Lighting,1,Wednesday,12,12,1.0
Clear,Dark - Unknown Lighting,2,Friday,14,15,1.0714285714285714
Clear,Dark - Unknown Lighting,2,Monday,11,12,1.0909090909090908
Clear,Dark - Unknown Lighting,2,Saturday,30,35,1.1666666666666667
Clear,Dark - Unknown Lighting,2,Sunday,30,32,1.0666666666666667
Clear,Dark - Unknown Lighting,2,Thursday,10,10,1.0
Clear,Dark - Unknown Lighting,2,Tuesday,13,15,1.1538461538461537
Clear,Dark - Unknown Lighting,2,Wednesday,15,16,1.0666666666666667
Clear,Dark - Unknown Lighting,3,Friday,11,11,1.0
Clear,Dark - Unknown Lighting,3,Monday,11,15,1.3636363636363635
Clear,Dark - Unknown Lighting,3,Saturday,31,32,1.032258064516129
Clear,Dark - Unknown Lighting,3,Sunday,35,40,1.1428571428571428
Clear,Dark - Unknown Lighting,3,Thursday,9,10,1.1111111111111112
Clear,Dark - Unknown Lighting,3,Tuesday,9,9,1.0
Clear,Dark - Unknown Lighting,3,Wednesday,6,6,1.0
Clear,Dark - Unknown Lighting,4,Friday,10,11,1.1
Clear,Dark - Unknown Lighting,4,Monday,11,11,1.0
Clear,Dark - Unknown Lighting,4,Saturday,17,21,1.2352941176470589
Clear,Dark - Unknown Lighting,4,Sunday,21,25,1.1904761904761905
Clear,Dark - Unknown Lighting,4,Thursday,9,11,1.2222222222222223
Clear,Dark - Unknown Lighting,4,Tuesday,12,14,1.1666666666666667
Clear,Dark - Unknown Lighting,4,Wednesday,4,4,1.0
Clear,Dark - Unknown Lighting,5,Friday,10,14,1.4
Clear,Dark - Unknown Lighting,5,Monday,8,8,1.0
Clear,Dark - Unknown Lighting,5,Saturday,17,20,1.1764705882352942
Clear,Dark - Unknown Lighting,5,Sunday,23,25,1.0869565217391304
Clear,Dark - Unknown Lighting,5,Thursday,9,9,1.0
Clear,Dark - Unknown Lighting,5,Tuesday,12,12,1.0
Clear,Dark - Unknown Lighting,5,Wednesday,7,7,1.0
Clear,Dark - Unknown Lighting,6,Friday,10,12,1.2
Clear,Dark - Unknown Lighting,6,Monday,11,12,1.0909090909090908
Clear,Dark - Unknown Lighting,6,Saturday,15,15,1.0
Clear,Dark - Unknown Lighting,6,Sunday,6,6,1.0
Clear,Dark - Unknown Lighting,6,Thursday,11,11,1.0
Clear,Dark - Unknown Lighting,6,Tuesday,15,16,1.0666666666666667
Clear,Dark - Unknown Lighting,6,Wednesday,15,16,1.0666666666666667
Clear,Dark - Unknown Lighting,7,Friday,1,1,1.0
Clear,Dark - Unknown Lighting,7,Monday,3,3,1.0
Clear,Dark - Unknown Lighting,7,Saturday,5,5,1.0
Clear,Dark - Unknown Lighting,7,Sunday,2,2,1.0
Clear,Dark - Unknown Lighting,7,Thursday,4,4,1.0
Clear,Dark - Unknown Lighting,7,Tuesday,1,1,1.0
Clear,Dark - Unknown Lighting,7,Wednesday,4,5,1.25
Clear,Dark - Unknown Lighting,8,Sunday,3,3,1.0
Clear,Dark - Unknown Lighting,8,Thursday,1,1,1.0
Clear,Dark - Unknown Lighting,16,Monday,2,2,1.0
Clear,Dark - Unknown Lighting,16,Saturday,1,1,1.0
Clear,Dark - Unknown Lighting,16,Wednesday,1,1,1.0
Clear,Dark - Unknown Lighting,17,Friday,10,10,1.0
Clear,Dark - Unknown Lighting,17,Monday,6,6,1.0
Clear,Dark - Unknown Lighting,17,Saturday,4,4,1.0
Clear,Dark - Unknown Lighting,17,Sunday,7,7,1.0
Clear,Dark - Unknown Lighting,17,Thursday,2,2,1.0
Clear,Dark - Unknown Lighting,17,Tuesday,6,6,1.0
Clear,Dark - Unknown Lighting,17,Wednesday,5,6,1.2
Clear,Dark - Unknown Lighting,18,Friday,17,18,1.0588235294117647
Clear,Dark - Unknown Lighting,18,Monday,12,12,1.0
Clear,Dark - Unknown Lighting,18,Saturday,10,10,1.0
Clear,Dark - Unknown Lighting,18,Sunday,13,13,1.0
Clear,Dark - Unknown Lighting,18,Thursday,11,11,1.0
Clear,Dark - Unknown Lighting,18,Tuesday,12,13,1.0833333333333333
Clear,Dark - Unknown Lighting,18,Wednesday,5,5,1.0
Clear,Dark - Unknown Lighting,19,Friday,12,12,1.0
Clear,Dark - Unknown Lighting,19,Monday,10,10,1.0
Clear,Dark - Unknown Lighting,19,Saturday,11,11,1.0
Clear,Dark - Unknown Lighting,19,Sunday,13,14,1.0769230769230769
Clear,Dark - Unknown Lighting,19,Thursday,13,14,1.0769230769230769
Clear,Dark - Unknown Lighting,19,Tuesday,16,17,1.0625
Clear,Dark - Unknown Lighting,19,Wednesday,15,17,1.1333333333333333
Clear,Dark - Unknown Lighting,20,Friday,24,27,1.125
Clear,Dark - Unknown Lighting,20,Monday,17,18,1.0588235294117647
Clear,Dark - Unknown Lighting,20,Saturday,30,34,1.1333333333333333
Clear,Dark - Unknown Lighting,20,Sunday,23,25,1.0869565217391304
Clear,Dark - Unknown Lighting,20,Thursday,25,28,1.12
Clear,Dark - Unknown Lighting,20,Tuesday,14,15,1.0714285714285714
Clear,Dark - Unknown Lighting,20,Wednesday,22,22,1.0
Clear,Dark - Unknown Lighting,21,Friday,30,34,1.1333333333333333
Clear,Dark - Unknown Lighting,21,Monday,28,28,1.0
Clear,Dark - Unknown Lighting,21,Saturday,30,38,1.2666666666666666
Clear,Dark - Unknown Lighting,21,Sunday,12,13,1.0833333333333333
Clear,Dark - Unknown Lighting,21,Thursday,28,29,1.0357142857142858
Clear,Dark - Unknown Lighting,21,Tuesday,19,19,1.0
Clear,Dark - Unknown Lighting,21,Wednesday,22,23,1.0454545454545454
Clear,Dark - Unknown Lighting,22,Friday,35,40,1.1428571428571428
Clear,Dark - Unknown Lighting,22,Monday,31,33,1.064516129032258
Clear,Dark - Unknown Lighting,22,Saturday,34,34,1.0
Clear,Dark - Unknown Lighting,22,Sunday,32,35,1.09375
Clear,Dark - Unknown Lighting,22,Thursday,16,17,1.0625
Clear,Dark - Unknown Lighting,22,Tuesday,21,22,1.0476190476190477
Clear,Dark - Unknown Lighting,22,Wednesday,21,21,1.0
Clear,Dark - Unknown Lighting,23,Friday,34,39,1.1470588235294117
Clear,Dark - Unknown Lighting,23,Monday,21,21,1.0
Clear,Dark - Unknown Lighting,23,Saturday,36,39,1.0833333333333333
Clear,Dark - Unknown Lighting,23,Sunday,16,19,1.1875
Clear,Dark - Unknown Lighting,23,Thursday,21,21,1.0
Clear,Dark - Unknown Lighting,23,Tuesday,22,23,1.0454545454545454
Clear,Dark - Unknown Lighting,23,Wednesday,19,23,1.2105263157894737
Clear,Dark - Unknown Lighting,99,Monday,3,3,1.0
Clear,Dark - Unknown Lighting,99,Saturday,2,2,1.0
Clear,Dark - Unknown Lighting,99,Sunday,4,6,1.5
Clear,Dark - Unknown Lighting,99,Thursday,2,2,1.0
Clear,Dark - Unknown Lighting,99,Tuesday,2,2,1.0
Clear,Dawn,3,Monday,1,1,1.0
Clear,Dawn,3,Saturday,2,2,1.0
Clear,Dawn,3,Sunday,1,1,1.0
Clear,Dawn,4,Friday,19,22,1.1578947368421053
Clear,Dawn,4,Monday,11,11,1.0
Clear,Dawn,4,Saturday,23,27,1.173913043478261
Clear,Dawn,4,Sunday,31,32,1.032258064516129
Clear,Dawn,4,Thursday,19,20,1.0526315789473684
Clear,Dawn,4,Tuesday,14,14,1.0
Clear,Dawn,4,Wednesday,15,15,1.0
Clear,Dawn,5,Friday,146,155,1.0616438356164384
Clear,Dawn,5,Monday,145,158,1.089655172413793
Clear,Dawn,5,Saturday,144,155,1.0763888888888888
Clear,Dawn,5,Sunday,140,156,1.1142857142857143
Clear,Dawn,5,Thursday,140,149,1.0642857142857143
Clear,Dawn,5,Tuesday,153,162,1.0588235294117647
Clear,Dawn,5,Wednesday,128,138,1.078125
Clear,Dawn,6,Friday,290,313,1.0793103448275863
Clear,Dawn,6,Monday,274,303,1.1058394160583942
Clear,Dawn,6,Saturday,242,262,1.0826446280991735
Clear,Dawn,6,Sunday,227,253,1.1145374449339207
Clear,Dawn,6,Thursday,286,306,1.06993006993007
Clear,Dawn,6,Tuesday,293,309,1.0546075085324231
Clear,Dawn,6,Wednesday,293,317,1.081911262798635
Clear,Dawn,7,Friday,119,125,1.050420168067227
Clear,Dawn,7,Monday,116,125,1.0775862068965518
Clear,Dawn,7,Saturday,93,101,1.086021505376344
Clear,Dawn,7,Sunday,82,91,1.1097560975609757
Clear,Dawn,7,Thursday,104,106,1.0192307692307692
Clear,Dawn,7,Tuesday,105,115,1.0952380952380953
Clear,Dawn,7,Wednesday,99,105,1.0606060606060606
Clear,Dawn,8,Friday,11,11,1.0
Clear,Dawn,8,Monday,10,10,1.0
Clear,Dawn,8,Saturday,10,10,1.0
Clear,Dawn,8,Sunday,7,7,1.0
Clear,Dawn,8,Thursday,11,11,1.0
Clear,Dawn,8,Tuesday,7,7,1.0
Clear,Dawn,8,Wednesday,9,10,1.1111111111111112
Clear,Dawn,99,Friday,2,2,1.0
Clear,Dawn,99,Monday,4,4,1.0
Clear,Dawn,99,Saturday,2,2,1.0
Clear,Dawn,99,Sunday,2,2,1.0
Clear,Dawn,99,Thursday,2,2,1.0
Clear,Dawn,99,Tuesday,3,3,1.0
Clear,Dawn,99,Wednesday,5,5,1.0
Clear,Daylight,0,Friday,1,1,1.0
Clear,Daylight,0,Sunday,1,1,1.0
Clear,Daylight,0,Wednesday,1,1,1.0
Clear,Daylight,1,Friday,1,1,1.0
Clear,Daylight,1,Saturday,1,1,1.0
Clear,Daylight,1,Thursday,1,1,1.0
Clear,Daylight,2,Saturday,1,1,1.0
Clear,Daylight,2,Thursday,1,1,1.0
Clear,Daylight,3,Tuesday,1,1,1.0
Clear,Daylight,4,Friday,10,10,1.0
Clear,Daylight,4,Monday,9,9,1.0
Clear,Daylight,4,Saturday,14,14,1.0
Clear,Daylight,4,Sunday,10,11,1.1
Clear,Daylight,4,Thursday,16,16,1.0
Clear,Daylight,4,Tuesday,14,14,1.0
Clear,Daylight,4,Wednesday,8,8,1.0
Clear,Daylight,5,Friday,77,83,1.077922077922078
Clear,Daylight,5,Monday,46,49,1.065217391304348
Clear,Daylight,5,Saturday,53,54,1.0188679245283019
Clear,Daylight,5,Sunday,43,47,1.0930232558139534
Clear,Daylight,5,Thursday,66,66,1.0
Clear,Daylight,5,Tuesday,52,55,1.0576923076923077
Clear,Daylight,5,Wednesday,60,63,1.05
Clear,Daylight,6,Friday,360,387,1.075
Clear,Daylight,6,Monday,321,339,1.0560747663551402
Clear,Daylight,6,Saturday,292,318,1.0890410958904109
Clear,Daylight,6,Sunday,279,299,1.07168458781362
Clear,Daylight,6,Thursday,377,399,1.0583554376657824
Clear,Daylight,6,Tuesday,354,378,1.0677966101694916
Clear,Daylight,6,Wednesday,357,380,1.0644257703081232
Clear,Daylight,7,Friday,828,895,1.0809178743961352
Clear,Daylight,7,Monday,855,921,1.0771929824561404
Clear,Daylight,7,Saturday,647,727,1.1236476043276662
Clear,Daylight,7,Sunday,531,586,1.103578154425612
Clear,Daylight,7,Thursday,837,898,1.0728793309438471
Clear,Daylight,7,Tuesday,879,939,1.068259385665529
Clear,Daylight,7,Wednesday,896,959,1.0703125
Clear,Daylight,8,Friday,878,937,1.0671981776765376
Clear,Daylight,8,Monday,860,925,1.0755813953488371
Clear,Daylight,8,Saturday,716,777,1.085195530726257
Clear,Daylight,8,Sunday,558,613,1.0985663082437276
Clear,Daylight,8,Thursday,836,901,1.0777511961722488
Clear,Daylight,8,Tuesday,849,915,1.0777385159010602
Clear,Daylight,8,Wednesday,825,867,1.050909090909091
Clear,Daylight,9,Friday,885,948,1.071186440677966
Clear,Daylight,9,Monday,865,921,1.0647398843930636
Clear,Daylight,9,Saturday,852,923,1.0833333333333333
Clear,Daylight,9,Sunday,717,777,1.0836820083682008
Clear,Daylight,9,Thursday,902,977,1.083148558758315
Clear,Daylight,9,Tuesday,869,933,1.0736478711162256
Clear,Daylight,9,Wednesday,847,916,1.0814639905548997
Clear,Daylight,10,Friday,1026,1099,1.071150097465887
Clear,Daylight,10,Monday,950,1021,1.0747368421052632
Clear,Daylight,10,Saturday,1066,1159,1.0872420262664164
Clear,Daylight,10,Sunday,860,924,1.0744186046511628
Clear,Daylight,10,Thursday,944,1036,1.097457627118644
Clear,Daylight,10,Tuesday,913,980,1.0733844468784228
Clear,Daylight,10,Wednesday,973,1064,1.0935251798561152
Clear,Daylight,11,Friday,1151,1259,1.0938314509122502
Clear,Daylight,11,Monday,1123,1206,1.0739091718610865
Clear,Daylight,11,Saturday,1218,1338,1.0985221674876848
Clear,Daylight,11,Sunday,1064,1168,1.0977443609022557
Clear,Daylight,11,Thursday,1101,1206,1.095367847411444
Clear,Daylight,11,Tuesday,1070,1141,1.0663551401869158
Clear,Daylight,11,Wednesday,1034,1117,1.0802707930367506
Clear,Daylight,12,Friday,1371,1488,1.0853391684901532
Clear,Daylight,12,Monday,1154,1266,1.097053726169844
Clear,Daylight,12,Saturday,1387,1508,1.087238644556597
Clear,Daylight,12,Sunday,1187,1286,1.0834035383319292
Clear,Daylight,12,Thursday,1159,1269,1.094909404659189
Clear,Daylight,12,Tuesday,1162,1270,1.0929432013769362
Clear,Daylight,12,Wednesday,1239,1368,1.1041162227602905
Clear,Daylight,13,Friday,1383,1528,1.1048445408532177
Clear,Daylight,13,Monday,1302,1410,1.0829493087557605
Clear,Daylight,13,Saturday,1468,1631,1.1110354223433243
Clear,Daylight,13,Sunday,1307,1440,1.1017597551644989
Clear,Daylight,13,Thursday,1332,1438,1.0795795795795795
Clear,Daylight,13,Tuesday,1273,1375,1.08012568735271
Clear,Daylight,13,Wednesday,1301,1409,1.0830130668716371
Clear,Daylight,14,Friday,1576,1713,1.0869289340101522
Clear,Daylight,14,Monday,1415,1534,1.0840989399293286
Clear,Daylight,14,Saturday,1626,1765,1.0854858548585486
Clear,Daylight,14,Sunday,1449,1588,1.095928226363009
Clear,Daylight,14,Thursday,1429,1557,1.0895731280615815
Clear,Daylight,14,Tuesday,1498,1665,1.1114819759679573
Clear,Daylight,14,Wednesday,1504,1620,1.077127659574468
Clear,Daylight,15,Friday,1839,2013,1.0946166394779773
Clear,Daylight,15,Monday,1543,1679,1.088139987038237
Clear,Daylight,15,Saturday,1783,1975,1.1076836791923723
Clear,Daylight,15,Sunday,1625,1769,1.0886153846153845
Clear,Daylight,15,Thursday,1639,1786,1.0896888346552775
Clear,Daylight,15,Tuesday,1556,1691,1.0867609254498716
Clear,Daylight,15,Wednesday,1589,1748,1.1000629326620517
Clear,Daylight,16,Friday,1773,1954,1.102086858432036
Clear,Daylight,16,Monday,1510,1641,1.0867549668874172
Clear,Daylight,16,Saturday,1744,1926,1.1043577981651376
Clear,Daylight,16,Sunday,1631,1804,1.1060698957694666
Clear,Daylight,16,Thursday,1559,1694,1.0865939704939063
Clear,Daylight,16,Tuesday,1579,1730,1.0956301456618114
Clear,Daylight,16,Wednesday,1482,1594,1.0755735492577598
Clear,Daylight,17,Friday,1432,1554,1.085195530726257
Clear,Daylight,17,Monday,1153,1231,1.0676496097137902
Clear,Daylight,17,Saturday,1524,1688,1.1076115485564304
Clear,Daylight,17,Sunday,1417,1533,1.081863091037403
Clear,Daylight,17,Thursday,1219,1306,1.0713699753896637
Clear,Daylight,17,Tuesday,1239,1346,1.0863599677159
Clear,Daylight,17,Wednesday,1283,1387,1.0810600155884644
Clear,Daylight,18,Friday,1094,1208,1.1042047531992687
Clear,Daylight,18,Monday,852,920,1.07981220657277
Clear,Daylight,18,Saturday,1233,1321,1.0713706407137065
Clear,Daylight,18,Sunday,1137,1238,1.088830255057168
Clear,Daylight,18,Thursday,898,961,1.0701559020044544
Clear,Daylight,18,Tuesday,823,890,1.0814094775212637
Clear,Daylight,18,Wednesday,886,951,1.0733634311512414
Clear,Daylight,19,Friday,650,712,1.0953846153846154
Clear,Daylight,19,Monday,521,560,1.0748560460652592
Clear,Daylight,19,Saturday,786,854,1.0865139949109415
Clear,Daylight,19,Sunday,710,796,1.1211267605633803
Clear,Daylight,19,Thursday,525,569,1.0838095238095238
Clear,Daylight,19,Tuesday,470,510,1.0851063829787233
Clear,Daylight,19,Wednesday,483,507,1.049689440993789
Clear,Daylight,20,Friday,191,204,1.068062827225131
Clear,Daylight,20,Monday,152,163,1.0723684210526316
Clear,Daylight,20,Saturday,220,241,1.0954545454545455
Clear,Daylight,20,Sunday,161,173,1.0745341614906831
Clear,Daylight,20,Thursday,150,162,1.08
Clear,Daylight,20,Tuesday,166,176,1.0602409638554218
Clear,Daylight,20,Wednesday,141,155,1.099290780141844
Clear,Daylight,21,Friday,43,46,1.069767441860465
Clear,Daylight,21,Monday,27,28,1.037037037037037
Clear,Daylight,21,Saturday,38,38,1.0
Clear,Daylight,21,Sunday,28,28,1.0
Clear,Daylight,21,Thursday,33,34,1.0303030303030303
Clear,Daylight,21,Tuesday,29,31,1.0689655172413792
Clear,Daylight,21,Wednesday,27,30,1.1111111111111112
Clear,Daylight,22,Friday,20,24,1.2
Clear,Daylight,22,Monday,10,12,1.2
Clear,Daylight,22,Saturday,25,27,1.08
Clear,Daylight,22,Sunday,16,17,1.0625
Clear,Daylight,22,Thursday,17,18,1.0588235294117647
Clear,Daylight,22,Tuesday,12,12,1.0
Clear,Daylight,22,Wednesday,19,21,1.105263157894737
Clear,Daylight,23,Saturday,1,1,1.0
Clear,Daylight,23,Thursday,1,1,1.0
Clear,Daylight,23,Tuesday,1,1,1.0
Clear,Daylight,99,Friday,45,47,1.0444444444444445
Clear,Daylight,99,Monday,47,48,1.0212765957446808
Clear,Daylight,99,Saturday,52,54,1.0384615384615385
Clear,Daylight,99,Sunday,46,49,1.065217391304348
Clear,Daylight,99,Thursday,46,50,1.0869565217391304
Clear,Daylight,99,Tuesday,46,49,1.065217391304348
Clear,Daylight,99,Wednesday,37,39,1.054054054054054
Clear,Dusk,0,Friday,1,1,1.0
Clear,Dusk,0,Thursday,1,1,1.0
Clear,Dusk,0,Tuesday,1,2,2.0
Clear,Dusk,2,Monday,1,1,1.0
Clear,Dusk,5,Sunday,1,1,1.0
Clear,Dusk,7,Monday,1,4,4.0
Clear,Dusk,7,Tuesday,1,1,1.0
Clear,Dusk,8,Sunday,1,1,1.0
Clear,Dusk,15,Friday,1,1,1.0
Clear,Dusk,15,Monday,1,1,1.0
Clear,Dusk,15,Saturday,1,1,1.0
Clear,Dusk,15,Sunday,1,1,1.0
Clear,Dusk,15,Thursday,1,1,1.0
Clear,Dusk,15,Tuesday,2,2,1.0
Clear,Dusk,15,Wednesday,1,1,1.0
Clear,Dusk,16,Friday,73,84,1.1506849315068493
Clear,Dusk,16,Monday,49,53,1.0816326530612246
Clear,Dusk,16,Saturday,54,61,1.1296296296296295
Clear,Dusk,16,Sunday,48,51,1.0625
Clear,Dusk,16,Thursday,49,55,1.1224489795918366
Clear,Dusk,16,Tuesday,50,52,1.04
Clear,Dusk,16,Wednesday,53,59,1.1132075471698113
Clear,Dusk,17,Friday,146,151,1.0342465753424657
Clear,Dusk,17,Monday,139,152,1.0935251798561152
Clear,Dusk,17,Saturday,149,161,1.080536912751678
Clear,Dusk,17,Sunday,134,146,1.0895522388059702
Clear,Dusk,17,Thursday,152,166,1.0921052631578947
Clear,Dusk,17,Tuesday,137,146,1.0656934306569343
Clear,Dusk,17,Wednesday,148,157,1.0608108108108107
Clear,Dusk,18,Friday,205,221,1.078048780487805
Clear,Dusk,18,Monday,152,165,1.0855263157894737
Clear,Dusk,18,Saturday,200,224,1.12
Clear,Dusk,18,Sunday,167,185,1.1077844311377245
Clear,Dusk,18,Thursday,161,182,1.1304347826086956
Clear,Dusk,18,Tuesday,155,158,1.0193548387096774
Clear,Dusk,18,Wednesday,163,172,1.0552147239263803
Clear,Dusk,19,Friday,239,268,1.1213389121338913
Clear,Dusk,19,Monday,188,203,1.0797872340425532
Clear,Dusk,19,Saturday,282,308,1.0921985815602837
Clear,Dusk,19,Sunday,254,277,1.0905511811023623
Clear,Dusk,19,Thursday,189,204,1.0793650793650793
Clear,Dusk,19,Tuesday,165,184,1.1151515151515152
Clear,Dusk,19,Wednesday,179,187,1.0446927374301676
Clear,Dusk,20,Friday,189,212,1.1216931216931216
Clear,Dusk,20,Monday,137,150,1.094890510948905
Clear,Dusk,20,Saturday,223,248,1.1121076233183858
Clear,Dusk,20,Sunday,223,247,1.1076233183856503
Clear,Dusk,20,Thursday,152,156,1.0263157894736843
Clear,Dusk,20,Tuesday,135,148,1.0962962962962963
Clear,Dusk,20,Wednesday,165,180,1.0909090909090908
Clear,Dusk,21,Friday,54,59,1.0925925925925926
Clear,Dusk,21,Monday,36,39,1.0833333333333333
Clear,Dusk,21,Saturday,58,62,1.0689655172413792
Clear,Dusk,21,Sunday,44,48,1.0909090909090908
Clear,Dusk,21,Thursday,25,27,1.08
Clear,Dusk,21,Tuesday,43,47,1.0930232558139534
Clear,Dusk,21,Wednesday,40,42,1.05
Clear,Dusk,22,Friday,2,3,1.5
Clear,Dusk,22,Monday,2,2,1.0
Clear,Dusk,22,Saturday,1,1,1.0
Clear,Dusk,22,Thursday,3,3,1.0
Clear,Dusk,22,Tuesday,1,1,1.0
Clear,Dusk,99,Friday,2,2,1.0
Clear,Dusk,99,Monday,2,2,1.0
Clear,Dusk,99,Saturday,1,1,1.0
Clear,Dusk,99,Sunday,2,2,1.0
Clear,Dusk,99,Thursday,4,4,1.0
Clear,Dusk,99,Tuesday,6,6,1.0
Clear,Not Reported,0,Friday,2,2,1.0
Clear,Not Reported,0,Saturday,1,2,2.0
Clear,Not Reported,0,Sunday,1,1,1.0
Clear,Not Reported,0,Thursday,1,1,1.0
Clear,Not Reported,1,Monday,2,2,1.0
Clear,Not Reported,1,Saturday,1,1,1.0
Clear,Not Reported,1,Sunday,1,1,1.0
Clear,Not Reported,2,Friday,1,1,1.0
Clear,Not Reported,2,Monday,1,2,2.0
Clear,Not Reported,2,Saturday,3,3,1.0
Clear,Not Reported,2,Tuesday,1,1,1.0
Clear,Not Reported,4,Thursday,1,2,2.0
Clear,Not Reported,5,Thursday,1,1,1.0
Clear,Not Reported,5,Tuesday,1,1,1.0
Clear,Not Reported,6,Saturday,1,1,1.0
Clear,Not Reported,6,Thursday,1,1,1.0
Clear,Not Reported,6,Wednesday,2,2,1.0
Clear,Not Reported,9,Friday,1,1,1.0
Clear,Not Reported,9,Monday,1,1,1.0
Clear,Not Reported,9,Sunday,1,1,1.0
Clear,Not Reported,9,Thursday,1,1,1.0
Clear,Not Reported,10,Monday,1,1,1.0
Clear,Not Reported,10,Saturday,1,1,1.0
Clear,Not Reported,10,Wednesday,2,2,1.0
Clear,Not Reported,11,Sunday,1,1,1.0
Clear,Not Reported,12,Monday,2,2,1.0
Clear,Not Reported,12,Saturday,1,2,2.0
Clear,Not Reported,12,Sunday,1,1,1.0
Clear,Not Reported,13,Saturday,3,3,1.0
Clear,Not Reported,15,Monday,1,1,1.0
Clear,Not Reported,15,Sunday,2,2,1.0
Clear,Not Reported,15,Thursday,2,2,1.0
Clear,Not Reported,17,Saturday,1,1,1.0
Clear,Not Reported,17,Sunday,1,1,1.0
Clear,Not Reported,17,Wednesday,1,1,1.0
Clear,Not Reported,18,Friday,1,1,1.0
Clear,Not Reported,18,Thursday,1,1,1.0
Clear,Not Reported,19,Friday,1,1,1.0
Clear,Not Reported,19,Monday,2,2,1.0
Clear,Not Reported,19,Thursday,1,1,1.0
Clear,Not Reported,19,Tuesday,2,2,1.0
Clear,Not Reported,20,Friday,1,1,1.0
Clear,Not Reported,20,Saturday,1,1,1.0
Clear,Not Reported,20,Sunday,1,1,1.0
Clear,Not Reported,20,Wednesday,1,1,1.0
Clear,Not Reported,21,Friday,2,2,1.0
Clear,Not Reported,21,Sunday,2,2,1.0
Clear,Not Reported,22,Friday,3,3,1.0
Clear,Not Reported,22,Saturday,2,2,1.0
Clear,Not Reported,22,Sunday,1,1,1.0
Clear,Not Reported,23,Saturday,1,1,1.0
Clear,Not Reported,23,Sunday,2,2,1.0
Clear,Not Reported,99,Thursday,1,1,1.0
Clear,Other,0,Saturday,2,2,1.0
Clear,Other,0,Thursday,1,1,1.0
Clear,Other,1,Friday,1,1,1.0
Clear,Other,1,Monday,1,1,1.0
Clear,Other,1,Wednesday,1,1,1.0
Clear,Other,2,Friday,1,1,1.0
Clear,Other,2,Monday,1,1,1.0
Clear,Other,2,Sunday,2,2,1.0
Clear,Other,2,Tuesday,1,1,1.0
Clear,Other,3,Saturday,2,2,1.0
Clear,Other,3,Sunday,1,2,2.0
Clear,Other,6,Friday,1,1,1.0
Clear,Other,6,Saturday,1,1,1.0
Clear,Other,6,Thursday,2,2,1.0
Clear,Other,6,Tuesday,2,2,1.0
Clear,Other,6,Wednesday,1,1,1.0
Clear,Other,7,Monday,1,1,1.0
Clear,Other,7,Thursday,1,1,1.0
Clear,Other,7,Tuesday,2,2,1.0
Clear,Other,8,Friday,2,2,1.0
Clear,Other,9,Sunday,1,1,1.0
Clear,Other,10,Friday,1,1,1.0
Clear,Other,10,Saturday,1,1,1.0
Clear,Other,10,Sunday,1,1,1.0
Clear,Other,11,Monday,1,1,1.0
Clear,Other,11,Saturday,1,1,1.0
Clear,Other,11,Sunday,1,1,1.0
Clear,Other,14,Saturday,2,2,1.0
Clear,Other,15,Thursday,1,1,1.0
Clear,Other,16,Monday,1,1,1.0
Clear,Other,17,Friday,1,1,1.0
Clear,Other,17,Sunday,1,1,1.0
Clear,Other,17,Thursday,2,2,1.0
Clear,Other,18,Monday,2,3,1.5
Clear,Other,18,Saturday,1,1,1.0
Clear,Other,19,Friday,2,2,1.0
Clear,Other,19,Sunday,1,1,1.0
Clear,Other,19,Tuesday,2,2,1.0
Clear,Other,19,Wednesday,1,1,1.0
Clear,Other,20,Friday,2,2,1.0
Clear,Other,20,Saturday,4,4,1.0
Clear,Other,20,Tuesday,1,1,1.0
Clear,Other,20,Wednesday,1,1,1.0
Clear,Other,21,Friday,1,1,1.0
Clear,Other,21,Saturday,3,3,1.0
Clear,Other,21,Sunday,3,3,1.0
Clear,Other,21,Tuesday,1,1,1.0
Clear,Other,21,Wednesday,1,1,1.0
Clear,Other,22,Monday,2,2,1.0
Clear,Other,22,Saturday,1,1,1.0
Clear,Other,22,Sunday,1,1,1.0
Clear,Other,22,Tuesday,1,1,1.0
Clear,Other,23,Friday,1,1,1.0
Clear,Other,23,Saturday,1,2,2.0
Clear,Other,23,Thursday,1,1,1.0
Clear,Other,23,Wednesday,1,1,1.0
Clear,Other,99,Friday,2,2,1.0
Clear,Reported as Unknown,0,Friday,1,1,1.0
Clear,Reported as Unknown,0,Wednesday,1,1,1.0
Clear,Reported as Unknown,1,Thursday,1,1,1.0
Clear,Reported as Unknown,4,Monday,1,1,1.0
Clear,Reported as Unknown,4,Saturday,1,1,1.0
Clear,Reported as Unknown,4,Sunday,1,1,1.0
Clear,Reported as Unknown,4,Thursday,1,1,1.0
Clear,Reported as Unknown,5,Friday,2,2,1.0
Clear,Reported as Unknown,5,Monday,4,4,1.0
Clear,Reported as Unknown,5,Saturday,2,2,1.0
Clear,Reported as Unknown,5,Sunday,4,6,1.5
Clear,Reported as Unknown,5,Thursday,1,1,1.0
Clear,Reported as Unknown,5,Tuesday,2,2,1.0
Clear,Reported as Unknown,5,Wednesday,1,2,2.0
Clear,Reported as Unknown,6,Friday,2,2,1.0
Clear,Reported as Unknown,6,Monday,3,3,1.0
Clear,Reported as Unknown,6,Saturday,4,4,1.0
Clear,Reported as Unknown,6,Sunday,2,2,1.0
Clear,Reported as Unknown,6,Thursday,4,4,1.0
Clear,Reported as Unknown,6,Tuesday,3,3,1.0
Clear,Reported as Unknown,6,Wednesday,6,6,1.0
Clear,Reported as Unknown,7,Friday,6,8,1.3333333333333333
Clear,Reported as Unknown,7,Monday,1,1,1.0
Clear,Reported as Unknown,7,Saturday,3,3,1.0
Clear,Reported as Unknown,7,Sunday,8,10,1.25
Clear,Reported as Unknown,7,Thursday,2,2,1.0
Clear,Reported as Unknown,7,Tuesday,1,1,1.0
Clear,Reported as Unknown,7,Wednesday,3,3,1.0
Clear,Reported as Unknown,8,Friday,2,2,1.0
Clear,Reported as Unknown,8,Monday,2,2,1.0
Clear,Reported as Unknown,8,Saturday,3,3,1.0
Clear,Reported as Unknown,8,Sunday,4,5,1.25
Clear,Reported as Unknown,8,Thursday,1,1,1.0
Clear,Reported as Unknown,8,Tuesday,3,3,1.0
Clear,Reported as Unknown,8,Wednesday,1,1,1.0
Clear,Reported as Unknown,9,Monday,5,5,1.0
Clear,Reported as Unknown,9,Saturday,3,3,1.0
Clear,Reported as Unknown,9,Sunday,6,6,1.0
Clear,Reported as Unknown,9,Thursday,2,2,1.0
Clear,Reported as Unknown,9,Tuesday,4,4,1.0
Clear,Reported as Unknown,9,Wednesday,1,1,1.0
Clear,Reported as Unknown,10,Monday,1,1,1.0
Clear,Reported as Unknown,10,Saturday,3,3,1.0
Clear,Reported as Unknown,10,Sunday,4,5,1.25
Clear,Reported as Unknown,10,Thursday,1,1,1.0
Clear,Reported as Unknown,10,Wednesday,1,2,2.0
Clear,Reported as Unknown,11,Friday,2,2,1.0
Clear,Reported as Unknown,11,Monday,1,1,1.0
Clear,Reported as Unknown,11,Saturday,3,3,1.0
Clear,Reported as Unknown,11,Sunday,1,1,1.0
Clear,Reported as Unknown,11,Tuesday,1,1,1.0
Clear,Reported as Unknown,11,Wednesday,1,1,1.0
Clear,Reported as Unknown,12,Saturday,1,1,1.0
Clear,Reported as Unknown,12,Sunday,2,2,1.0
Clear,Reported as Unknown,12,Thursday,1,1,1.0
Clear,Reported as Unknown,12,Wednesday,2,2,1.0
Clear,Reported as Unknown,13,Friday,1,1,1.0
Clear,Reported as Unknown,13,Saturday,1,1,1.0
Clear,Reported as Unknown,13,Sunday,2,2,1.0
Clear,Reported as Unknown,13,Thursday,1,1,1.0
Clear,Reported as Unknown,14,Saturday,2,2,1.0
Clear,Reported as Unknown,14,Tuesday,2,4,2.0
Clear,Reported as Unknown,15,Friday,1,1,1.0
Clear,Reported as Unknown,15,Monday,1,2,2.0
Clear,Reported as Unknown,15,Sunday,1,1,1.0
Clear,Reported as Unknown,15,Wednesday,1,1,1.0
Clear,Reported as Unknown,16,Friday,2,2,1.0
Clear,Reported as Unknown,16,Thursday,1,1,1.0
Clear,Reported as Unknown,16,Tuesday,1,1,1.0
Clear,Reported as Unknown,17,Friday,3,3,1.0
Clear,Reported as Unknown,17,Saturday,1,1,1.0
Clear,Reported as Unknown,17,Sunday,1,2,2.0
Clear,Reported as Unknown,17,Wednesday,1,1,1.0
Clear,Reported as Unknown,18,Friday,2,2,1.0
Clear,Reported as Unknown,18,Monday,1,1,1.0
Clear,Reported as Unknown,18,Sunday,3,4,1.3333333333333333
Clear,Reported as Unknown,18,Tuesday,2,2,1.0
Clear,Reported as Unknown,19,Friday,2,2,1.0
Clear,Reported as Unknown,19,Monday,1,1,1.0
Clear,Reported as Unknown,19,Saturday,2,2,1.0
Clear,Reported as Unknown,19,Thursday,1,1,1.0
Clear,Reported as Unknown,19,Tuesday,1,1,1.0
Clear,Reported as Unknown,20,Friday,3,3,1.0
Clear,Reported as Unknown,20,Monday,2,2,1.0
Clear,Reported as Unknown,20,Saturday,1,1,1.0
Clear,Reported as Unknown,20,Sunday,3,3,1.0
Clear,Reported as Unknown,20,Thursday,1,1,1.0
Clear,Reported as Unknown,21,Monday,1,1,1.0
Clear,Reported as Unknown,21,Saturday,1,1,1.0
Clear,Reported as Unknown,21,Sunday,1,1,1.0
Clear,Reported as Unknown,21,Tuesday,1,1,1.0
Clear,Reported as Unknown,22,Friday,1,1,1.0
Clear,Reported as Unknown,22,Monday,1,1,1.0
Clear,Reported as Unknown,22,Saturday,2,2,1.0
Clear,Reported as Unknown,23,Saturday,2,2,1.0
Clear,Reported as Unknown,99,Friday,17,17,1.0
Clear,Reported as Unknown,99,Monday,11,13,1.1818181818181819
Clear,Reported as Unknown,99,Saturday,20,21,1.05
Clear,Reported as Unknown,99,Sunday,21,21,1.0
Clear,Reported as Unknown,99,Thursday,13,14,1.0769230769230769
Clear,Reported as Unknown,99,Tuesday,15,17,1.1333333333333333
Clear,Reported as Unknown,99,Wednesday,11,11,1.0
Clear,Unknown,3,Monday,1,1,1.0
Clear,Unknown,4,Friday,1,1,1.0
Clear,Unknown,4,Thursday,1,1,1.0
Clear,Unknown,5,Monday,2,2,1.0
Clear,Unknown,5,Saturday,1,2,2.0
Clear,Unknown,5,Tuesday,2,2,1.0
Clear,Unknown,6,Monday,2,2,1.0
Clear,Unknown,6,Saturday,2,2,1.0
Clear,Unknown,6,Sunday,4,5,1.25
Clear,Unknown,6,Thursday,2,2,1.0
Clear,Unknown,6,Tuesday,2,2,1.0
Clear,Unknown,6,Wednesday,1,1,1.0
Clear,Unknown,7,Friday,2,3,1.5
Clear,Unknown,7,Saturday,3,5,1.6666666666666667
Clear,Unknown,7,Sunday,3,3,1.0
Clear,Unknown,7,Thursday,3,3,1.0
Clear,Unknown,7,Tuesday,3,4,1.3333333333333333
Clear,Unknown,7,Wednesday,3,3,1.0
Clear,Unknown,8,Monday,1,1,1.0
Clear,Unknown,8,Sunday,3,3,1.0
Clear,Unknown,8,Thursday,1,1,1.0
Clear,Unknown,9,Monday,1,1,1.0
Clear,Unknown,9,Saturday,2,2,1.0
Clear,Unknown,9,Sunday,4,5,1.25
Clear,Unknown,9,Thursday,2,2,1.0
Clear,Unknown,9,Tuesday,1,1,1.0
Clear,Unknown,10,Saturday,2,2,1.0
Clear,Unknown,10,Sunday,1,1,1.0
Clear,Unknown,11,Monday,1,1,1.0
Clear,Unknown,11,Saturday,1,1,1.0
Clear,Unknown,11,Sunday,2,2,1.0
Clear,Unknown,11,Thursday,1,1,1.0
Clear,Unknown,11,Wednesday,1,1,1.0
Clear,Unknown,12,Monday,2,2,1.0
Clear,Unknown,12,Wednesday,1,1,1.0
Clear,Unknown,13,Sunday,2,3,1.5
Clear,Unknown,14,Sunday,2,3,1.5
Clear,Unknown,14,Tuesday,1,1,1.0
Clear,Unknown,15,Saturday,2,2,1.0
Clear,Unknown,15,Sunday,1,1,1.0
Clear,Unknown,16,Sunday,2,2,1.0
Clear,Unknown,16,Thursday,1,1,1.0
Clear,Unknown,17,Saturday,2,2,1.0
Clear,Unknown,17,Sunday,1,1,1.0
Clear,Unknown,18,Saturday,1,1,1.0
Clear,Unknown,19,Friday,1,1,1.0
Clear,Unknown,19,Monday,2,2,1.0
Clear,Unknown,19,Saturday,2,2,1.0
Clear,Unknown,19,Thursday,1,1,1.0
Clear,Unknown,19,Tuesday,1,1,1.0
Clear,Unknown,19,Wednesday,1,1,1.0
Clear,Unknown,20,Sunday,2,2,1.0
Clear,Unknown,20,Wednesday,1,1,1.0
Clear,Unknown,21,Sunday,1,1,1.0
Clear,Unknown,21,Tuesday,2,2,1.0
Clear,Unknown,21,Wednesday,1,1,1.0
Clear,Unknown,22,Friday,1,1,1.0
Clear,Unknown,23,Tuesday,1,1,1.0
Clear,Unknown,23,Wednesday,1,1,1.0
Clear,Unknown,99,Friday,3,3,1.0
Clear,Unknown,99,Monday,4,4,1.0
Clear,Unknown,99,Saturday,9,9,1.0
Clear,Unknown,99,Sunday,6,6,1.0
Clear,Unknown,99,Thursday,3,3,1.0
Clear,Unknown,99,Tuesday,5,5,1.0
Clear,Unknown,99,Wednesday,3,4,1.3333333333333333
Cloudy,Dark - Lighted,0,Friday,87,94,1.0804597701149425
Cloudy,Dark - Lighted,0,Monday,62,73,1.1774193548387097
Cloudy,Dark - Lighted,0,Saturday,148,158,1.0675675675675675
Cloudy,Dark - Lighted,0,Sunday,137,149,1.0875912408759123
Cloudy,Dark - Lighted,0,Thursday,63,73,1.1587301587301588
Cloudy,Dark - Lighted,0,Tuesday,53,56,1.0566037735849056
Cloudy,Dark - Lighted,0,Wednesday,63,65,1.0317460317460319
Cloudy,Dark - Lighted,1,Friday,86,100,1.1627906976744187
Cloudy,Dark - Lighted,1,Monday,56,67,1.1964285714285714
Cloudy,Dark - Lighted,1,Saturday,155,167,1.0774193548387097
Cloudy,Dark - Lighted,1,Sunday,150,160,1.0666666666666667
Cloudy,Dark - Lighted,1,Thursday,58,65,1.1206896551724137
Cloudy,Dark - Lighted,1,Tuesday,40,43,1.075
Cloudy,Dark - Lighted,1,Wednesday,59,63,1.0677966101694916
Cloudy,Dark - Lighted,2,Friday,94,106,1.127659574468085
Cloudy,Dark - Lighted,2,Monday,75,87,1.16
Cloudy,Dark - Lighted,2,Saturday,157,175,1.1146496815286624
Cloudy,Dark - Lighted,2,Sunday,164,193,1.1768292682926829
Cloudy,Dark - Lighted,2,Thursday,54,61,1.1296296296296295
Cloudy,Dark - Lighted,2,Tuesday,45,48,1.0666666666666667
Cloudy,Dark - Lighted,2,Wednesday,58,63,1.0862068965517242
Cloudy,Dark - Lighted,3,Friday,55,66,1.2
Cloudy,Dark - Lighted,3,Monday,44,50,1.1363636363636365
Cloudy,Dark - Lighted,3,Saturday,108,124,1.1481481481481481
Cloudy,Dark - Lighted,3,Sunday,130,146,1.123076923076923
Cloudy,Dark - Lighted,3,Thursday,46,49,1.065217391304348
Cloudy,Dark - Lighted,3,Tuesday,37,46,1.2432432432432432
Cloudy,Dark - Lighted,3,Wednesday,46,51,1.108695652173913
Cloudy,Dark - Lighted,4,Friday,52,53,1.0192307692307692
Cloudy,Dark - Lighted,4,Monday,42,44,1.0476190476190477
Cloudy,Dark - Lighted,4,Saturday,64,77,1.203125
Cloudy,Dark - Lighted,4,Sunday,86,91,1.058139534883721
Cloudy,Dark - Lighted,4,Thursday,41,41,1.0
Cloudy,Dark - Lighted,4,Tuesday,40,43,1.075
Cloudy,Dark - Lighted,4,Wednesday,51,57,1.1176470588235294
Cloudy,Dark - Lighted,5,Friday,76,76,1.0
Cloudy,Dark - Lighted,5,Monday,61,63,1.0327868852459017
Cloudy,Dark - Lighted,5,Saturday,69,79,1.144927536231884
Cloudy,Dark - Lighted,5,Sunday,60,66,1.1
Cloudy,Dark - Lighted,5,Thursday,61,61,1.0
Cloudy,Dark - Lighted,5,Tuesday,53,54,1.0188679245283019
Cloudy,Dark - Lighted,5,Wednesday,49,53,1.0816326530612246
Cloudy,Dark - Lighted,6,Friday,49,51,1.0408163265306123
Cloudy,Dark - Lighted,6,Monday,52,55,1.0576923076923077
Cloudy,Dark - Lighted,6,Saturday,28,28,1.0
Cloudy,Dark - Lighted,6,Sunday,34,36,1.0588235294117647
Cloudy,Dark - Lighted,6,Thursday,51,51,1.0
Cloudy,Dark - Lighted,6,Tuesday,46,48,1.0434782608695652
Cloudy,Dark - Lighted,6,Wednesday,43,44,1.0232558139534884
Cloudy,Dark - Lighted,7,Friday,12,12,1.0
Cloudy,Dark - Lighted,7,Monday,12,14,1.1666666666666667
Cloudy,Dark - Lighted,7,Saturday,3,3,1.0
Cloudy,Dark - Lighted,7,Sunday,3,3,1.0
Cloudy,Dark - Lighted,7,Thursday,10,12,1.2
Cloudy,Dark - Lighted,7,Tuesday,5,5,1.0
Cloudy,Dark - Lighted,7,Wednesday,18,18,1.0
Cloudy,Dark - Lighted,8,Friday,1,1,1.0
Cloudy,Dark - Lighted,8,Saturday,2,2,1.0
Cloudy,Dark - Lighted,8,Wednesday,2,2,1.0
Cloudy,Dark - Lighted,15,Wednesday,1,1,1.0
Cloudy,Dark - Lighted,16,Friday,4,4,1.0
Cloudy,Dark - Lighted,16,Monday,8,8,1.0
Cloudy,Dark - Lighted,16,Saturday,3,3,1.0
Cloudy,Dark - Lighted,16,Sunday,3,3,1.0
Cloudy,Dark - Lighted,16,Thursday,3,3,1.0
Cloudy,Dark - Lighted,16,Tuesday,5,5,1.0
Cloudy,Dark - Lighted,17,Friday,33,33,1.0
Cloudy,Dark - Lighted,17,Monday,38,40,1.0526315789473684
Cloudy,Dark - Lighted,17,Saturday,21,22,1.0476190476190477
Cloudy,Dark - Lighted,17,Sunday,31,34,1.096774193548387
Cloudy,Dark - Lighted,17,Thursday,39,40,1.0256410256410255
Cloudy,Dark - Lighted,17,Tuesday,40,41,1.025
Cloudy,Dark - Lighted,17,Wednesday,37,38,1.027027027027027
Cloudy,Dark - Lighted,18,Friday,65,67,1.0307692307692307
Cloudy,Dark - Lighted,18,Monday,69,72,1.0434782608695652
Cloudy,Dark - Lighted,18,Saturday,81,88,1.0864197530864197
Cloudy,Dark - Lighted,18,Sunday,62,68,1.096774193548387
Cloudy,Dark - Lighted,18,Thursday,69,72,1.0434782608695652
Cloudy,Dark - Lighted,18,Tuesday,63,68,1.0793650793650793
Cloudy,Dark - Lighted,18,Wednesday,72,73,1.0138888888888888
Cloudy,Dark - Lighted,19,Friday,79,85,1.0759493670886076
Cloudy,Dark - Lighted,19,Monday,59,63,1.0677966101694916
Cloudy,Dark - Lighted,19,Saturday,63,67,1.0634920634920635
Cloudy,Dark - Lighted,19,Sunday,90,94,1.0444444444444445
Cloudy,Dark - Lighted,19,Thursday,72,76,1.0555555555555556
Cloudy,Dark - Lighted,19,Tuesday,81,85,1.0493827160493827
Cloudy,Dark - Lighted,19,Wednesday,76,81,1.0657894736842106
Cloudy,Dark - Lighted,20,Friday,123,135,1.0975609756097562
Cloudy,Dark - Lighted,20,Monday,90,93,1.0333333333333334
Cloudy,Dark - Lighted,20,Saturday,143,152,1.062937062937063
Cloudy,Dark - Lighted,20,Sunday,90,92,1.0222222222222221
Cloudy,Dark - Lighted,20,Thursday,124,133,1.0725806451612903
Cloudy,Dark - Lighted,20,Tuesday,107,110,1.02803738317757
Cloudy,Dark - Lighted,20,Wednesday,96,99,1.03125
Cloudy,Dark - Lighted,21,Friday,140,152,1.0857142857142856
Cloudy,Dark - Lighted,21,Monday,107,118,1.102803738317757
Cloudy,Dark - Lighted,21,Saturday,131,136,1.0381679389312977
Cloudy,Dark - Lighted,21,Sunday,123,135,1.0975609756097562
Cloudy,Dark - Lighted,21,Thursday,106,116,1.0943396226415094
Cloudy,Dark - Lighted,21,Tuesday,131,139,1.0610687022900764
Cloudy,Dark - Lighted,21,Wednesday,115,120,1.0434782608695652
Cloudy,Dark - Lighted,22,Friday,150,159,1.06
Cloudy,Dark - Lighted,22,Monday,90,97,1.0777777777777777
Cloudy,Dark - Lighted,22,Saturday,142,153,1.0774647887323943
Cloudy,Dark - Lighted,22,Sunday,115,122,1.0608695652173914
Cloudy,Dark - Lighted,22,Thursday,113,119,1.0530973451327434
Cloudy,Dark - Lighted,22,Tuesday,96,100,1.0416666666666667
Cloudy,Dark - Lighted,22,Wednesday,110,118,1.0727272727272728
Cloudy,Dark - Lighted,23,Friday,142,155,1.091549295774648
Cloudy,Dark - Lighted,23,Monday,78,84,1.0769230769230769
Cloudy,Dark - Lighted,23,Saturday,149,158,1.0604026845637584
Cloudy,Dark - Lighted,23,Sunday,85,99,1.1647058823529413
Cloudy,Dark - Lighted,23,Thursday,110,120,1.0909090909090908
Cloudy,Dark - Lighted,23,Tuesday,73,75,1.0273972602739727
Cloudy,Dark - Lighted,23,Wednesday,72,73,1.0138888888888888
Cloudy,Dark - Lighted,99,Friday,5,5,1.0
Cloudy,Dark - Lighted,99,Monday,3,3,1.0
Cloudy,Dark - Lighted,99,Saturday,9,10,1.1111111111111112
Cloudy,Dark - Lighted,99,Sunday,4,4,1.0
Cloudy,Dark - Lighted,99,Thursday,1,1,1.0
Cloudy,Dark - Lighted,99,Tuesday,3,3,1.0
Cloudy,Dark - Lighted,99,Wednesday,4,4,1.0
Cloudy,Dark - Not Lighted,0,Friday,121,135,1.115702479338843
Cloudy,Dark - Not Lighted,0,Monday,97,104,1.0721649484536082
Cloudy,Dark - Not Lighted,0,Saturday,226,252,1.1150442477876106
Cloudy,Dark - Not Lighted,0,Sunday,234,252,1.0769230769230769
Cloudy,Dark - Not Lighted,0,Thursday,111,122,1.0990990990990992
Cloudy,Dark - Not Lighted,0,Tuesday,86,91,1.058139534883721
Cloudy,Dark - Not Lighted,0,Wednesday,77,87,1.12987012987013
Cloudy,Dark - Not Lighted,1,Friday,115,126,1.0956521739130434
Cloudy,Dark - Not Lighted,1,Monday,92,104,1.1304347826086956
Cloudy,Dark - Not Lighted,1,Saturday,212,237,1.1179245283018868
Cloudy,Dark - Not Lighted,1,Sunday,232,251,1.081896551724138
Cloudy,Dark - Not Lighted,1,Thursday,90,105,1.1666666666666667
Cloudy,Dark - Not Lighted,1,Tuesday,83,94,1.1325301204819278
Cloudy,Dark - Not Lighted,1,Wednesday,71,77,1.0845070422535212
Cloudy,Dark - Not Lighted,2,Friday,107,120,1.1214953271028036
Cloudy,Dark - Not Lighted,2,Monday,75,76,1.0133333333333334
Cloudy,Dark - Not Lighted,2,Saturday,220,243,1.1045454545454545
Cloudy,Dark - Not Lighted,2,Sunday,240,263,1.0958333333333334
Cloudy,Dark - Not Lighted,2,Thursday,92,97,1.0543478260869565
Cloudy,Dark - Not Lighted,2,Tuesday,63,66,1.0476190476190477
Cloudy,Dark - Not Lighted,2,Wednesday,75,80,1.0666666666666667
Cloudy,Dark - Not Lighted,3,Friday,78,83,1.064102564102564
Cloudy,Dark - Not Lighted,3,Monday,77,86,1.1168831168831168
Cloudy,Dark - Not Lighted,3,Saturday,175,189,1.08
Cloudy,Dark - Not Lighted,3,Sunday,183,207,1.1311475409836065
Cloudy,Dark - Not Lighted,3,Thursday,78,85,1.0897435897435896
Cloudy,Dark - Not Lighted,3,Tuesday,68,75,1.1029411764705883
Cloudy,Dark - Not Lighted,3,Wednesday,66,75,1.1363636363636365
Cloudy,Dark - Not Lighted,4,Friday,87,99,1.1379310344827587
Cloudy,Dark - Not Lighted,4,Monday,78,80,1.0256410256410255
Cloudy,Dark - Not Lighted,4,Saturday,132,148,1.121212121212121
Cloudy,Dark - Not Lighted,4,Sunday,148,159,1.0743243243243243
Cloudy,Dark - Not Lighted,4,Thursday,73,77,1.0547945205479452
Cloudy,Dark - Not Lighted,4,Tuesday,76,85,1.118421052631579
Cloudy,Dark - Not Lighted,4,Wednesday,66,68,1.0303030303030303
Cloudy,Dark - Not Lighted,5,Friday,128,143,1.1171875
Cloudy,Dark - Not Lighted,5,Monday,133,136,1.0225563909774436
Cloudy,Dark - Not Lighted,5,Saturday,138,150,1.0869565217391304
Cloudy,Dark - Not Lighted,5,Sunday,117,125,1.0683760683760684
Cloudy,Dark - Not Lighted,5,Thursday,108,114,1.0555555555555556
Cloudy,Dark - Not Lighted,5,Tuesday,111,121,1.09009009009009
Cloudy,Dark - Not Lighted,5,Wednesday,108,113,1.0462962962962963
Cloudy,Dark - Not Lighted,6,Friday,108,121,1.1203703703703705
Cloudy,Dark - Not Lighted,6,Monday,105,114,1.0857142857142856
Cloudy,Dark - Not Lighted,6,Saturday,78,82,1.0512820512820513
Cloudy,Dark - Not Lighted,6,Sunday,70,75,1.0714285714285714
Cloudy,Dark - Not Lighted,6,Thursday,99,104,1.0505050505050506
Cloudy,Dark - Not Lighted,6,Tuesday,126,131,1.0396825396825398
Cloudy,Dark - Not Lighted,6,Wednesday,103,107,1.0388349514563107
Cloudy,Dark - Not Lighted,7,Friday,22,24,1.0909090909090908
Cloudy,Dark - Not Lighted,7,Monday,29,31,1.0689655172413792
Cloudy,Dark - Not Lighted,7,Saturday,17,19,1.1176470588235294
Cloudy,Dark - Not Lighted,7,Sunday,24,27,1.125
Cloudy,Dark - Not Lighted,7,Thursday,18,19,1.0555555555555556
Cloudy,Dark - Not Lighted,7,Tuesday,14,16,1.1428571428571428
Cloudy,Dark - Not Lighted,7,Wednesday,14,14,1.0
Cloudy,Dark - Not Lighted,8,Friday,4,4,1.0
Cloudy,Dark - Not Lighted,8,Monday,2,2,1.0
Cloudy,Dark - Not Lighted,8,Saturday,2,2,1.0
Cloudy,Dark - Not Lighted,8,Sunday,8,11,1.375
Cloudy,Dark - Not Lighted,8,Thursday,3,3,1.0
Cloudy,Dark - Not Lighted,8,Tuesday,3,4,1.3333333333333333
Cloudy,Dark - Not Lighted,8,Wednesday,2,2,1.0
Cloudy,Dark - Not Lighted,10,Monday,2,3,1.5
Cloudy,Dark - Not Lighted,11,Saturday,1,1,1.0
Cloudy,Dark - Not Lighted,14,Saturday,1,1,1.0
Cloudy,Dark - Not Lighted,14,Wednesday,1,1,1.0
Cloudy,Dark - Not Lighted,16,Friday,4,4,1.0
Cloudy,Dark - Not Lighted,16,Monday,5,5,1.0
Cloudy,Dark - Not Lighted,16,Saturday,2,2,1.0
Cloudy,Dark - Not Lighted,16,Sunday,6,7,1.1666666666666667
Cloudy,Dark - Not Lighted,16,Thursday,5,6,1.2
Cloudy,Dark - Not Lighted,16,Tuesday,6,6,1.0
Cloudy,Dark - Not Lighted,16,Wednesday,4,4,1.0
Cloudy,Dark - Not Lighted,17,Friday,59,62,1.0508474576271187
Cloudy,Dark - Not Lighted,17,Monday,62,63,1.0161290322580645
Cloudy,Dark - Not Lighted,17,Saturday,57,61,1.0701754385964912
Cloudy,Dark - Not Lighted,17,Sunday,40,45,1.125
Cloudy,Dark - Not Lighted,17,Thursday,58,65,1.1206896551724137
Cloudy,Dark - Not Lighted,17,Tuesday,54,56,1.037037037037037
Cloudy,Dark - Not Lighted,17,Wednesday,45,47,1.0444444444444445
Cloudy,Dark - Not Lighted,18,Friday,110,126,1.1454545454545455
Cloudy,Dark - Not Lighted,18,Monday,99,104,1.0505050505050506
Cloudy,Dark - Not Lighted,18,Saturday,106,119,1.1226415094339623
Cloudy,Dark - Not Lighted,18,Sunday,86,94,1.0930232558139534
Cloudy,Dark - Not Lighted,18,Thursday,91,97,1.065934065934066
Cloudy,Dark - Not Lighted,18,Tuesday,103,110,1.0679611650485437
Cloudy,Dark - Not Lighted,18,Wednesday,105,115,1.0952380952380953
Cloudy,Dark - Not Lighted,19,Friday,128,140,1.09375
Cloudy,Dark - Not Lighted,19,Monday,93,100,1.075268817204301
Cloudy,Dark - Not Lighted,19,Saturday,140,153,1.0928571428571427
Cloudy,Dark - Not Lighted,19,Sunday,135,153,1.1333333333333333
Cloudy,Dark - Not Lighted,19,Thursday,118,123,1.0423728813559323
Cloudy,Dark - Not Lighted,19,Tuesday,82,90,1.0975609756097562
Cloudy,Dark - Not Lighted,19,Wednesday,126,134,1.0634920634920635
Cloudy,Dark - Not Lighted,20,Friday,191,210,1.0994764397905759
Cloudy,Dark - Not Lighted,20,Monday,152,161,1.0592105263157894
Cloudy,Dark - Not Lighted,20,Saturday,191,218,1.1413612565445026
Cloudy,Dark - Not Lighted,20,Sunday,171,192,1.1228070175438596
Cloudy,Dark - Not Lighted,20,Thursday,161,171,1.062111801242236
Cloudy,Dark - Not Lighted,20,Tuesday,131,139,1.0610687022900764
Cloudy,Dark - Not Lighted,20,Wednesday,138,155,1.1231884057971016
Cloudy,Dark - Not Lighted,21,Friday,216,237,1.0972222222222223
Cloudy,Dark - Not Lighted,21,Monday,178,192,1.0786516853932584
Cloudy,Dark - Not Lighted,21,Saturday,237,270,1.139240506329114
Cloudy,Dark - Not Lighted,21,Sunday,179,199,1.111731843575419
Cloudy,Dark - Not Lighted,21,Thursday,203,224,1.103448275862069
Cloudy,Dark - Not Lighted,21,Tuesday,164,177,1.079268292682927
Cloudy,Dark - Not Lighted,21,Wednesday,149,164,1.1006711409395973
Cloudy,Dark - Not Lighted,22,Friday,246,268,1.089430894308943
Cloudy,Dark - Not Lighted,22,Monday,141,147,1.0425531914893618
Cloudy,Dark - Not Lighted,22,Saturday,262,286,1.0916030534351144
Cloudy,Dark - Not Lighted,22,Sunday,159,172,1.0817610062893082
Cloudy,Dark - Not Lighted,22,Thursday,169,186,1.1005917159763314
Cloudy,Dark - Not Lighted,22,Tuesday,137,142,1.0364963503649636
Cloudy,Dark - Not Lighted,22,Wednesday,138,145,1.0507246376811594
Cloudy,Dark - Not Lighted,23,Friday,218,228,1.0458715596330275
Cloudy,Dark - Not Lighted,23,Monday,121,132,1.0909090909090908
Cloudy,Dark - Not Lighted,23,Saturday,207,229,1.106280193236715
Cloudy,Dark - Not Lighted,23,Sunday,116,129,1.1120689655172413
Cloudy,Dark - Not Lighted,23,Thursday,158,167,1.0569620253164558
Cloudy,Dark - Not Lighted,23,Tuesday,120,126,1.05
Cloudy,Dark - Not Lighted,23,Wednesday,118,135,1.1440677966101696
Cloudy,Dark - Not Lighted,99,Friday,16,18,1.125
Cloudy,Dark - Not Lighted,99,Monday,15,15,1.0
Cloudy,Dark - Not Lighted,99,Saturday,32,34,1.0625
Cloudy,Dark - Not Lighted,99,Sunday,14,14,1.0
Cloudy,Dark - Not Lighted,99,Thursday,14,15,1.0714285714285714
Cloudy,Dark - Not Lighted,99,Tuesday,20,20,1.0
Cloudy,Dark - Not Lighted,99,Wednesday,14,14,1.0
Cloudy,Dark - Unknown Lighting,0,Friday,2,2,1.0
Cloudy,Dark - Unknown Lighting,0,Monday,1,1,1.0
Cloudy,Dark - Unknown Lighting,0,Saturday,4,4,1.0
Cloudy,Dark - Unknown Lighting,0,Sunday,1,1,1.0
Cloudy,Dark - Unknown Lighting,0,Thursday,1,2,2.0
Cloudy,Dark - Unknown Lighting,0,Tuesday,3,3,1.0
Cloudy,Dark - Unknown Lighting,0,Wednesday,2,2,1.0
Cloudy,Dark - Unknown Lighting,1,Friday,3,3,1.0
Cloudy,Dark - Unknown Lighting,1,Monday,4,4,1.0
Cloudy,Dark - Unknown Lighting,1,Saturday,8,8,1.0
Cloudy,Dark - Unknown Lighting,1,Sunday,5,6,1.2
Cloudy,Dark - Unknown Lighting,1,Thursday,2,2,1.0
Cloudy,Dark - Unknown Lighting,1,Tuesday,1,1,1.0
Cloudy,Dark - Unknown Lighting,1,Wednesday,2,2,1.0
Cloudy,Dark - Unknown Lighting,2,Friday,2,2,1.0
Cloudy,Dark - Unknown Lighting,2,Monday,1,1,1.0
Cloudy,Dark - Unknown Lighting,2,Saturday,1,1,1.0
Cloudy,Dark - Unknown Lighting,2,Sunday,5,5,1.0
Cloudy,Dark - Unknown Lighting,2,Thursday,3,3,1.0
Cloudy,Dark - Unknown Lighting,2,Tuesday,1,1,1.0
Cloudy,Dark - Unknown Lighting,2,Wednesday,2,3,1.5
Cloudy,Dark - Unknown Lighting,3,Friday,3,3,1.0
Cloudy,Dark - Unknown Lighting,3,Monday,2,2,1.0
Cloudy,Dark - Unknown Lighting,3,Saturday,1,1,1.0
Cloudy,Dark - Unknown Lighting,3,Sunday,1,1,1.0
Cloudy,Dark - Unknown Lighting,3,Thursday,2,2,1.0
Cloudy,Dark - Unknown Lighting,3,Tuesday,1,1,1.0
Cloudy,Dark - Unknown Lighting,3,Wednesday,1,1,1.0
Cloudy,Dark - Unknown Lighting,4,Friday,3,3,1.0
Cloudy,Dark - Unknown Lighting,4,Monday,1,1,1.0
Cloudy,Dark - Unknown Lighting,4,Saturday,1,1,1.0
Cloudy,Dark - Unknown Lighting,4,Sunday,5,5,1.0
Cloudy,Dark - Unknown Lighting,4,Tuesday,1,1,1.0
Cloudy,Dark - Unknown Lighting,4,Wednesday,2,2,1.0
Cloudy,Dark - Unknown Lighting,5,Friday,2,2,1.0
Cloudy,Dark - Unknown Lighting,5,Monday,2,3,1.5
Cloudy,Dark - Unknown Lighting,5,Saturday,3,3,1.0
Cloudy,Dark - Unknown Lighting,5,Thursday,1,1,1.0
Cloudy,Dark - Unknown Lighting,5,Tuesday,3,3,1.0
Cloudy,Dark - Unknown Lighting,6,Friday,1,1,1.0
Cloudy,Dark - Unknown Lighting,6,Monday,3,4,1.3333333333333333
Cloudy,Dark - Unknown Lighting,6,Saturday,3,4,1.3333333333333333
Cloudy,Dark - Unknown Lighting,6,Sunday,2,2,1.0
Cloudy,Dark - Unknown Lighting,6,Tuesday,3,4,1.3333333333333333
Cloudy,Dark - Unknown Lighting,6,Wednesday,3,3,1.0
Cloudy,Dark - Unknown Lighting,7,Friday,1,1,1.0
Cloudy,Dark - Unknown Lighting,7,Monday,2,4,2.0
Cloudy,Dark - Unknown Lighting,7,Sunday,1,1,1.0
Cloudy,Dark - Unknown Lighting,7,Thursday,3,3,1.0
Cloudy,Dark - Unknown Lighting,7,Tuesday,3,3,1.0
Cloudy,Dark - Unknown Lighting,7,Wednesday,1,1,1.0
Cloudy,Dark - Unknown Lighting,16,Monday,1,1,1.0
Cloudy,Dark - Unknown Lighting,16,Saturday,1,1,1.0
Cloudy,Dark - Unknown Lighting,16,Sunday,1,1,1.0
Cloudy,Dark - Unknown Lighting,17,Thursday,1,1,1.0
Cloudy,Dark - Unknown Lighting,18,Friday,1,1,1.0
Cloudy,Dark - Unknown Lighting,18,Thursday,1,1,1.0
Cloudy,Dark - Unknown Lighting,18,Tuesday,1,1,1.0
Cloudy,Dark - Unknown Lighting,18,Wednesday,1,1,1.0
Cloudy,Dark - Unknown Lighting,19,Friday,6,6,1.0
Cloudy,Dark - Unknown Lighting,19,Monday,2,2,1.0
Cloudy,Dark - Unknown Lighting,19,Saturday,1,1,1.0
Cloudy,Dark - Unknown Lighting,19,Sunday,1,1,1.0
Cloudy,Dark - Unknown Lighting,19,Thursday,3,3,1.0
Cloudy,Dark - Unknown Lighting,19,Tuesday,4,4,1.0
Cloudy,Dark - Unknown Lighting,19,Wednesday,4,4,1.0
Cloudy,Dark - Unknown Lighting,20,Friday,1,1,1.0
Cloudy,Dark - Unknown Lighting,20,Monday,2,2,1.0
Cloudy,Dark - Unknown Lighting,20,Saturday,2,3,1.5
Cloudy,Dark - Unknown Lighting,20,Thursday,2,2,1.0
Cloudy,Dark - Unknown Lighting,20,Tuesday,3,3,1.0
Cloudy,Dark - Unknown Lighting,20,Wednesday,2,2,1.0
Cloudy,Dark - Unknown Lighting,21,Friday,3,4,1.3333333333333333
Cloudy,Dark - Unknown Lighting,21,Saturday,5,5,1.0
Cloudy,Dark - Unknown Lighting,21,Sunday,2,2,1.0
Cloudy,Dark - Unknown Lighting,21,Thursday,1,1,1.0
Cloudy,Dark - Unknown Lighting,21,Tuesday,4,4,1.0
Cloudy,Dark - Unknown Lighting,21,Wednesday,1,1,1.0
Cloudy,Dark - Unknown Lighting,22,Friday,4,5,1.25
Cloudy,Dark - Unknown Lighting,22,Monday,2,2,1.0
Cloudy,Dark - Unknown Lighting,22,Saturday,6,7,1.1666666666666667
Cloudy,Dark - Unknown Lighting,22,Sunday,3,3,1.0
Cloudy,Dark - Unknown Lighting,22,Thursday,2,2,1.0
Cloudy,Dark - Unknown Lighting,22,Tuesday,2,2,1.0
Cloudy,Dark - Unknown Lighting,22,Wednesday,3,3,1.0
Cloudy,Dark - Unknown Lighting,23,Saturday,4,4,1.0
Cloudy,Dark - Unknown Lighting,23,Sunday,4,4,1.0
Cloudy,Dark - Unknown Lighting,23,Thursday,4,4,1.0
Cloudy,Dark - Unknown Lighting,23,Tuesday,1,1,1.0
Cloudy,Dark - Unknown Lighting,23,Wednesday,1,1,1.0
Cloudy,Dawn,4,Friday,2,2,1.0
Cloudy,Dawn,4,Monday,2,2,1.0
Cloudy,Dawn,4,Saturday,2,2,1.0
Cloudy,Dawn,4,Sunday,3,3,1.0
Cloudy,Dawn,4,Thursday,3,4,1.3333333333333333
Cloudy,Dawn,4,Tuesday,1,1,1.0
Cloudy,Dawn,4,Wednesday,3,3,1.0
Cloudy,Dawn,5,Friday,27,31,1.1481481481481481
Cloudy,Dawn,5,Monday,31,32,1.032258064516129
Cloudy,Dawn,5,Saturday,26,30,1.1538461538461537
Cloudy,Dawn,5,Sunday,31,36,1.1612903225806452
Cloudy,Dawn,5,Thursday,32,33,1.03125
Cloudy,Dawn,5,Tuesday,33,38,1.1515151515151516
Cloudy,Dawn,5,Wednesday,27,27,1.0
Cloudy,Dawn,6,Friday,62,65,1.0483870967741935
Cloudy,Dawn,6,Monday,80,84,1.05
Cloudy,Dawn,6,Saturday,56,59,1.0535714285714286
Cloudy,Dawn,6,Sunday,63,71,1.126984126984127
Cloudy,Dawn,6,Thursday,79,90,1.139240506329114
Cloudy,Dawn,6,Tuesday,81,87,1.0740740740740742
Cloudy,Dawn,6,Wednesday,88,94,1.0681818181818181
Cloudy,Dawn,7,Friday,46,46,1.0
Cloudy,Dawn,7,Monday,46,48,1.0434782608695652
Cloudy,Dawn,7,Saturday,33,37,1.121212121212121
Cloudy,Dawn,7,Sunday,30,35,1.1666666666666667
Cloudy,Dawn,7,Thursday,52,58,1.1153846153846154
Cloudy,Dawn,7,Tuesday,38,42,1.105263157894737
Cloudy,Dawn,7,Wednesday,44,46,1.0454545454545454
Cloudy,Dawn,8,Friday,3,3,1.0
Cloudy,Dawn,8,Monday,3,3,1.0
Cloudy,Dawn,8,Saturday,2,2,1.0
Cloudy,Dawn,8,Sunday,4,4,1.0
Cloudy,Dawn,8,Thursday,4,4,1.0
Cloudy,Dawn,8,Tuesday,1,1,1.0
Cloudy,Dawn,8,Wednesday,2,2,1.0
Cloudy,Dawn,9,Saturday,1,1,1.0
Cloudy,Dawn,99,Thursday,1,1,1.0
Cloudy,Dawn,99,Wednesday,1,1,1.0
Cloudy,Daylight,3,Sunday,1,1,1.0
Cloudy,Daylight,4,Saturday,1,1,1.0
Cloudy,Daylight,4,Sunday,2,2,1.0
Cloudy,Daylight,4,Thursday,2,3,1.5
Cloudy,Daylight,5,Friday,8,10,1.25
Cloudy,Daylight,5,Monday,6,6,1.0
Cloudy,Daylight,5,Saturday,7,7,1.0
Cloudy,Daylight,5,Sunday,5,5,1.0
Cloudy,Daylight,5,Thursday,8,8,1.0
Cloudy,Daylight,5,Tuesday,4,7,1.75
Cloudy,Daylight,5,Wednesday,8,8,1.0
Cloudy,Daylight,6,Friday,69,72,1.0434782608695652
Cloudy,Daylight,6,Monday,49,55,1.1224489795918366
Cloudy,Daylight,6,Saturday,61,66,1.0819672131147542
Cloudy,Daylight,6,Sunday,46,50,1.0869565217391304
Cloudy,Daylight,6,Thursday,78,86,1.1025641025641026
Cloudy,Daylight,6,Tuesday,68,74,1.088235294117647
Cloudy,Daylight,6,Wednesday,82,88,1.0731707317073171
Cloudy,Daylight,7,Friday,186,195,1.0483870967741935
Cloudy,Daylight,7,Monday,201,216,1.0746268656716418
Cloudy,Daylight,7,Saturday,158,180,1.139240506329114
Cloudy,Daylight,7,Sunday,123,131,1.065040650406504
Cloudy,Daylight,7,Thursday,207,230,1.1111111111111112
Cloudy,Daylight,7,Tuesday,214,229,1.0700934579439252
Cloudy,Daylight,7,Wednesday,209,221,1.0574162679425838
Cloudy,Daylight,8,Friday,199,215,1.0804020100502512
Cloudy,Daylight,8,Monday,203,223,1.0985221674876848
Cloudy,Daylight,8,Saturday,167,182,1.089820359281437
Cloudy,Daylight,8,Sunday,138,150,1.0869565217391304
Cloudy,Daylight,8,Thursday,209,230,1.1004784688995215
Cloudy,Daylight,8,Tuesday,240,247,1.0291666666666666
Cloudy,Daylight,8,Wednesday,211,230,1.0900473933649288
Cloudy,Daylight,9,Friday,230,254,1.1043478260869566
Cloudy,Daylight,9,Monday,203,221,1.0886699507389161
Cloudy,Daylight,9,Saturday,193,206,1.067357512953368
Cloudy,Daylight,9,Sunday,180,202,1.1222222222222222
Cloudy,Daylight,9,Thursday,230,241,1.0478260869565217
Cloudy,Daylight,9,Tuesday,201,216,1.0746268656716418
Cloudy,Daylight,9,Wednesday,207,227,1.0966183574879227
Cloudy,Daylight,10,Friday,261,289,1.10727969348659
Cloudy,Daylight,10,Monday,244,278,1.139344262295082
Cloudy,Daylight,10,Saturday,241,262,1.0871369294605808
Cloudy,Daylight,10,Sunday,188,206,1.0957446808510638
Cloudy,Daylight,10,Thursday,217,243,1.119815668202765
Cloudy,Daylight,10,Tuesday,206,219,1.0631067961165048
Cloudy,Daylight,10,Wednesday,208,226,1.0865384615384615
Cloudy,Daylight,11,Friday,266,284,1.0676691729323309
Cloudy,Daylight,11,Monday,249,272,1.0923694779116466
Cloudy,Daylight,11,Saturday,258,281,1.0891472868217054
Cloudy,Daylight,11,Sunday,194,221,1.1391752577319587
Cloudy,Daylight,11,Thursday,267,281,1.0524344569288389
Cloudy,Daylight,11,Tuesday,233,245,1.0515021459227467
Cloudy,Daylight,11,Wednesday,231,249,1.077922077922078
Cloudy,Daylight,12,Friday,312,336,1.0769230769230769
Cloudy,Daylight,12,Monday,321,366,1.1401869158878504
Cloudy,Daylight,12,Saturday,272,299,1.099264705882353
Cloudy,Daylight,12,Sunday,263,294,1.11787072243346
Cloudy,Daylight,12,Thursday,271,294,1.084870848708487
Cloudy,Daylight,12,Tuesday,310,358,1.1548387096774193
Cloudy,Daylight,12,Wednesday,239,259,1.0836820083682008
Cloudy,Daylight,13,Friday,325,353,1.0861538461538462
Cloudy,Daylight,13,Monday,301,335,1.1129568106312293
Cloudy,Daylight,13,Saturday,298,327,1.0973154362416107
Cloudy,Daylight,13,Sunday,247,267,1.0809716599190284
Cloudy,Daylight,13,Thursday,296,316,1.0675675675675675
Cloudy,Daylight,13,Tuesday,308,320,1.0389610389610389
Cloudy,Daylight,13,Wednesday,302,329,1.0894039735099337
Cloudy,Daylight,14,Friday,311,345,1.1093247588424437
Cloudy,Daylight,14,Monday,322,351,1.0900621118012421
Cloudy,Daylight,14,Saturday,306,336,1.0980392156862746
Cloudy,Daylight,14,Sunday,310,338,1.0903225806451613
Cloudy,Daylight,14,Thursday,356,393,1.103932584269663
Cloudy,Daylight,14,Tuesday,322,357,1.108695652173913
Cloudy,Daylight,14,Wednesday,302,322,1.0662251655629138
Cloudy,Daylight,15,Friday,371,393,1.059299191374663
Cloudy,Daylight,15,Monday,331,358,1.081570996978852
Cloudy,Daylight,15,Saturday,353,392,1.1104815864022664
Cloudy,Daylight,15,Sunday,296,337,1.1385135135135136
Cloudy,Daylight,15,Thursday,326,346,1.0613496932515338
Cloudy,Daylight,15,Tuesday,309,333,1.0776699029126213
Cloudy,Daylight,15,Wednesday,290,311,1.0724137931034483
Cloudy,Daylight,16,Friday,302,326,1.0794701986754967
Cloudy,Daylight,16,Monday,256,281,1.09765625
Cloudy,Daylight,16,Saturday,325,362,1.113846153846154
Cloudy,Daylight,16,Sunday,244,273,1.1188524590163935
Cloudy,Daylight,16,Thursday,301,327,1.0863787375415281
Cloudy,Daylight,16,Tuesday,277,303,1.0938628158844765
Cloudy,Daylight,16,Wednesday,305,340,1.1147540983606556
Cloudy,Daylight,17,Friday,253,278,1.098814229249012
Cloudy,Daylight,17,Monday,221,248,1.1221719457013575
Cloudy,Daylight,17,Saturday,234,264,1.1282051282051282
Cloudy,Daylight,17,Sunday,209,227,1.0861244019138756
Cloudy,Daylight,17,Thursday,234,261,1.1153846153846154
Cloudy,Daylight,17,Tuesday,220,235,1.0681818181818181
Cloudy,Daylight,17,Wednesday,221,234,1.0588235294117647
Cloudy,Daylight,18,Friday,151,166,1.099337748344371
Cloudy,Daylight,18,Monday,150,163,1.0866666666666667
Cloudy,Daylight,18,Saturday,188,203,1.0797872340425532
Cloudy,Daylight,18,Sunday,175,193,1.1028571428571428
Cloudy,Daylight,18,Thursday,132,141,1.0681818181818181
Cloudy,Daylight,18,Tuesday,136,151,1.1102941176470589
Cloudy,Daylight,18,Wednesday,167,181,1.0838323353293413
Cloudy,Daylight,19,Friday,99,110,1.1111111111111112
Cloudy,Daylight,19,Monday,71,78,1.0985915492957747
Cloudy,Daylight,19,Saturday,111,126,1.135135135135135
Cloudy,Daylight,19,Sunday,93,105,1.1290322580645162
Cloudy,Daylight,19,Thursday,91,104,1.1428571428571428
Cloudy,Daylight,19,Tuesday,61,65,1.0655737704918034
Cloudy,Daylight,19,Wednesday,69,76,1.1014492753623188
Cloudy,Daylight,20,Friday,27,28,1.037037037037037
Cloudy,Daylight,20,Monday,24,25,1.0416666666666667
Cloudy,Daylight,20,Saturday,28,29,1.0357142857142858
Cloudy,Daylight,20,Sunday,20,21,1.05
Cloudy,Daylight,20,Thursday,26,27,1.0384615384615385
Cloudy,Daylight,20,Tuesday,22,25,1.1363636363636365
Cloudy,Daylight,20,Wednesday,15,16,1.0666666666666667
Cloudy,Daylight,21,Friday,3,3,1.0
Cloudy,Daylight,21,Monday,3,3,1.0
Cloudy,Daylight,21,Saturday,1,2,2.0
Cloudy,Daylight,21,Sunday,4,6,1.5
Cloudy,Daylight,21,Thursday,4,5,1.25
Cloudy,Daylight,21,Tuesday,3,3,1.0
Cloudy,Daylight,21,Wednesday,5,5,1.0
Cloudy,Daylight,22,Friday,5,5,1.0
Cloudy,Daylight,22,Monday,1,1,1.0
Cloudy,Daylight,22,Saturday,4,4,1.0
Cloudy,Daylight,22,Sunday,2,2,1.0
Cloudy,Daylight,22,Tuesday,2,2,1.0
Cloudy,Daylight,22,Wednesday,3,3,1.0
Cloudy,Daylight,23,Friday,1,1,1.0
Cloudy,Daylight,99,Friday,11,11,1.0
Cloudy,Daylight,99,Monday,8,9,1.125
Cloudy,Daylight,99,Saturday,9,10,1.1111111111111112
Cloudy,Daylight,99,Sunday,11,12,1.0909090909090908
Cloudy,Daylight,99,Thursday,8,8,1.0
Cloudy,Daylight,99,Tuesday,10,10,1.0
Cloudy,Daylight,99,Wednesday,4,6,1.5
Cloudy,Dusk,0,Sunday,1,2,2.0
Cloudy,Dusk,6,Sunday,1,1,1.0
Cloudy,Dusk,15,Friday,2,3,1.5
Cloudy,Dusk,15,Monday,3,4,1.3333333333333333
Cloudy,Dusk,15,Tuesday,3,3,1.0
Cloudy,Dusk,16,Friday,15,15,1.0
Cloudy,Dusk,16,Monday,16,17,1.0625
Cloudy,Dusk,16,Saturday,11,11,1.0
Cloudy,Dusk,16,Sunday,26,27,1.0384615384615385
Cloudy,Dusk,16,Thursday,19,19,1.0
Cloudy,Dusk,16,Tuesday,14,16,1.1428571428571428
Cloudy,Dusk,16,Wednesday,17,17,1.0
Cloudy,Dusk,17,Friday,46,49,1.065217391304348
Cloudy,Dusk,17,Monday,35,37,1.0571428571428572
Cloudy,Dusk,17,Saturday,21,26,1.2380952380952381
Cloudy,Dusk,17,Sunday,27,32,1.1851851851851851
Cloudy,Dusk,17,Thursday,41,41,1.0
Cloudy,Dusk,17,Tuesday,42,44,1.0476190476190477
Cloudy,Dusk,17,Wednesday,54,57,1.0555555555555556
Cloudy,Dusk,18,Friday,29,33,1.1379310344827587
Cloudy,Dusk,18,Monday,33,41,1.2424242424242424
Cloudy,Dusk,18,Saturday,35,38,1.0857142857142856
Cloudy,Dusk,18,Sunday,29,31,1.0689655172413792
Cloudy,Dusk,18,Thursday,22,24,1.0909090909090908
Cloudy,Dusk,18,Tuesday,32,40,1.25
Cloudy,Dusk,18,Wednesday,35,37,1.0571428571428572
Cloudy,Dusk,19,Friday,38,39,1.0263157894736843
Cloudy,Dusk,19,Monday,30,32,1.0666666666666667
Cloudy,Dusk,19,Saturday,39,41,1.0512820512820513
Cloudy,Dusk,19,Sunday,33,38,1.1515151515151516
Cloudy,Dusk,19,Thursday,33,34,1.0303030303030303
Cloudy,Dusk,19,Tuesday,40,44,1.1
Cloudy,Dusk,19,Wednesday,39,42,1.0769230769230769
Cloudy,Dusk,20,Friday,36,37,1.0277777777777777
Cloudy,Dusk,20,Monday,16,16,1.0
Cloudy,Dusk,20,Saturday,36,39,1.0833333333333333
Cloudy,Dusk,20,Sunday,30,31,1.0333333333333334
Cloudy,Dusk,20,Thursday,26,29,1.1153846153846154
Cloudy,Dusk,20,Tuesday,32,37,1.15625
Cloudy,Dusk,20,Wednesday,39,43,1.1025641025641026
Cloudy,Dusk,21,Friday,4,4,1.0
Cloudy,Dusk,21,Monday,3,3,1.0
Cloudy,Dusk,21,Saturday,10,10,1.0
Cloudy,Dusk,21,Sunday,8,8,1.0
Cloudy,Dusk,21,Thursday,4,4,1.0
Cloudy,Dusk,21,Tuesday,3,3,1.0
Cloudy,Dusk,21,Wednesday,5,5,1.0
Cloudy,Dusk,22,Thursday,1,1,1.0
Cloudy,Dusk,23,Saturday,2,2,1.0
Cloudy,Dusk,23,Wednesday,1,1,1.0
Cloudy,Dusk,99,Friday,1,2,2.0
Cloudy,Dusk,99,Monday,1,1,1.0
Cloudy,Dusk,99,Tuesday,2,5,2.5
Cloudy,Not Reported,0,Thursday,1,1,1.0
Cloudy,Not Reported,2,Friday,1,1,1.0
Cloudy,Not Reported,2,Monday,1,1,1.0
Cloudy,Not Reported,6,Thursday,1,1,1.0
Cloudy,Not Reported,7,Sunday,1,1,1.0
Cloudy,Not Reported,7,Wednesday,1,1,1.0
Cloudy,Not Reported,8,Sunday,1,1,1.0
Cloudy,Not Reported,12,Tuesday,1,2,2.0
Cloudy,Not Reported,17,Monday,1,1,1.0
Cloudy,Not Reported,18,Monday,1,1,1.0
Cloudy,Not Reported,18,Saturday,1,1,1.0
Cloudy,Not Reported,18,Wednesday,1,1,1.0
Cloudy,Not Reported,19,Thursday,1,1,1.0
Cloudy,Not Reported,19,Wednesday,1,2,2.0
Cloudy,Not Reported,23,Monday,1,1,1.0
Cloudy,Not Reported,23,Saturday,1,1,1.0
Cloudy,Not Reported,99,Friday,1,1,1.0
Cloudy,Other,0,Saturday,1,1,1.0
Cloudy,Other,1,Saturday,1,1,1.0
Cloudy,Other,2,Wednesday,1,1,1.0
Cloudy,Other,6,Thursday,1,1,1.0
Cloudy,Other,6,Tuesday,1,1,1.0
Cloudy,Other,8,Saturday,1,1,1.0
Cloudy,Other,9,Saturday,1,1,1.0
Cloudy,Other,11,Wednesday,2,2,1.0
Cloudy,Other,13,Saturday,1,1,1.0
Cloudy,Other,17,Friday,1,1,1.0
Cloudy,Other,20,Tuesday,1,1,1.0
Cloudy,Other,23,Saturday,1,1,1.0
Cloudy,Other,23,Thursday,1,1,1.0
Cloudy,Reported as Unknown,4,Friday,1,1,1.0
Cloudy,Reported as Unknown,5,Saturday,1,1,1.0
Cloudy,Reported as Unknown,5,Sunday,2,2,1.0
Cloudy,Reported as Unknown,5,Thursday,2,3,1.5
Cloudy,Reported as Unknown,6,Thursday,1,1,1.0
Cloudy,Reported as Unknown,7,Monday,1,1,1.0
Cloudy,Reported as Unknown,7,Sunday,1,1,1.0
Cloudy,Reported as Unknown,8,Monday,1,1,1.0
Cloudy,Reported as Unknown,8,Saturday,3,3,1.0
Cloudy,Reported as Unknown,8,Tuesday,1,1,1.0
Cloudy,Reported as Unknown,8,Wednesday,1,1,1.0
Cloudy,Reported as Unknown,9,Monday,1,1,1.0
Cloudy,Reported as Unknown,9,Saturday,1,1,1.0
Cloudy,Reported as Unknown,9,Sunday,2,2,1.0
Cloudy,Reported as Unknown,9,Wednesday,1,1,1.0
Cloudy,Reported as Unknown,10,Tuesday,1,1,1.0
Cloudy,Reported as Unknown,11,Saturday,2,2,1.0
Cloudy,Reported as Unknown,12,Thursday,1,1,1.0
Cloudy,Reported as Unknown,13,Sunday,1,1,1.0
Cloudy,Reported as Unknown,16,Saturday,1,1,1.0
Cloudy,Reported as Unknown,17,Monday,2,3,1.5
Cloudy,Reported as Unknown,20,Sunday,2,2,1.0
Cloudy,Reported as Unknown,21,Tuesday,1,1,1.0
Cloudy,Reported as Unknown,99,Friday,2,2,1.0
Cloudy,Reported as Unknown,99,Monday,1,1,1.0
Cloudy,Reported as Unknown,99,Saturday,5,6,1.2
Cloudy,Reported as Unknown,99,Sunday,2,2,1.0
Cloudy,Reported as Unknown,99,Thursday,4,4,1.0
Cloudy,Reported as Unknown,99,Tuesday,2,3,1.5
Cloudy,Reported as Unknown,99,Wednesday,2,2,1.0
Cloudy,Unknown,6,Saturday,1,1,1.0
Cloudy,Unknown,6,Sunday,1,1,1.0
Cloudy,Unknown,7,Sunday,1,1,1.0
Cloudy,Unknown,8,Friday,1,1,1.0
Cloudy,Unknown,8,Saturday,1,1,1.0
Cloudy,Unknown,8,Thursday,1,1,1.0
Cloudy,Unknown,9,Sunday,2,2,1.0
Cloudy,Unknown,10,Wednesday,1,1,1.0
Cloudy,Unknown,13,Friday,1,1,1.0
Cloudy,Unknown,14,Sunday,1,1,1.0
Cloudy,Unknown,16,Monday,1,1,1.0
Cloudy,Unknown,18,Friday,1,2,2.0
Cloudy,Unknown,19,Saturday,1,1,1.0
Cloudy,Unknown,99,Friday,3,3,1.0
Cloudy,Unknown,99,Monday,1,1,1.0
Cloudy,Unknown,99,Saturday,2,2,1.0
Cloudy,Unknown,99,Sunday,3,3,1.0
Cloudy,Unknown,99,Thursday,1,1,1.0
Cloudy,Unknown,99,Wednesday,1,1,1.0
"Fog, Smog, Smoke",Dark - Lighted,0,Friday,4,4,1.0
"Fog, Smog, Smoke",Dark - Lighted,0,Monday,4,6,1.5
"Fog, Smog, Smoke",Dark - Lighted,0,Saturday,8,8,1.0
"Fog, Smog, Smoke",Dark - Lighted,0,Sunday,15,18,1.2
"Fog, Smog, Smoke",Dark - Lighted,0,Thursday,5,5,1.0
"Fog, Smog, Smoke",Dark - Lighted,0,Tuesday,7,7,1.0
"Fog, Smog, Smoke",Dark - Lighted,0,Wednesday,2,2,1.0
"Fog, Smog, Smoke",Dark - Lighted,1,Friday,3,3,1.0
"Fog, Smog, Smoke",Dark - Lighted,1,Monday,1,1,1.0
"Fog, Smog, Smoke",Dark - Lighted,1,Saturday,14,16,1.1428571428571428
"Fog, Smog, Smoke",Dark - Lighted,1,Sunday,15,16,1.0666666666666667
"Fog, Smog, Smoke",Dark - Lighted,1,Thursday,4,5,1.25
"Fog, Smog, Smoke",Dark - Lighted,1,Tuesday,9,9,1.0
"Fog, Smog, Smoke",Dark - Lighted,1,Wednesday,4,4,1.0
"Fog, Smog, Smoke",Dark - Lighted,2,Friday,6,6,1.0
"Fog, Smog, Smoke",Dark - Lighted,2,Monday,5,5,1.0
"Fog, Smog, Smoke",Dark - Lighted,2,Saturday,11,14,1.2727272727272727
"Fog, Smog, Smoke",Dark - Lighted,2,Sunday,14,17,1.2142857142857142
"Fog, Smog, Smoke",Dark - Lighted,2,Thursday,7,7,1.0
"Fog, Smog, Smoke",Dark - Lighted,2,Tuesday,5,5,1.0
"Fog, Smog, Smoke",Dark - Lighted,2,Wednesday,7,8,1.1428571428571428
"Fog, Smog, Smoke",Dark - Lighted,3,Friday,5,5,1.0
"Fog, Smog, Smoke",Dark - Lighted,3,Monday,4,4,1.0
"Fog, Smog, Smoke",Dark - Lighted,3,Saturday,12,14,1.1666666666666667
"Fog, Smog, Smoke",Dark - Lighted,3,Sunday,21,23,1.0952380952380953
"Fog, Smog, Smoke",Dark - Lighted,3,Thursday,4,4,1.0
"Fog, Smog, Smoke",Dark - Lighted,3,Tuesday,4,4,1.0
"Fog, Smog, Smoke",Dark - Lighted,3,Wednesday,7,7,1.0
"Fog, Smog, Smoke",Dark - Lighted,4,Friday,5,5,1.0
"Fog, Smog, Smoke",Dark - Lighted,4,Monday,4,4,1.0
"Fog, Smog, Smoke",Dark - Lighted,4,Saturday,10,11,1.1
"Fog, Smog, Smoke",Dark - Lighted,4,Sunday,4,6,1.5
"Fog, Smog, Smoke",Dark - Lighted,4,Thursday,7,7,1.0
"Fog, Smog, Smoke",Dark - Lighted,4,Tuesday,4,4,1.0
"Fog, Smog, Smoke",Dark - Lighted,4,Wednesday,2,2,1.0
"Fog, Smog, Smoke",Dark - Lighted,5,Friday,9,9,1.0
"Fog, Smog, Smoke",Dark - Lighted,5,Monday,11,11,1.0
"Fog, Smog, Smoke",Dark - Lighted,5,Saturday,7,8,1.1428571428571428
"Fog, Smog, Smoke",Dark - Lighted,5,Sunday,10,10,1.0
"Fog, Smog, Smoke",Dark - Lighted,5,Thursday,7,7,1.0
"Fog, Smog, Smoke",Dark - Lighted,5,Tuesday,11,11,1.0
"Fog, Smog, Smoke",Dark - Lighted,5,Wednesday,9,10,1.1111111111111112
"Fog, Smog, Smoke",Dark - Lighted,6,Friday,7,7,1.0
"Fog, Smog, Smoke",Dark - Lighted,6,Monday,11,11,1.0
"Fog, Smog, Smoke",Dark - Lighted,6,Saturday,5,5,1.0
"Fog, Smog, Smoke",Dark - Lighted,6,Sunday,10,10,1.0
"Fog, Smog, Smoke",Dark - Lighted,6,Thursday,14,15,1.0714285714285714
"Fog, Smog, Smoke",Dark - Lighted,6,Tuesday,7,7,1.0
"Fog, Smog, Smoke",Dark - Lighted,6,Wednesday,7,7,1.0
"Fog, Smog, Smoke",Dark - Lighted,7,Monday,1,2,2.0
"Fog, Smog, Smoke",Dark - Lighted,7,Saturday,1,1,1.0
"Fog, Smog, Smoke",Dark - Lighted,7,Sunday,1,1,1.0
"Fog, Smog, Smoke",Dark - Lighted,7,Thursday,1,1,1.0
"Fog, Smog, Smoke",Dark - Lighted,7,Tuesday,3,3,1.0
"Fog, Smog, Smoke",Dark - Lighted,8,Saturday,1,1,1.0
"Fog, Smog, Smoke",Dark - Lighted,17,Friday,1,1,1.0
"Fog, Smog, Smoke",Dark - Lighted,17,Monday,1,1,1.0
"Fog, Smog, Smoke",Dark - Lighted,17,Saturday,1,1,1.0
"Fog, Smog, Smoke",Dark - Lighted,18,Friday,4,6,1.5
"Fog, Smog, Smoke",Dark - Lighted,18,Monday,3,3,1.0
"Fog, Smog, Smoke",Dark - Lighted,18,Saturday,7,7,1.0
"Fog, Smog, Smoke",Dark - Lighted,18,Sunday,4,4,1.0
"Fog, Smog, Smoke",Dark - Lighted,18,Thursday,1,1,1.0
"Fog, Smog, Smoke",Dark - Lighted,18,Tuesday,1,1,1.0
"Fog, Smog, Smoke",Dark - Lighted,18,Wednesday,2,2,1.0
"Fog, Smog, Smoke",Dark - Lighted,19,Friday,3,5,1.6666666666666667
"Fog, Smog, Smoke",Dark - Lighted,19,Monday,2,2,1.0
"Fog, Smog, Smoke",Dark - Lighted,19,Saturday,2,2,1.0
"Fog, Smog, Smoke",Dark - Lighted,19,Sunday,2,2,1.0
"Fog, Smog, Smoke",Dark - Lighted,19,Thursday,5,5,1.0
"Fog, Smog, Smoke",Dark - Lighted,19,Tuesday,3,3,1.0
"Fog, Smog, Smoke",Dark - Lighted,19,Wednesday,2,2,1.0
"Fog, Smog, Smoke",Dark - Lighted,20,Friday,2,3,1.5
"Fog, Smog, Smoke",Dark - Lighted,20,Monday,2,2,1.0
"Fog, Smog, Smoke",Dark - Lighted,20,Saturday,4,4,1.0
"Fog, Smog, Smoke",Dark - Lighted,20,Sunday,6,6,1.0
"Fog, Smog, Smoke",Dark - Lighted,20,Thursday,5,5,1.0
"Fog, Smog, Smoke",Dark - Lighted,20,Tuesday,1,1,1.0
"Fog, Smog, Smoke",Dark - Lighted,20,Wednesday,4,4,1.0
"Fog, Smog, Smoke",Dark - Lighted,21,Friday,1,1,1.0
"Fog, Smog, Smoke",Dark - Lighted,21,Monday,4,5,1.25
"Fog, Smog, Smoke",Dark - Lighted,21,Saturday,4,4,1.0
"Fog, Smog, Smoke",Dark - Lighted,21,Sunday,3,3,1.0
"Fog, Smog, Smoke",Dark - Lighted,21,Thursday,4,4,1.0
"Fog, Smog, Smoke",Dark - Lighted,21,Tuesday,1,1,1.0
"Fog, Smog, Smoke",Dark - Lighted,21,Wednesday,2,2,1.0
"Fog, Smog, Smoke",Dark - Lighted,22,Friday,10,12,1.2
"Fog, Smog, Smoke",Dark - Lighted,22,Monday,4,4,1.0
"Fog, Smog, Smoke",Dark - Lighted,22,Saturday,11,12,1.0909090909090908
"Fog, Smog, Smoke",Dark - Lighted,22,Sunday,2,2,1.0
"Fog, Smog, Smoke",Dark - Lighted,22,Thursday,6,6,1.0
"Fog, Smog, Smoke",Dark - Lighted,22,Tuesday,6,6,1.0
"Fog, Smog, Smoke",Dark - Lighted,22,Wednesday,4,5,1.25
"Fog, Smog, Smoke",Dark - Lighted,23,Friday,17,18,1.0588235294117647
"Fog, Smog, Smoke",Dark - Lighted,23,Monday,2,2,1.0
"Fog, Smog, Smoke",Dark - Lighted,23,Saturday,9,9,1.0
"Fog, Smog, Smoke",Dark - Lighted,23,Sunday,3,3,1.0
"Fog, Smog, Smoke",Dark - Lighted,23,Thursday,1,1,1.0
"Fog, Smog, Smoke",Dark - Lighted,23,Tuesday,5,5,1.0
"Fog, Smog, Smoke",Dark - Lighted,23,Wednesday,6,6,1.0
"Fog, Smog, Smoke",Dark - Lighted,99,Friday,2,2,1.0
"Fog, Smog, Smoke",Dark - Lighted,99,Saturday,1,1,1.0
"Fog, Smog, Smoke",Dark - Lighted,99,Sunday,2,2,1.0
"Fog, Smog, Smoke",Dark - Not Lighted,0,Friday,20,22,1.1
"Fog, Smog, Smoke",Dark - Not Lighted,0,Monday,18,19,1.0555555555555556
"Fog, Smog, Smoke",Dark - Not Lighted,0,Saturday,28,31,1.1071428571428572
"Fog, Smog, Smoke",Dark - Not Lighted,0,Sunday,34,39,1.1470588235294117
"Fog, Smog, Smoke",Dark - Not Lighted,0,Thursday,10,11,1.1
"Fog, Smog, Smoke",Dark - Not Lighted,0,Tuesday,16,17,1.0625
"Fog, Smog, Smoke",Dark - Not Lighted,0,Wednesday,11,12,1.0909090909090908
"Fog, Smog, Smoke",Dark - Not Lighted,1,Friday,12,12,1.0
"Fog, Smog, Smoke",Dark - Not Lighted,1,Monday,11,12,1.0909090909090908
"Fog, Smog, Smoke",Dark - Not Lighted,1,Saturday,24,24,1.0
"Fog, Smog, Smoke",Dark - Not Lighted,1,Sunday,37,43,1.162162162162162
"Fog, Smog, Smoke",Dark - Not Lighted,1,Thursday,7,9,1.2857142857142858
"Fog, Smog, Smoke",Dark - Not Lighted,1,Tuesday,6,6,1.0
"Fog, Smog, Smoke",Dark - Not Lighted,1,Wednesday,11,11,1.0
"Fog, Smog, Smoke",Dark - Not Lighted,2,Friday,13,15,1.1538461538461537
"Fog, Smog, Smoke",Dark - Not Lighted,2,Monday,12,12,1.0
"Fog, Smog, Smoke",Dark - Not Lighted,2,Saturday,24,27,1.125
"Fog, Smog, Smoke",Dark - Not Lighted,2,Sunday,55,63,1.1454545454545455
"Fog, Smog, Smoke",Dark - Not Lighted,2,Thursday,20,22,1.1
"Fog, Smog, Smoke",Dark - Not Lighted,2,Tuesday,7,7,1.0
"Fog, Smog, Smoke",Dark - Not Lighted,2,Wednesday,10,12,1.2
"Fog, Smog, Smoke",Dark - Not Lighted,3,Friday,18,21,1.1666666666666667
"Fog, Smog, Smoke",Dark - Not Lighted,3,Monday,12,12,1.0
"Fog, Smog, Smoke",Dark - Not Lighted,3,Saturday,36,39,1.0833333333333333
"Fog, Smog, Smoke",Dark - Not Lighted,3,Sunday,46,55,1.1956521739130435
"Fog, Smog, Smoke",Dark - Not Lighted,3,Thursday,18,18,1.0
"Fog, Smog, Smoke",Dark - Not Lighted,3,Tuesday,15,16,1.0666666666666667
"Fog, Smog, Smoke",Dark - Not Lighted,3,Wednesday,14,16,1.1428571428571428
"Fog, Smog, Smoke",Dark - Not Lighted,4,Friday,24,24,1.0
"Fog, Smog, Smoke",Dark - Not Lighted,4,Monday,20,20,1.0
"Fog, Smog, Smoke",Dark - Not Lighted,4,Saturday,33,34,1.0303030303030303
"Fog, Smog, Smoke",Dark - Not Lighted,4,Sunday,37,42,1.135135135135135
"Fog, Smog, Smoke",Dark - Not Lighted,4,Thursday,18,20,1.1111111111111112
"Fog, Smog, Smoke",Dark - Not Lighted,4,Tuesday,17,17,1.0
"Fog, Smog, Smoke",Dark - Not Lighted,4,Wednesday,22,27,1.2272727272727273
"Fog, Smog, Smoke",Dark - Not Lighted,5,Friday,43,45,1.0465116279069768
"Fog, Smog, Smoke",Dark - Not Lighted,5,Monday,37,40,1.0810810810810811
"Fog, Smog, Smoke",Dark - Not Lighted,5,Saturday,50,50,1.0
"Fog, Smog, Smoke",Dark - Not Lighted,5,Sunday,37,41,1.1081081081081081
"Fog, Smog, Smoke",Dark - Not Lighted,5,Thursday,42,44,1.0476190476190477
"Fog, Smog, Smoke",Dark - Not Lighted,5,Tuesday,56,65,1.1607142857142858
"Fog, Smog, Smoke",Dark - Not Lighted,5,Wednesday,50,58,1.16
"Fog, Smog, Smoke",Dark - Not Lighted,6,Friday,43,45,1.0465116279069768
"Fog, Smog, Smoke",Dark - Not Lighted,6,Monday,44,47,1.0681818181818181
"Fog, Smog, Smoke",Dark - Not Lighted,6,Saturday,27,28,1.037037037037037
"Fog, Smog, Smoke",Dark - Not Lighted,6,Sunday,22,22,1.0
"Fog, Smog, Smoke",Dark - Not Lighted,6,Thursday,46,48,1.0434782608695652
"Fog, Smog, Smoke",Dark - Not Lighted,6,Tuesday,50,53,1.06
"Fog, Smog, Smoke",Dark - Not Lighted,6,Wednesday,44,47,1.0681818181818181
"Fog, Smog, Smoke",Dark - Not Lighted,7,Friday,7,8,1.1428571428571428
"Fog, Smog, Smoke",Dark - Not Lighted,7,Monday,8,8,1.0
"Fog, Smog, Smoke",Dark - Not Lighted,7,Saturday,3,3,1.0
"Fog, Smog, Smoke",Dark - Not Lighted,7,Sunday,2,2,1.0
"Fog, Smog, Smoke",Dark - Not Lighted,7,Thursday,7,7,1.0
"Fog, Smog, Smoke",Dark - Not Lighted,7,Tuesday,8,8,1.0
"Fog, Smog, Smoke",Dark - Not Lighted,7,Wednesday,7,7,1.0
"Fog, Smog, Smoke",Dark - Not Lighted,8,Monday,1,1,1.0
"Fog, Smog, Smoke",Dark - Not Lighted,8,Saturday,3,6,2.0
"Fog, Smog, Smoke",Dark - Not Lighted,8,Sunday,2,2,1.0
"Fog, Smog, Smoke",Dark - Not Lighted,8,Wednesday,1,1,1.0
"Fog, Smog, Smoke",Dark - Not Lighted,16,Monday,2,2,1.0
"Fog, Smog, Smoke",Dark - Not Lighted,16,Saturday,3,3,1.0
"Fog, Smog, Smoke",Dark - Not Lighted,16,Wednesday,2,2,1.0
"Fog, Smog, Smoke",Dark - Not Lighted,17,Friday,2,2,1.0
"Fog, Smog, Smoke",Dark - Not Lighted,17,Monday,1,1,1.0
"Fog, Smog, Smoke",Dark - Not Lighted,17,Saturday,4,4,1.0
"Fog, Smog, Smoke",Dark - Not Lighted,17,Sunday,5,5,1.0
"Fog, Smog, Smoke",Dark - Not Lighted,17,Thursday,5,5,1.0
"Fog, Smog, Smoke",Dark - Not Lighted,17,Tuesday,4,4,1.0
"Fog, Smog, Smoke",Dark - Not Lighted,17,Wednesday,3,4,1.3333333333333333
"Fog, Smog, Smoke",Dark - Not Lighted,18,Friday,5,6,1.2
"Fog, Smog, Smoke",Dark - Not Lighted,18,Monday,5,5,1.0
"Fog, Smog, Smoke",Dark - Not Lighted,18,Saturday,11,12,1.0909090909090908
"Fog, Smog, Smoke",Dark - Not Lighted,18,Sunday,4,4,1.0
"Fog, Smog, Smoke",Dark - Not Lighted,18,Thursday,1,1,1.0
"Fog, Smog, Smoke",Dark - Not Lighted,18,Tuesday,4,4,1.0
"Fog, Smog, Smoke",Dark - Not Lighted,18,Wednesday,8,9,1.125
"Fog, Smog, Smoke",Dark - Not Lighted,19,Friday,13,13,1.0
"Fog, Smog, Smoke",Dark - Not Lighted,19,Monday,12,12,1.0
"Fog, Smog, Smoke",Dark - Not Lighted,19,Saturday,9,10,1.1111111111111112
"Fog, Smog, Smoke",Dark - Not Lighted,19,Sunday,6,6,1.0
"Fog, Smog, Smoke",Dark - Not Lighted,19,Thursday,6,6,1.0
"Fog, Smog, Smoke",Dark - Not Lighted,19,Tuesday,4,5,1.25
"Fog, Smog, Smoke",Dark - Not Lighted,19,Wednesday,7,9,1.2857142857142858
"Fog, Smog, Smoke",Dark - Not Lighted,20,Friday,17,18,1.0588235294117647
"Fog, Smog, Smoke",Dark - Not Lighted,20,Monday,9,10,1.1111111111111112
"Fog, Smog, Smoke",Dark - Not Lighted,20,Saturday,12,12,1.0
"Fog, Smog, Smoke",Dark - Not Lighted,20,Sunday,10,10,1.0
"Fog, Smog, Smoke",Dark - Not Lighted,20,Thursday,6,6,1.0
"Fog, Smog, Smoke",Dark - Not Lighted,20,Tuesday,15,16,1.0666666666666667
"Fog, Smog, Smoke",Dark - Not Lighted,20,Wednesday,12,15,1.25
"Fog, Smog, Smoke",Dark - Not Lighted,21,Friday,17,18,1.0588235294117647
"Fog, Smog, Smoke",Dark - Not Lighted,21,Monday,9,9,1.0
"Fog, Smog, Smoke",Dark - Not Lighted,21,Saturday,16,16,1.0
"Fog, Smog, Smoke",Dark - Not Lighted,21,Sunday,12,15,1.25
"Fog, Smog, Smoke",Dark - Not Lighted,21,Thursday,14,22,1.5714285714285714
"Fog, Smog, Smoke",Dark - Not Lighted,21,Tuesday,11,11,1.0
"Fog, Smog, Smoke",Dark - Not Lighted,21,Wednesday,5,5,1.0
"Fog, Smog, Smoke",Dark - Not Lighted,22,Friday,19,21,1.105263157894737
"Fog, Smog, Smoke",Dark - Not Lighted,22,Monday,15,15,1.0
"Fog, Smog, Smoke",Dark - Not Lighted,22,Saturday,14,20,1.4285714285714286
"Fog, Smog, Smoke",Dark - Not Lighted,22,Sunday,15,15,1.0
"Fog, Smog, Smoke",Dark - Not Lighted,22,Thursday,22,24,1.0909090909090908
"Fog, Smog, Smoke",Dark - Not Lighted,22,Tuesday,9,10,1.1111111111111112
"Fog, Smog, Smoke",Dark - Not Lighted,22,Wednesday,12,12,1.0
"Fog, Smog, Smoke",Dark - Not Lighted,23,Friday,25,30,1.2
"Fog, Smog, Smoke",Dark - Not Lighted,23,Monday,17,22,1.2941176470588236
"Fog, Smog, Smoke",Dark - Not Lighted,23,Saturday,20,25,1.25
"Fog, Smog, Smoke",Dark - Not Lighted,23,Sunday,9,9,1.0
"Fog, Smog, Smoke",Dark - Not Lighted,23,Thursday,12,12,1.0
"Fog, Smog, Smoke",Dark - Not Lighted,23,Tuesday,14,15,1.0714285714285714
"Fog, Smog, Smoke",Dark - Not Lighted,23,Wednesday,10,11,1.1
"Fog, Smog, Smoke",Dark - Not Lighted,99,Friday,3,3,1.0
"Fog, Smog, Smoke",Dark - Not Lighted,99,Monday,6,6,1.0
"Fog, Smog, Smoke",Dark - Not Lighted,99,Saturday,8,9,1.125
"Fog, Smog, Smoke",Dark - Not Lighted,99,Sunday,7,7,1.0
"Fog, Smog, Smoke",Dark - Not Lighted,99,Thursday,2,2,1.0
"Fog, Smog, Smoke",Dark - Not Lighted,99,Tuesday,1,1,1.0
"Fog, Smog, Smoke",Dark - Not Lighted,99,Wednesday,2,2,1.0
"Fog, Smog, Smoke",Dark - Unknown Lighting,0,Saturday,1,1,1.0
"Fog, Smog, Smoke",Dark - Unknown Lighting,0,Sunday,1,1,1.0
"Fog, Smog, Smoke",Dark - Unknown Lighting,0,Thursday,2,2,1.0
"Fog, Smog, Smoke",Dark - Unknown Lighting,1,Saturday,1,1,1.0
"Fog, Smog, Smoke",Dark - Unknown Lighting,1,Wednesday,1,1,1.0
"Fog, Smog, Smoke",Dark - Unknown Lighting,2,Saturday,2,4,2.0
"Fog, Smog, Smoke",Dark - Unknown Lighting,2,Sunday,1,1,1.0
"Fog, Smog, Smoke",Dark - Unknown Lighting,2,Thursday,1,1,1.0
"Fog, Smog, Smoke",Dark - Unknown Lighting,3,Saturday,1,1,1.0
"Fog, Smog, Smoke",Dark - Unknown Lighting,3,Sunday,3,5,1.6666666666666667
"Fog, Smog, Smoke",Dark - Unknown Lighting,4,Saturday,1,1,1.0
"Fog, Smog, Smoke",Dark - Unknown Lighting,4,Sunday,3,3,1.0
"Fog, Smog, Smoke",Dark - Unknown Lighting,4,Thursday,1,1,1.0
"Fog, Smog, Smoke",Dark - Unknown Lighting,5,Thursday,1,2,2.0
"Fog, Smog, Smoke",Dark - Unknown Lighting,6,Friday,1,1,1.0
"Fog, Smog, Smoke",Dark - Unknown Lighting,6,Saturday,1,1,1.0
"Fog, Smog, Smoke",Dark - Unknown Lighting,6,Tuesday,1,1,1.0
"Fog, Smog, Smoke",Dark - Unknown Lighting,7,Sunday,1,1,1.0
"Fog, Smog, Smoke",Dark - Unknown Lighting,19,Sunday,1,1,1.0
"Fog, Smog, Smoke",Dark - Unknown Lighting,20,Monday,1,1,1.0
"Fog, Smog, Smoke",Dark - Unknown Lighting,22,Saturday,1,1,1.0
"Fog, Smog, Smoke",Dark - Unknown Lighting,22,Sunday,1,1,1.0
"Fog, Smog, Smoke",Dark - Unknown Lighting,22,Tuesday,1,1,1.0
"Fog, Smog, Smoke",Dark - Unknown Lighting,23,Thursday,1,1,1.0
"Fog, Smog, Smoke",Dawn,4,Monday,1,1,1.0
"Fog, Smog, Smoke",Dawn,4,Saturday,1,1,1.0
"Fog, Smog, Smoke",Dawn,4,Tuesday,2,3,1.5
"Fog, Smog, Smoke",Dawn,4,Wednesday,1,1,1.0
"Fog, Smog, Smoke",Dawn,5,Friday,10,10,1.0
"Fog, Smog, Smoke",Dawn,5,Monday,7,7,1.0
"Fog, Smog, Smoke",Dawn,5,Saturday,12,13,1.0833333333333333
"Fog, Smog, Smoke",Dawn,5,Sunday,2,2,1.0
"Fog, Smog, Smoke",Dawn,5,Thursday,10,12,1.2
"Fog, Smog, Smoke",Dawn,5,Tuesday,8,8,1.0
"Fog, Smog, Smoke",Dawn,5,Wednesday,8,8,1.0
"Fog, Smog, Smoke",Dawn,6,Friday,20,26,1.3
"Fog, Smog, Smoke",Dawn,6,Monday,30,35,1.1666666666666667
"Fog, Smog, Smoke",Dawn,6,Saturday,17,19,1.1176470588235294
"Fog, Smog, Smoke",Dawn,6,Sunday,12,12,1.0
"Fog, Smog, Smoke",Dawn,6,Thursday,20,22,1.1
"Fog, Smog, Smoke",Dawn,6,Tuesday,32,40,1.25
"Fog, Smog, Smoke",Dawn,6,Wednesday,23,31,1.3478260869565217
"Fog, Smog, Smoke",Dawn,7,Friday,14,14,1.0
"Fog, Smog, Smoke",Dawn,7,Monday,19,20,1.0526315789473684
"Fog, Smog, Smoke",Dawn,7,Saturday,12,13,1.0833333333333333
"Fog, Smog, Smoke",Dawn,7,Sunday,14,15,1.0714285714285714
"Fog, Smog, Smoke",Dawn,7,Thursday,15,16,1.0666666666666667
"Fog, Smog, Smoke",Dawn,7,Tuesday,20,20,1.0
"Fog, Smog, Smoke",Dawn,7,Wednesday,12,14,1.1666666666666667
"Fog, Smog, Smoke",Dawn,8,Friday,2,2,1.0
"Fog, Smog, Smoke",Dawn,8,Monday,4,4,1.0
"Fog, Smog, Smoke",Dawn,8,Saturday,5,5,1.0
"Fog, Smog, Smoke",Dawn,8,Sunday,1,1,1.0
"Fog, Smog, Smoke",Dawn,8,Thursday,2,2,1.0
"Fog, Smog, Smoke",Dawn,8,Tuesday,3,3,1.0
"Fog, Smog, Smoke",Dawn,8,Wednesday,4,5,1.25
"Fog, Smog, Smoke",Daylight,4,Friday,1,1,1.0
"Fog, Smog, Smoke",Daylight,4,Monday,1,1,1.0
"Fog, Smog, Smoke",Daylight,5,Friday,1,1,1.0
"Fog, Smog, Smoke",Daylight,5,Monday,3,3,1.0
"Fog, Smog, Smoke",Daylight,5,Sunday,2,2,1.0
"Fog, Smog, Smoke",Daylight,5,Tuesday,1,1,1.0
"Fog, Smog, Smoke",Daylight,5,Wednesday,1,1,1.0
"Fog, Smog, Smoke",Daylight,6,Friday,8,8,1.0
"Fog, Smog, Smoke",Daylight,6,Monday,11,13,1.1818181818181819
"Fog, Smog, Smoke",Daylight,6,Saturday,7,11,1.5714285714285714
"Fog, Smog, Smoke",Daylight,6,Sunday,8,9,1.125
"Fog, Smog, Smoke",Daylight,6,Thursday,11,12,1.0909090909090908
"Fog, Smog, Smoke",Daylight,6,Tuesday,12,12,1.0
"Fog, Smog, Smoke",Daylight,6,Wednesday,3,4,1.3333333333333333
"Fog, Smog, Smoke",Daylight,7,Friday,40,44,1.1
"Fog, Smog, Smoke",Daylight,7,Monday,57,65,1.1403508771929824
"Fog, Smog, Smoke",Daylight,7,Saturday,15,19,1.2666666666666666
"Fog, Smog, Smoke",Daylight,7,Sunday,16,17,1.0625
"Fog, Smog, Smoke",Daylight,7,Thursday,32,40,1.25
"Fog, Smog, Smoke",Daylight,7,Tuesday,34,36,1.0588235294117647
"Fog, Smog, Smoke",Daylight,7,Wednesday,29,31,1.0689655172413792
"Fog, Smog, Smoke",Daylight,8,Friday,18,22,1.2222222222222223
"Fog, Smog, Smoke",Daylight,8,Monday,21,31,1.4761904761904763
"Fog, Smog, Smoke",Daylight,8,Saturday,25,32,1.28
"Fog, Smog, Smoke",Daylight,8,Sunday,13,14,1.0769230769230769
"Fog, Smog, Smoke",Daylight,8,Thursday,23,24,1.0434782608695652
"Fog, Smog, Smoke",Daylight,8,Tuesday,21,21,1.0
"Fog, Smog, Smoke",Daylight,8,Wednesday,26,29,1.1153846153846154
"Fog, Smog, Smoke",Daylight,9,Friday,12,14,1.1666666666666667
"Fog, Smog, Smoke",Daylight,9,Monday,11,13,1.1818181818181819
"Fog, Smog, Smoke",Daylight,9,Saturday,10,10,1.0
"Fog, Smog, Smoke",Daylight,9,Sunday,10,12,1.2
"Fog, Smog, Smoke",Daylight,9,Thursday,5,5,1.0
"Fog, Smog, Smoke",Daylight,9,Tuesday,13,13,1.0
"Fog, Smog, Smoke",Daylight,9,Wednesday,9,9,1.0
"Fog, Smog, Smoke",Daylight,10,Friday,2,2,1.0
"Fog, Smog, Smoke",Daylight,10,Monday,3,3,1.0
"Fog, Smog, Smoke",Daylight,10,Saturday,5,5,1.0
"Fog, Smog, Smoke",Daylight,10,Sunday,2,2,1.0
"Fog, Smog, Smoke",Daylight,10,Thursday,10,12,1.2
"Fog, Smog, Smoke",Daylight,10,Tuesday,6,6,1.0
"Fog, Smog, Smoke",Daylight,10,Wednesday,1,1,1.0
"Fog, Smog, Smoke",Daylight,11,Friday,2,2,1.0
"Fog, Smog, Smoke",Daylight,11,Monday,4,4,1.0
"Fog, Smog, Smoke",Daylight,11,Saturday,4,5,1.25
"Fog, Smog, Smoke",Daylight,11,Sunday,3,3,1.0
"Fog, Smog, Smoke",Daylight,11,Thursday,2,4,2.0
"Fog, Smog, Smoke",Daylight,11,Tuesday,4,4,1.0
"Fog, Smog, Smoke",Daylight,11,Wednesday,4,4,1.0
"Fog, Smog, Smoke",Daylight,12,Friday,9,12,1.3333333333333333
"Fog, Smog, Smoke",Daylight,12,Monday,3,4,1.3333333333333333
"Fog, Smog, Smoke",Daylight,12,Saturday,3,3,1.0
"Fog, Smog, Smoke",Daylight,12,Sunday,3,3,1.0
"Fog, Smog, Smoke",Daylight,12,Thursday,5,5,1.0
"Fog, Smog, Smoke",Daylight,12,Tuesday,3,3,1.0
"Fog, Smog, Smoke",Daylight,12,Wednesday,2,2,1.0
"Fog, Smog, Smoke",Daylight,13,Friday,1,3,3.0
"Fog, Smog, Smoke",Daylight,13,Monday,5,5,1.0
"Fog, Smog, Smoke",Daylight,13,Saturday,6,6,1.0
"Fog, Smog, Smoke",Daylight,13,Sunday,1,1,1.0
"Fog, Smog, Smoke",Daylight,13,Thursday,5,5,1.0
"Fog, Smog, Smoke",Daylight,13,Tuesday,2,2,1.0
"Fog, Smog, Smoke",Daylight,13,Wednesday,1,1,1.0
"Fog, Smog, Smoke",Daylight,14,Friday,2,2,1.0
"Fog, Smog, Smoke",Daylight,14,Monday,3,4,1.3333333333333333
"Fog, Smog, Smoke",Daylight,14,Saturday,2,2,1.0
"Fog, Smog, Smoke",Daylight,14,Sunday,2,2,1.0
"Fog, Smog, Smoke",Daylight,14,Thursday,3,3,1.0
"Fog, Smog, Smoke",Daylight,14,Tuesday,5,6,1.2
"Fog, Smog, Smoke",Daylight,14,Wednesday,4,4,1.0
"Fog, Smog, Smoke",Daylight,15,Friday,5,5,1.0
"Fog, Smog, Smoke",Daylight,15,Monday,4,4,1.0
"Fog, Smog, Smoke",Daylight,15,Saturday,3,3,1.0
"Fog, Smog, Smoke",Daylight,15,Sunday,6,6,1.0
"Fog, Smog, Smoke",Daylight,15,Thursday,3,3,1.0
"Fog, Smog, Smoke",Daylight,15,Tuesday,3,3,1.0
"Fog, Smog, Smoke",Daylight,15,Wednesday,3,5,1.6666666666666667
"Fog, Smog, Smoke",Daylight,16,Friday,1,1,1.0
"Fog, Smog, Smoke",Daylight,16,Monday,4,4,1.0
"Fog, Smog, Smoke",Daylight,16,Saturday,6,6,1.0
"Fog, Smog, Smoke",Daylight,16,Sunday,1,1,1.0
"Fog, Smog, Smoke",Daylight,16,Thursday,7,7,1.0
"Fog, Smog, Smoke",Daylight,16,Tuesday,6,7,1.1666666666666667
"Fog, Smog, Smoke",Daylight,16,Wednesday,3,3,1.0
"Fog, Smog, Smoke",Daylight,17,Friday,1,1,1.0
"Fog, Smog, Smoke",Daylight,17,Monday,2,3,1.5
"Fog, Smog, Smoke",Daylight,17,Saturday,3,6,2.0
"Fog, Smog, Smoke",Daylight,17,Sunday,4,4,1.0
"Fog, Smog, Smoke",Daylight,17,Tuesday,3,4,1.3333333333333333
"Fog, Smog, Smoke",Daylight,17,Wednesday,1,1,1.0
"Fog, Smog, Smoke",Daylight,18,Friday,3,3,1.0
"Fog, Smog, Smoke",Daylight,18,Saturday,2,2,1.0
"Fog, Smog, Smoke",Daylight,18,Sunday,1,1,1.0
"Fog, Smog, Smoke",Daylight,18,Thursday,2,2,1.0
"Fog, Smog, Smoke",Daylight,18,Wednesday,1,1,1.0
"Fog, Smog, Smoke",Daylight,19,Monday,1,1,1.0
"Fog, Smog, Smoke",Daylight,19,Saturday,1,1,1.0
"Fog, Smog, Smoke",Daylight,19,Tuesday,1,1,1.0
"Fog, Smog, Smoke",Daylight,99,Friday,1,1,1.0
"Fog, Smog, Smoke",Daylight,99,Monday,1,2,2.0
"Fog, Smog, Smoke",Daylight,99,Sunday,1,2,2.0
"Fog, Smog, Smoke",Dusk,16,Monday,2,2,1.0
"Fog, Smog, Smoke",Dusk,17,Saturday,3,3,1.0
"Fog, Smog, Smoke",Dusk,17,Thursday,1,1,1.0
"Fog, Smog, Smoke",Dusk,17,Wednesday,1,1,1.0
"Fog, Smog, Smoke",Dusk,18,Friday,3,3,1.0
"Fog, Smog, Smoke",Dusk,18,Monday,1,1,1.0
"Fog, Smog, Smoke",Dusk,18,Sunday,3,3,1.0
"Fog, Smog, Smoke",Dusk,18,Tuesday,1,1,1.0
"Fog, Smog, Smoke",Dusk,19,Friday,2,2,1.0
"Fog, Smog, Smoke",Dusk,19,Sunday,2,2,1.0
"Fog, Smog, Smoke",Dusk,19,Thursday,1,1,1.0
"Fog, Smog, Smoke",Dusk,19,Wednesday,1,2,2.0
"Fog, Smog, Smoke",Dusk,20,Friday,1,1,1.0
"Fog, Smog, Smoke",Dusk,20,Sunday,1,1,1.0
"Fog, Smog, Smoke",Not Reported,7,Sunday,1,1,1.0
"Fog, Smog, Smoke",Not Reported,11,Saturday,1,1,1.0
"Fog, Smog, Smoke",Other,1,Sunday,1,1,1.0
"Fog, Smog, Smoke",Other,3,Saturday,1,1,1.0
"Fog, Smog, Smoke",Other,8,Monday,1,1,1.0
"Fog, Smog, Smoke",Reported as Unknown,5,Tuesday,1,1,1.0
"Fog, Smog, Smoke",Reported as Unknown,6,Saturday,1,1,1.0
"Fog, Smog, Smoke",Reported as Unknown,6,Tuesday,1,1,1.0
"Fog, Smog, Smoke",Reported as Unknown,7,Sunday,1,1,1.0
"Fog, Smog, Smoke",Reported as Unknown,10,Friday,1,1,1.0
"Fog, Smog, Smoke",Unknown,0,Saturday,1,1,1.0
"Fog, Smog, Smoke",Unknown,99,Saturday,1,2,2.0
"Fog, Smog, Smoke",Unknown,99,Thursday,1,1,1.0
"Fog, Smog, Smoke",Unknown,99,Wednesday,1,1,1.0
Freezing Rain or Drizzle,Dark - Lighted,0,Saturday,2,2,1.0
Freezing Rain or Drizzle,Dark - Lighted,0,Thursday,1,2,2.0
Freezing Rain or Drizzle,Dark - Lighted,1,Saturday,1,1,1.0
Freezing Rain or Drizzle,Dark - Lighted,1,Sunday,2,2,1.0
Freezing Rain or Drizzle,Dark - Lighted,2,Sunday,1,1,1.0
Freezing Rain or Drizzle,Dark - Lighted,2,Wednesday,2,2,1.0
Freezing Rain or Drizzle,Dark - Lighted,3,Saturday,1,1,1.0
Freezing Rain or Drizzle,Dark - Lighted,3,Sunday,1,1,1.0
Freezing Rain or Drizzle,Dark - Lighted,3,Wednesday,1,1,1.0
Freezing Rain or Drizzle,Dark - Lighted,5,Monday,1,1,1.0
Freezing Rain or Drizzle,Dark - Lighted,5,Wednesday,1,1,1.0
Freezing Rain or Drizzle,Dark - Lighted,6,Sunday,1,1,1.0
Freezing Rain or Drizzle,Dark - Lighted,6,Wednesday,2,2,1.0
Freezing Rain or Drizzle,Dark - Lighted,17,Wednesday,2,2,1.0
Freezing Rain or Drizzle,Dark - Lighted,18,Friday,1,1,1.0
Freezing Rain or Drizzle,Dark - Lighted,18,Thursday,1,1,1.0
Freezing Rain or Drizzle,Dark - Lighted,18,Wednesday,1,1,1.0
Freezing Rain or Drizzle,Dark - Lighted,19,Friday,1,1,1.0
Freezing Rain or Drizzle,Dark - Lighted,19,Tuesday,2,2,1.0
Freezing Rain or Drizzle,Dark - Lighted,19,Wednesday,2,2,1.0
Freezing Rain or Drizzle,Dark - Lighted,20,Thursday,1,1,1.0
Freezing Rain or Drizzle,Dark - Lighted,21,Friday,1,2,2.0
Freezing Rain or Drizzle,Dark - Lighted,21,Saturday,1,1,1.0
Freezing Rain or Drizzle,Dark - Lighted,22,Friday,1,1,1.0
Freezing Rain or Drizzle,Dark - Lighted,22,Sunday,1,1,1.0
Freezing Rain or Drizzle,Dark - Lighted,22,Wednesday,3,3,1.0
Freezing Rain or Drizzle,Dark - Lighted,23,Saturday,1,1,1.0
Freezing Rain or Drizzle,Dark - Not Lighted,0,Friday,1,1,1.0
Freezing Rain or Drizzle,Dark - Not Lighted,0,Saturday,1,1,1.0
Freezing Rain or Drizzle,Dark - Not Lighted,0,Sunday,1,1,1.0
Freezing Rain or Drizzle,Dark - Not Lighted,1,Saturday,2,2,1.0
Freezing Rain or Drizzle,Dark - Not Lighted,2,Saturday,2,3,1.5
Freezing Rain or Drizzle,Dark - Not Lighted,2,Sunday,1,1,1.0
Freezing Rain or Drizzle,Dark - Not Lighted,2,Thursday,1,1,1.0
Freezing Rain or Drizzle,Dark - Not Lighted,2,Tuesday,1,1,1.0
Freezing Rain or Drizzle,Dark - Not Lighted,3,Monday,1,1,1.0
Freezing Rain or Drizzle,Dark - Not Lighted,3,Saturday,2,2,1.0
Freezing Rain or Drizzle,Dark - Not Lighted,3,Sunday,1,1,1.0
Freezing Rain or Drizzle,Dark - Not Lighted,3,Thursday,1,1,1.0
Freezing Rain or Drizzle,Dark - Not Lighted,4,Monday,1,1,1.0
Freezing Rain or Drizzle,Dark - Not Lighted,4,Sunday,2,2,1.0
Freezing Rain or Drizzle,Dark - Not Lighted,4,Thursday,1,1,1.0
Freezing Rain or Drizzle,Dark - Not Lighted,5,Monday,3,3,1.0
Freezing Rain or Drizzle,Dark - Not Lighted,5,Saturday,1,1,1.0
Freezing Rain or Drizzle,Dark - Not Lighted,5,Sunday,2,2,1.0
Freezing Rain or Drizzle,Dark - Not Lighted,5,Tuesday,2,2,1.0
Freezing Rain or Drizzle,Dark - Not Lighted,5,Wednesday,1,1,1.0
Freezing Rain or Drizzle,Dark - Not Lighted,6,Friday,2,2,1.0
Freezing Rain or Drizzle,Dark - Not Lighted,6,Monday,1,1,1.0
Freezing Rain or Drizzle,Dark - Not Lighted,6,Saturday,2,3,1.5
Freezing Rain or Drizzle,Dark - Not Lighted,6,Thursday,1,1,1.0
Freezing Rain or Drizzle,Dark - Not Lighted,6,Tuesday,2,2,1.0
Freezing Rain or Drizzle,Dark - Not Lighted,6,Wednesday,1,1,1.0
Freezing Rain or Drizzle,Dark - Not Lighted,7,Tuesday,1,1,1.0
Freezing Rain or Drizzle,Dark - Not Lighted,7,Wednesday,1,1,1.0
Freezing Rain or Drizzle,Dark - Not Lighted,17,Friday,1,1,1.0
Freezing Rain or Drizzle,Dark - Not Lighted,17,Monday,1,1,1.0
Freezing Rain or Drizzle,Dark - Not Lighted,17,Saturday,2,2,1.0
Freezing Rain or Drizzle,Dark - Not Lighted,17,Tuesday,2,2,1.0
Freezing Rain or Drizzle,Dark - Not Lighted,17,Wednesday,2,3,1.5
Freezing Rain or Drizzle,Dark - Not Lighted,18,Monday,2,2,1.0
Freezing Rain or Drizzle,Dark - Not Lighted,18,Saturday,1,1,1.0
Freezing Rain or Drizzle,Dark - Not Lighted,18,Tuesday,1,1,1.0
Freezing Rain or Drizzle,Dark - Not Lighted,18,Wednesday,2,2,1.0
Freezing Rain or Drizzle,Dark - Not Lighted,19,Friday,1,1,1.0
Freezing Rain or Drizzle,Dark - Not Lighted,19,Saturday,1,1,1.0
Freezing Rain or Drizzle,Dark - Not Lighted,19,Tuesday,1,2,2.0
Freezing Rain or Drizzle,Dark - Not Lighted,19,Wednesday,1,1,1.0
Freezing Rain or Drizzle,Dark - Not Lighted,20,Monday,1,1,1.0
Freezing Rain or Drizzle,Dark - Not Lighted,20,Sunday,1,1,1.0
Freezing Rain or Drizzle,Dark - Not Lighted,20,Thursday,2,3,1.5
Freezing Rain or Drizzle,Dark - Not Lighted,20,Tuesday,1,1,1.0
Freezing Rain or Drizzle,Dark - Not Lighted,20,Wednesday,1,1,1.0
Freezing Rain or Drizzle,Dark - Not Lighted,21,Friday,1,1,1.0
Freezing Rain or Drizzle,Dark - Not Lighted,21,Monday,2,2,1.0
Freezing Rain or Drizzle,Dark - Not Lighted,21,Saturday,2,2,1.0
Freezing Rain or Drizzle,Dark - Not Lighted,21,Sunday,1,1,1.0
Freezing Rain or Drizzle,Dark - Not Lighted,21,Thursday,1,1,1.0
Freezing Rain or Drizzle,Dark - Not Lighted,21,Tuesday,3,3,1.0
Freezing Rain or Drizzle,Dark - Not Lighted,21,Wednesday,3,3,1.0
Freezing Rain or Drizzle,Dark - Not Lighted,22,Friday,2,2,1.0
Freezing Rain or Drizzle,Dark - Not Lighted,22,Monday,1,1,1.0
Freezing Rain or Drizzle,Dark - Not Lighted,22,Sunday,1,1,1.0
Freezing Rain or Drizzle,Dark - Not Lighted,22,Thursday,1,1,1.0
Freezing Rain or Drizzle,Dark - Not Lighted,22,Wednesday,2,2,1.0
Freezing Rain or Drizzle,Dark - Not Lighted,23,Friday,1,1,1.0
Freezing Rain or Drizzle,Dark - Not Lighted,23,Monday,2,3,1.5
Freezing Rain or Drizzle,Dark - Not Lighted,99,Friday,2,2,1.0
Freezing Rain or Drizzle,Dark - Not Lighted,99,Saturday,1,1,1.0
Freezing Rain or Drizzle,Dark - Unknown Lighting,20,Saturday,1,1,1.0
Freezing Rain or Drizzle,Dawn,6,Friday,2,3,1.5
Freezing Rain or Drizzle,Dawn,6,Monday,2,2,1.0
Freezing Rain or Drizzle,Dawn,6,Saturday,1,3,3.0
Freezing Rain or Drizzle,Dawn,6,Sunday,1,1,1.0
Freezing Rain or Drizzle,Dawn,6,Tuesday,2,2,1.0
Freezing Rain or Drizzle,Dawn,7,Thursday,2,2,1.0
Freezing Rain or Drizzle,Dawn,7,Tuesday,1,1,1.0
Freezing Rain or Drizzle,Dawn,7,Wednesday,1,1,1.0
Freezing Rain or Drizzle,Daylight,6,Thursday,1,1,1.0
Freezing Rain or Drizzle,Daylight,6,Tuesday,1,1,1.0
Freezing Rain or Drizzle,Daylight,7,Friday,3,3,1.0
Freezing Rain or Drizzle,Daylight,7,Monday,1,2,2.0
Freezing Rain or Drizzle,Daylight,7,Sunday,3,4,1.3333333333333333
Freezing Rain or Drizzle,Daylight,7,Thursday,1,1,1.0
Freezing Rain or Drizzle,Daylight,7,Tuesday,3,3,1.0
Freezing Rain or Drizzle,Daylight,7,Wednesday,1,2,2.0
Freezing Rain or Drizzle,Daylight,8,Friday,5,5,1.0
Freezing Rain or Drizzle,Daylight,8,Monday,3,4,1.3333333333333333
Freezing Rain or Drizzle,Daylight,8,Saturday,1,1,1.0
Freezing Rain or Drizzle,Daylight,8,Sunday,4,5,1.25
Freezing Rain or Drizzle,Daylight,8,Thursday,2,2,1.0
Freezing Rain or Drizzle,Daylight,8,Tuesday,1,1,1.0
Freezing Rain or Drizzle,Daylight,9,Friday,4,4,1.0
Freezing Rain or Drizzle,Daylight,9,Sunday,3,3,1.0
Freezing Rain or Drizzle,Daylight,9,Thursday,2,2,1.0
Freezing Rain or Drizzle,Daylight,9,Tuesday,1,1,1.0
Freezing Rain or Drizzle,Daylight,9,Wednesday,1,1,1.0
Freezing Rain or Drizzle,Daylight,10,Monday,1,1,1.0
Freezing Rain or Drizzle,Daylight,10,Saturday,1,1,1.0
Freezing Rain or Drizzle,Daylight,10,Sunday,2,2,1.0
Freezing Rain or Drizzle,Daylight,10,Thursday,1,1,1.0
Freezing Rain or Drizzle,Daylight,10,Tuesday,2,2,1.0
Freezing Rain or Drizzle,Daylight,10,Wednesday,1,1,1.0
Freezing Rain or Drizzle,Daylight,11,Friday,1,1,1.0
Freezing Rain or Drizzle,Daylight,11,Sunday,3,3,1.0
Freezing Rain or Drizzle,Daylight,11,Tuesday,2,2,1.0
Freezing Rain or Drizzle,Daylight,11,Wednesday,2,2,1.0
Freezing Rain or Drizzle,Daylight,12,Friday,1,1,1.0
Freezing Rain or Drizzle,Daylight,12,Tuesday,2,2,1.0
Freezing Rain or Drizzle,Daylight,12,Wednesday,1,1,1.0
Freezing Rain or Drizzle,Daylight,13,Friday,1,1,1.0
Freezing Rain or Drizzle,Daylight,13,Monday,2,2,1.0
Freezing Rain or Drizzle,Daylight,13,Sunday,1,1,1.0
Freezing Rain or Drizzle,Daylight,13,Thursday,4,4,1.0
Freezing Rain or Drizzle,Daylight,13,Tuesday,1,1,1.0
Freezing Rain or Drizzle,Daylight,13,Wednesday,5,5,1.0
Freezing Rain or Drizzle,Daylight,14,Friday,2,3,1.5
Freezing Rain or Drizzle,Daylight,14,Saturday,1,2,2.0
Freezing Rain or Drizzle,Daylight,14,Tuesday,2,2,1.0
Freezing Rain or Drizzle,Daylight,15,Saturday,3,3,1.0
Freezing Rain or Drizzle,Daylight,15,Sunday,1,1,1.0
Freezing Rain or Drizzle,Daylight,15,Tuesday,1,1,1.0
Freezing Rain or Drizzle,Daylight,15,Wednesday,3,3,1.0
Freezing Rain or Drizzle,Daylight,16,Friday,3,3,1.0
Freezing Rain or Drizzle,Daylight,16,Saturday,2,2,1.0
Freezing Rain or Drizzle,Daylight,16,Thursday,2,2,1.0
Freezing Rain or Drizzle,Daylight,16,Wednesday,1,1,1.0
Freezing Rain or Drizzle,Daylight,17,Friday,2,2,1.0
Freezing Rain or Drizzle,Daylight,17,Monday,1,1,1.0
Freezing Rain or Drizzle,Daylight,17,Saturday,1,2,2.0
Freezing Rain or Drizzle,Daylight,99,Sunday,1,1,1.0
Freezing Rain or Drizzle,Dusk,16,Friday,1,1,1.0
Freezing Rain or Drizzle,Dusk,16,Thursday,1,1,1.0
Freezing Rain or Drizzle,Dusk,17,Saturday,2,2,1.0
Not Reported,Dark - Lighted,0,Friday,30,35,1.1666666666666667
Not Reported,Dark - Lighted,0,Monday,20,21,1.05
Not Reported,Dark - Lighted,0,Saturday,51,55,1.0784313725490196
Not Reported,Dark - Lighted,0,Sunday,68,74,1.088235294117647
Not Reported,Dark - Lighted,0,Thursday,22,22,1.0
Not Reported,Dark - Lighted,0,Tuesday,15,17,1.1333333333333333
Not Reported,Dark - Lighted,0,Wednesday,18,18,1.0
Not Reported,Dark - Lighted,1,Friday,29,33,1.1379310344827587
Not Reported,Dark - Lighted,1,Monday,30,30,1.0
Not Reported,Dark - Lighted,1,Saturday,60,63,1.05
Not Reported,Dark - Lighted,1,Sunday,65,77,1.1846153846153846
Not Reported,Dark - Lighted,1,Thursday,27,28,1.037037037037037
Not Reported,Dark - Lighted,1,Tuesday,19,19,1.0
Not Reported,Dark - Lighted,1,Wednesday,12,16,1.3333333333333333
Not Reported,Dark - Lighted,2,Friday,27,28,1.037037037037037
Not Reported,Dark - Lighted,2,Monday,23,23,1.0
Not Reported,Dark - Lighted,2,Saturday,62,67,1.0806451612903225
Not Reported,Dark - Lighted,2,Sunday,52,56,1.0769230769230769
Not Reported,Dark - Lighted,2,Thursday,17,18,1.0588235294117647
Not Reported,Dark - Lighted,2,Tuesday,10,11,1.1
Not Reported,Dark - Lighted,2,Wednesday,12,16,1.3333333333333333
Not Reported,Dark - Lighted,3,Friday,16,17,1.0625
Not Reported,Dark - Lighted,3,Monday,8,8,1.0
Not Reported,Dark - Lighted,3,Saturday,29,31,1.0689655172413792
Not Reported,Dark - Lighted,3,Sunday,44,47,1.0681818181818181
Not Reported,Dark - Lighted,3,Thursday,8,8,1.0
Not Reported,Dark - Lighted,3,Tuesday,10,10,1.0
Not Reported,Dark - Lighted,3,Wednesday,9,9,1.0
Not Reported,Dark - Lighted,4,Friday,12,12,1.0
Not Reported,Dark - Lighted,4,Monday,13,14,1.0769230769230769
Not Reported,Dark - Lighted,4,Saturday,19,21,1.105263157894737
Not Reported,Dark - Lighted,4,Sunday,18,20,1.1111111111111112
Not Reported,Dark - Lighted,4,Thursday,10,12,1.2
Not Reported,Dark - Lighted,4,Tuesday,11,11,1.0
Not Reported,Dark - Lighted,4,Wednesday,7,7,1.0
Not Reported,Dark - Lighted,5,Friday,16,17,1.0625
Not Reported,Dark - Lighted,5,Monday,12,12,1.0
Not Reported,Dark - Lighted,5,Saturday,14,14,1.0
Not Reported,Dark - Lighted,5,Sunday,9,9,1.0
Not Reported,Dark - Lighted,5,Thursday,11,12,1.0909090909090908
Not Reported,Dark - Lighted,5,Tuesday,17,18,1.0588235294117647
Not Reported,Dark - Lighted,5,Wednesday,14,14,1.0
Not Reported,Dark - Lighted,6,Friday,11,11,1.0
Not Reported,Dark - Lighted,6,Monday,9,9,1.0
Not Reported,Dark - Lighted,6,Saturday,6,6,1.0
Not Reported,Dark - Lighted,6,Sunday,5,5,1.0
Not Reported,Dark - Lighted,6,Thursday,14,19,1.3571428571428572
Not Reported,Dark - Lighted,6,Tuesday,11,11,1.0
Not Reported,Dark - Lighted,6,Wednesday,10,10,1.0
Not Reported,Dark - Lighted,7,Friday,5,5,1.0
Not Reported,Dark - Lighted,7,Monday,1,1,1.0
Not Reported,Dark - Lighted,7,Sunday,3,4,1.3333333333333333
Not Reported,Dark - Lighted,7,Wednesday,2,2,1.0
Not Reported,Dark - Lighted,8,Saturday,1,1,1.0
Not Reported,Dark - Lighted,8,Tuesday,1,1,1.0
Not Reported,Dark - Lighted,14,Wednesday,1,1,1.0
Not Reported,Dark - Lighted,16,Friday,2,2,1.0
Not Reported,Dark - Lighted,16,Sunday,1,1,1.0
Not Reported,Dark - Lighted,17,Friday,14,16,1.1428571428571428
Not Reported,Dark - Lighted,17,Monday,12,12,1.0
Not Reported,Dark - Lighted,17,Saturday,8,9,1.125
Not Reported,Dark - Lighted,17,Sunday,8,8,1.0
Not Reported,Dark - Lighted,17,Thursday,16,16,1.0
Not Reported,Dark - Lighted,17,Tuesday,21,21,1.0
Not Reported,Dark - Lighted,17,Wednesday,11,11,1.0
Not Reported,Dark - Lighted,18,Friday,22,23,1.0454545454545454
Not Reported,Dark - Lighted,18,Monday,17,18,1.0588235294117647
Not Reported,Dark - Lighted,18,Saturday,16,16,1.0
Not Reported,Dark - Lighted,18,Sunday,27,27,1.0
Not Reported,Dark - Lighted,18,Thursday,18,18,1.0
Not Reported,Dark - Lighted,18,Tuesday,17,18,1.0588235294117647
Not Reported,Dark - Lighted,18,Wednesday,25,25,1.0
Not Reported,Dark - Lighted,19,Friday,36,37,1.0277777777777777
Not Reported,Dark - Lighted,19,Monday,25,26,1.04
Not Reported,Dark - Lighted,19,Saturday,26,28,1.0769230769230769
Not Reported,Dark - Lighted,19,Sunday,20,20,1.0
Not Reported,Dark - Lighted,19,Thursday,29,30,1.0344827586206897
Not Reported,Dark - Lighted,19,Tuesday,26,26,1.0
Not Reported,Dark - Lighted,19,Wednesday,17,17,1.0
Not Reported,Dark - Lighted,20,Friday,53,57,1.0754716981132075
Not Reported,Dark - Lighted,20,Monday,25,26,1.04
Not Reported,Dark - Lighted,20,Saturday,41,41,1.0
Not Reported,Dark - Lighted,20,Sunday,27,27,1.0
Not Reported,Dark - Lighted,20,Thursday,40,41,1.025
Not Reported,Dark - Lighted,20,Tuesday,33,33,1.0
Not Reported,Dark - Lighted,20,Wednesday,41,41,1.0
Not Reported,Dark - Lighted,21,Friday,50,50,1.0
Not Reported,Dark - Lighted,21,Monday,35,35,1.0
Not Reported,Dark - Lighted,21,Saturday,48,52,1.0833333333333333
Not Reported,Dark - Lighted,21,Sunday,46,47,1.0217391304347827
Not Reported,Dark - Lighted,21,Thursday,49,53,1.0816326530612246
Not Reported,Dark - Lighted,21,Tuesday,36,37,1.0277777777777777
Not Reported,Dark - Lighted,21,Wednesday,39,40,1.0256410256410255
Not Reported,Dark - Lighted,22,Friday,56,59,1.0535714285714286
Not Reported,Dark - Lighted,22,Monday,44,45,1.0227272727272727
Not Reported,Dark - Lighted,22,Saturday,46,49,1.065217391304348
Not Reported,Dark - Lighted,22,Sunday,38,38,1.0
Not Reported,Dark - Lighted,22,Thursday,43,49,1.1395348837209303
Not Reported,Dark - Lighted,22,Tuesday,36,38,1.0555555555555556
Not Reported,Dark - Lighted,22,Wednesday,32,33,1.03125
Not Reported,Dark - Lighted,23,Friday,43,45,1.0465116279069768
Not Reported,Dark - Lighted,23,Monday,22,23,1.0454545454545454
Not Reported,Dark - Lighted,23,Saturday,50,54,1.08
Not Reported,Dark - Lighted,23,Sunday,28,29,1.0357142857142858
Not Reported,Dark - Lighted,23,Thursday,31,31,1.0
Not Reported,Dark - Lighted,23,Tuesday,25,25,1.0
Not Reported,Dark - Lighted,23,Wednesday,18,18,1.0
Not Reported,Dark - Lighted,99,Saturday,1,1,1.0
Not Reported,Dark - Lighted,99,Sunday,1,1,1.0
Not Reported,Dark - Not Lighted,0,Friday,41,41,1.0
Not Reported,Dark - Not Lighted,0,Monday,34,39,1.1470588235294117
Not Reported,Dark - Not Lighted,0,Saturday,77,95,1.2337662337662338
Not Reported,Dark - Not Lighted,0,Sunday,75,83,1.1066666666666667
Not Reported,Dark - Not Lighted,0,Thursday,41,43,1.048780487804878
Not Reported,Dark - Not Lighted,0,Tuesday,32,36,1.125
Not Reported,Dark - Not Lighted,0,Wednesday,33,35,1.0606060606060606
Not Reported,Dark - Not Lighted,1,Friday,31,33,1.064516129032258
Not Reported,Dark - Not Lighted,1,Monday,29,31,1.0689655172413792
Not Reported,Dark - Not Lighted,1,Saturday,83,85,1.0240963855421688
Not Reported,Dark - Not Lighted,1,Sunday,71,76,1.0704225352112675
Not Reported,Dark - Not Lighted,1,Thursday,26,27,1.0384615384615385
Not Reported,Dark - Not Lighted,1,Tuesday,26,26,1.0
Not Reported,Dark - Not Lighted,1,Wednesday,26,33,1.2692307692307692
Not Reported,Dark - Not Lighted,2,Friday,37,39,1.054054054054054
Not Reported,Dark - Not Lighted,2,Monday,24,26,1.0833333333333333
Not Reported,Dark - Not Lighted,2,Saturday,84,89,1.0595238095238095
Not Reported,Dark - Not Lighted,2,Sunday,83,90,1.0843373493975903
Not Reported,Dark - Not Lighted,2,Thursday,28,30,1.0714285714285714
Not Reported,Dark - Not Lighted,2,Tuesday,20,21,1.05
Not Reported,Dark - Not Lighted,2,Wednesday,22,26,1.1818181818181819
Not Reported,Dark - Not Lighted,3,Friday,25,27,1.08
Not Reported,Dark - Not Lighted,3,Monday,23,25,1.0869565217391304
Not Reported,Dark - Not Lighted,3,Saturday,40,45,1.125
Not Reported,Dark - Not Lighted,3,Sunday,53,56,1.0566037735849056
Not Reported,Dark - Not Lighted,3,Thursday,20,24,1.2
Not Reported,Dark - Not Lighted,3,Tuesday,17,18,1.0588235294117647
Not Reported,Dark - Not Lighted,3,Wednesday,9,9,1.0
Not Reported,Dark - Not Lighted,4,Friday,25,26,1.04
Not Reported,Dark - Not Lighted,4,Monday,21,23,1.0952380952380953
Not Reported,Dark - Not Lighted,4,Saturday,30,30,1.0
Not Reported,Dark - Not Lighted,4,Sunday,35,39,1.1142857142857143
Not Reported,Dark - Not Lighted,4,Thursday,26,27,1.0384615384615385
Not Reported,Dark - Not Lighted,4,Tuesday,13,13,1.0
Not Reported,Dark - Not Lighted,4,Wednesday,20,23,1.15
Not Reported,Dark - Not Lighted,5,Friday,19,20,1.0526315789473684
Not Reported,Dark - Not Lighted,5,Monday,37,40,1.0810810810810811
Not Reported,Dark - Not Lighted,5,Saturday,26,27,1.0384615384615385
Not Reported,Dark - Not Lighted,5,Sunday,24,28,1.1666666666666667
Not Reported,Dark - Not Lighted,5,Thursday,33,35,1.0606060606060606
Not Reported,Dark - Not Lighted,5,Tuesday,24,26,1.0833333333333333
Not Reported,Dark - Not Lighted,5,Wednesday,34,39,1.1470588235294117
Not Reported,Dark - Not Lighted,6,Friday,13,13,1.0
Not Reported,Dark - Not Lighted,6,Monday,17,19,1.1176470588235294
Not Reported,Dark - Not Lighted,6,Saturday,22,23,1.0454545454545454
Not Reported,Dark - Not Lighted,6,Sunday,13,14,1.0769230769230769
Not Reported,Dark - Not Lighted,6,Thursday,15,15,1.0
Not Reported,Dark - Not Lighted,6,Tuesday,25,25,1.0
Not Reported,Dark - Not Lighted,6,Wednesday,18,20,1.1111111111111112
Not Reported,Dark - Not Lighted,7,Friday,2,2,1.0
Not Reported,Dark - Not Lighted,7,Monday,4,4,1.0
Not Reported,Dark - Not Lighted,7,Saturday,2,2,1.0
Not Reported,Dark - Not Lighted,7,Sunday,4,4,1.0
Not Reported,Dark - Not Lighted,7,Thursday,4,4,1.0
Not Reported,Dark - Not Lighted,7,Tuesday,3,3,1.0
Not Reported,Dark - Not Lighted,7,Wednesday,1,1,1.0
Not Reported,Dark - Not Lighted,8,Friday,1,1,1.0
Not Reported,Dark - Not Lighted,8,Monday,1,1,1.0
Not Reported,Dark - Not Lighted,8,Saturday,2,2,1.0
Not Reported,Dark - Not Lighted,8,Sunday,3,3,1.0
Not Reported,Dark - Not Lighted,8,Thursday,1,1,1.0
Not Reported,Dark - Not Lighted,8,Tuesday,1,1,1.0
Not Reported,Dark - Not Lighted,8,Wednesday,3,3,1.0
Not Reported,Dark - Not Lighted,16,Friday,2,2,1.0
Not Reported,Dark - Not Lighted,16,Monday,2,2,1.0
Not Reported,Dark - Not Lighted,16,Sunday,3,3,1.0
Not Reported,Dark - Not Lighted,16,Thursday,2,2,1.0
Not Reported,Dark - Not Lighted,16,Tuesday,4,4,1.0
Not Reported,Dark - Not Lighted,17,Friday,18,19,1.0555555555555556
Not Reported,Dark - Not Lighted,17,Monday,17,18,1.0588235294117647
Not Reported,Dark - Not Lighted,17,Saturday,12,13,1.0833333333333333
Not Reported,Dark - Not Lighted,17,Sunday,7,9,1.2857142857142858
Not Reported,Dark - Not Lighted,17,Thursday,15,16,1.0666666666666667
Not Reported,Dark - Not Lighted,17,Tuesday,15,15,1.0
Not Reported,Dark - Not Lighted,17,Wednesday,14,14,1.0
Not Reported,Dark - Not Lighted,18,Friday,31,31,1.0
Not Reported,Dark - Not Lighted,18,Monday,33,37,1.121212121212121
Not Reported,Dark - Not Lighted,18,Saturday,28,30,1.0714285714285714
Not Reported,Dark - Not Lighted,18,Sunday,21,21,1.0
Not Reported,Dark - Not Lighted,18,Thursday,20,22,1.1
Not Reported,Dark - Not Lighted,18,Tuesday,37,40,1.0810810810810811
Not Reported,Dark - Not Lighted,18,Wednesday,23,23,1.0
Not Reported,Dark - Not Lighted,19,Friday,42,45,1.0714285714285714
Not Reported,Dark - Not Lighted,19,Monday,28,29,1.0357142857142858
Not Reported,Dark - Not Lighted,19,Saturday,33,36,1.0909090909090908
Not Reported,Dark - Not Lighted,19,Sunday,41,44,1.0731707317073171
Not Reported,Dark - Not Lighted,19,Thursday,34,35,1.0294117647058822
Not Reported,Dark - Not Lighted,19,Tuesday,36,41,1.1388888888888888
Not Reported,Dark - Not Lighted,19,Wednesday,34,38,1.1176470588235294
Not Reported,Dark - Not Lighted,20,Friday,59,63,1.0677966101694916
Not Reported,Dark - Not Lighted,20,Monday,50,51,1.02
Not Reported,Dark - Not Lighted,20,Saturday,57,61,1.0701754385964912
Not Reported,Dark - Not Lighted,20,Sunday,60,63,1.05
Not Reported,Dark - Not Lighted,20,Thursday,69,77,1.1159420289855073
Not Reported,Dark - Not Lighted,20,Tuesday,37,38,1.027027027027027
Not Reported,Dark - Not Lighted,20,Wednesday,53,58,1.0943396226415094
Not Reported,Dark - Not Lighted,21,Friday,72,80,1.1111111111111112
Not Reported,Dark - Not Lighted,21,Monday,51,56,1.0980392156862746
Not Reported,Dark - Not Lighted,21,Saturday,85,95,1.1176470588235294
Not Reported,Dark - Not Lighted,21,Sunday,69,75,1.0869565217391304
Not Reported,Dark - Not Lighted,21,Thursday,53,55,1.0377358490566038
Not Reported,Dark - Not Lighted,21,Tuesday,49,59,1.2040816326530612
Not Reported,Dark - Not Lighted,21,Wednesday,62,63,1.0161290322580645
Not Reported,Dark - Not Lighted,22,Friday,83,89,1.072289156626506
Not Reported,Dark - Not Lighted,22,Monday,35,38,1.0857142857142856
Not Reported,Dark - Not Lighted,22,Saturday,75,86,1.1466666666666667
Not Reported,Dark - Not Lighted,22,Sunday,53,61,1.150943396226415
Not Reported,Dark - Not Lighted,22,Thursday,54,61,1.1296296296296295
Not Reported,Dark - Not Lighted,22,Tuesday,33,36,1.0909090909090908
Not Reported,Dark - Not Lighted,22,Wednesday,51,53,1.0392156862745099
Not Reported,Dark - Not Lighted,23,Friday,77,82,1.0649350649350648
Not Reported,Dark - Not Lighted,23,Monday,38,40,1.0526315789473684
Not Reported,Dark - Not Lighted,23,Saturday,80,86,1.075
Not Reported,Dark - Not Lighted,23,Sunday,50,53,1.06
Not Reported,Dark - Not Lighted,23,Thursday,51,55,1.0784313725490196
Not Reported,Dark - Not Lighted,23,Tuesday,30,31,1.0333333333333334
Not Reported,Dark - Not Lighted,23,Wednesday,51,55,1.0784313725490196
Not Reported,Dark - Not Lighted,99,Friday,2,2,1.0
Not Reported,Dark - Not Lighted,99,Monday,4,4,1.0
Not Reported,Dark - Not Lighted,99,Saturday,10,10,1.0
Not Reported,Dark - Not Lighted,99,Sunday,13,13,1.0
Not Reported,Dark - Not Lighted,99,Thursday,1,1,1.0
Not Reported,Dark - Not Lighted,99,Tuesday,2,2,1.0
Not Reported,Dark - Not Lighted,99,Wednesday,4,4,1.0
Not Reported,Dark - Unknown Lighting,0,Friday,2,2,1.0
Not Reported,Dark - Unknown Lighting,0,Monday,5,7,1.4
Not Reported,Dark - Unknown Lighting,0,Saturday,10,11,1.1
Not Reported,Dark - Unknown Lighting,0,Sunday,18,19,1.0555555555555556
Not Reported,Dark - Unknown Lighting,0,Thursday,7,7,1.0
Not Reported,Dark - Unknown Lighting,0,Tuesday,2,2,1.0
Not Reported,Dark - Unknown Lighting,0,Wednesday,1,1,1.0
Not Reported,Dark - Unknown Lighting,1,Friday,3,3,1.0
Not Reported,Dark - Unknown Lighting,1,Monday,2,4,2.0
Not Reported,Dark - Unknown Lighting,1,Saturday,7,7,1.0
Not Reported,Dark - Unknown Lighting,1,Sunday,11,12,1.0909090909090908
Not Reported,Dark - Unknown Lighting,1,Thursday,3,3,1.0
Not Reported,Dark - Unknown Lighting,1,Tuesday,1,1,1.0
Not Reported,Dark - Unknown Lighting,1,Wednesday,3,3,1.0
Not Reported,Dark - Unknown Lighting,2,Friday,7,7,1.0
Not Reported,Dark - Unknown Lighting,2,Monday,1,1,1.0
Not Reported,Dark - Unknown Lighting,2,Saturday,7,9,1.2857142857142858
Not Reported,Dark - Unknown Lighting,2,Sunday,13,13,1.0
Not Reported,Dark - Unknown Lighting,2,Thursday,5,5,1.0
Not Reported,Dark - Unknown Lighting,2,Tuesday,3,3,1.0
Not Reported,Dark - Unknown Lighting,2,Wednesday,6,6,1.0
Not Reported,Dark - Unknown Lighting,3,Friday,2,2,1.0
Not Reported,Dark - Unknown Lighting,3,Monday,3,4,1.3333333333333333
Not Reported,Dark - Unknown Lighting,3,Saturday,6,7,1.1666666666666667
Not Reported,Dark - Unknown Lighting,3,Sunday,9,9,1.0
Not Reported,Dark - Unknown Lighting,3,Thursday,2,3,1.5
Not Reported,Dark - Unknown Lighting,3,Tuesday,2,2,1.0
Not Reported,Dark - Unknown Lighting,3,Wednesday,2,2,1.0
Not Reported,Dark - Unknown Lighting,4,Friday,4,4,1.0
Not Reported,Dark - Unknown Lighting,4,Saturday,4,4,1.0
Not Reported,Dark - Unknown Lighting,4,Sunday,5,6,1.2
Not Reported,Dark - Unknown Lighting,4,Thursday,2,3,1.5
Not Reported,Dark - Unknown Lighting,4,Tuesday,3,3,1.0
Not Reported,Dark - Unknown Lighting,5,Friday,1,1,1.0
Not Reported,Dark - Unknown Lighting,5,Monday,1,1,1.0
Not Reported,Dark - Unknown Lighting,5,Sunday,1,1,1.0
Not Reported,Dark - Unknown Lighting,5,Thursday,2,2,1.0
Not Reported,Dark - Unknown Lighting,5,Tuesday,3,3,1.0
Not Reported,Dark - Unknown Lighting,5,Wednesday,2,2,1.0
Not Reported,Dark - Unknown Lighting,6,Friday,3,3,1.0
Not Reported,Dark - Unknown Lighting,6,Thursday,1,1,1.0
Not Reported,Dark - Unknown Lighting,6,Tuesday,3,4,1.3333333333333333
Not Reported,Dark - Unknown Lighting,7,Friday,1,1,1.0
Not Reported,Dark - Unknown Lighting,7,Sunday,1,1,1.0
Not Reported,Dark - Unknown Lighting,7,Tuesday,1,1,1.0
Not Reported,Dark - Unknown Lighting,7,Wednesday,1,1,1.0
Not Reported,Dark - Unknown Lighting,17,Friday,1,1,1.0
Not Reported,Dark - Unknown Lighting,17,Monday,1,1,1.0
Not Reported,Dark - Unknown Lighting,17,Saturday,2,2,1.0
Not Reported,Dark - Unknown Lighting,17,Thursday,3,3,1.0
Not Reported,Dark - Unknown Lighting,17,Tuesday,2,4,2.0
Not Reported,Dark - Unknown Lighting,18,Friday,2,2,1.0
Not Reported,Dark - Unknown Lighting,18,Saturday,1,1,1.0
Not Reported,Dark - Unknown Lighting,18,Sunday,1,1,1.0
Not Reported,Dark - Unknown Lighting,18,Thursday,3,3,1.0
Not Reported,Dark - Unknown Lighting,18,Tuesday,1,1,1.0
Not Reported,Dark - Unknown Lighting,18,Wednesday,5,5,1.0
Not Reported,Dark - Unknown Lighting,19,Friday,6,7,1.1666666666666667
Not Reported,Dark - Unknown Lighting,19,Monday,1,1,1.0
Not Reported,Dark - Unknown Lighting,19,Saturday,4,4,1.0
Not Reported,Dark - Unknown Lighting,19,Sunday,2,2,1.0
Not Reported,Dark - Unknown Lighting,19,Thursday,5,8,1.6
Not Reported,Dark - Unknown Lighting,19,Tuesday,2,2,1.0
Not Reported,Dark - Unknown Lighting,19,Wednesday,2,2,1.0
Not Reported,Dark - Unknown Lighting,20,Friday,10,10,1.0
Not Reported,Dark - Unknown Lighting,20,Monday,8,8,1.0
Not Reported,Dark - Unknown Lighting,20,Saturday,10,15,1.5
Not Reported,Dark - Unknown Lighting,20,Sunday,4,4,1.0
Not Reported,Dark - Unknown Lighting,20,Thursday,7,7,1.0
Not Reported,Dark - Unknown Lighting,20,Tuesday,3,3,1.0
Not Reported,Dark - Unknown Lighting,20,Wednesday,6,6,1.0
Not Reported,Dark - Unknown Lighting,21,Friday,6,6,1.0
Not Reported,Dark - Unknown Lighting,21,Monday,6,6,1.0
Not Reported,Dark - Unknown Lighting,21,Saturday,8,8,1.0
Not Reported,Dark - Unknown Lighting,21,Sunday,5,5,1.0
Not Reported,Dark - Unknown Lighting,21,Thursday,8,8,1.0
Not Reported,Dark - Unknown Lighting,21,Tuesday,8,8,1.0
Not Reported,Dark - Unknown Lighting,21,Wednesday,3,3,1.0
Not Reported,Dark - Unknown Lighting,22,Friday,11,11,1.0
Not Reported,Dark - Unknown Lighting,22,Monday,6,6,1.0
Not Reported,Dark - Unknown Lighting,22,Saturday,10,10,1.0
Not Reported,Dark - Unknown Lighting,22,Sunday,4,4,1.0
Not Reported,Dark - Unknown Lighting,22,Thursday,5,5,1.0
Not Reported,Dark - Unknown Lighting,22,Tuesday,1,1,1.0
Not Reported,Dark - Unknown Lighting,22,Wednesday,4,4,1.0
Not Reported,Dark - Unknown Lighting,23,Friday,7,10,1.4285714285714286
Not Reported,Dark - Unknown Lighting,23,Monday,7,7,1.0
Not Reported,Dark - Unknown Lighting,23,Saturday,11,11,1.0
Not Reported,Dark - Unknown Lighting,23,Sunday,6,9,1.5
Not Reported,Dark - Unknown Lighting,23,Thursday,9,12,1.3333333333333333
Not Reported,Dark - Unknown Lighting,23,Tuesday,6,6,1.0
Not Reported,Dark - Unknown Lighting,23,Wednesday,4,5,1.25
Not Reported,Dark - Unknown Lighting,99,Thursday,2,2,1.0
Not Reported,Dark - Unknown Lighting,99,Tuesday,2,2,1.0
Not Reported,Dawn,4,Saturday,1,1,1.0
Not Reported,Dawn,4,Thursday,2,3,1.5
Not Reported,Dawn,4,Tuesday,1,1,1.0
Not Reported,Dawn,4,Wednesday,1,1,1.0
Not Reported,Dawn,5,Friday,10,11,1.1
Not Reported,Dawn,5,Monday,9,10,1.1111111111111112
Not Reported,Dawn,5,Saturday,5,5,1.0
Not Reported,Dawn,5,Sunday,10,11,1.1
Not Reported,Dawn,5,Thursday,6,6,1.0
Not Reported,Dawn,5,Tuesday,9,9,1.0
Not Reported,Dawn,5,Wednesday,10,10,1.0
Not Reported,Dawn,6,Friday,23,25,1.0869565217391304
Not Reported,Dawn,6,Monday,19,20,1.0526315789473684
Not Reported,Dawn,6,Saturday,11,14,1.2727272727272727
Not Reported,Dawn,6,Sunday,15,15,1.0
Not Reported,Dawn,6,Thursday,20,21,1.05
Not Reported,Dawn,6,Tuesday,17,20,1.1764705882352942
Not Reported,Dawn,6,Wednesday,28,29,1.0357142857142858
Not Reported,Dawn,7,Friday,11,12,1.0909090909090908
Not Reported,Dawn,7,Monday,8,8,1.0
Not Reported,Dawn,7,Saturday,4,4,1.0
Not Reported,Dawn,7,Sunday,8,8,1.0
Not Reported,Dawn,7,Thursday,7,8,1.1428571428571428
Not Reported,Dawn,7,Tuesday,10,10,1.0
Not Reported,Dawn,7,Wednesday,10,10,1.0
Not Reported,Dawn,8,Monday,1,1,1.0
Not Reported,Dawn,8,Sunday,1,1,1.0
Not Reported,Dawn,99,Monday,1,1,1.0
Not Reported,Dawn,99,Saturday,1,1,1.0
Not Reported,Dawn,99,Tuesday,1,1,1.0
Not Reported,Daylight,2,Wednesday,1,1,1.0
Not Reported,Daylight,4,Friday,1,1,1.0
Not Reported,Daylight,4,Sunday,1,1,1.0
Not Reported,Daylight,4,Thursday,1,1,1.0
Not Reported,Daylight,5,Monday,4,4,1.0
Not Reported,Daylight,5,Saturday,3,3,1.0
Not Reported,Daylight,5,Sunday,1,1,1.0
Not Reported,Daylight,5,Tuesday,3,3,1.0
Not Reported,Daylight,5,Wednesday,3,3,1.0
Not Reported,Daylight,6,Friday,23,23,1.0
Not Reported,Daylight,6,Monday,20,21,1.05
Not Reported,Daylight,6,Saturday,14,15,1.0714285714285714
Not Reported,Daylight,6,Sunday,17,18,1.0588235294117647
Not Reported,Daylight,6,Thursday,26,27,1.0384615384615385
Not Reported,Daylight,6,Tuesday,19,20,1.0526315789473684
Not Reported,Daylight,6,Wednesday,28,31,1.1071428571428572
Not Reported,Daylight,7,Friday,50,53,1.06
Not Reported,Daylight,7,Monday,60,69,1.15
Not Reported,Daylight,7,Saturday,52,58,1.1153846153846154
Not Reported,Daylight,7,Sunday,32,33,1.03125
Not Reported,Daylight,7,Thursday,47,56,1.1914893617021276
Not Reported,Daylight,7,Tuesday,68,72,1.0588235294117647
Not Reported,Daylight,7,Wednesday,72,78,1.0833333333333333
Not Reported,Daylight,8,Friday,54,59,1.0925925925925926
Not Reported,Daylight,8,Monday,62,67,1.0806451612903225
Not Reported,Daylight,8,Saturday,50,51,1.02
Not Reported,Daylight,8,Sunday,33,34,1.0303030303030303
Not Reported,Daylight,8,Thursday,65,69,1.0615384615384615
Not Reported,Daylight,8,Tuesday,64,70,1.09375
Not Reported,Daylight,8,Wednesday,65,68,1.0461538461538462
Not Reported,Daylight,9,Friday,71,75,1.056338028169014
Not Reported,Daylight,9,Monday,72,76,1.0555555555555556
Not Reported,Daylight,9,Saturday,53,55,1.0377358490566038
Not Reported,Daylight,9,Sunday,47,55,1.1702127659574468
Not Reported,Daylight,9,Thursday,55,58,1.0545454545454545
Not Reported,Daylight,9,Tuesday,61,62,1.0163934426229508
Not Reported,Daylight,9,Wednesday,55,57,1.0363636363636364
Not Reported,Daylight,10,Friday,80,94,1.175
Not Reported,Daylight,10,Monday,58,63,1.0862068965517242
Not Reported,Daylight,10,Saturday,86,92,1.069767441860465
Not Reported,Daylight,10,Sunday,62,67,1.0806451612903225
Not Reported,Daylight,10,Thursday,73,76,1.0410958904109588
Not Reported,Daylight,10,Tuesday,70,73,1.042857142857143
Not Reported,Daylight,10,Wednesday,54,57,1.0555555555555556
Not Reported,Daylight,11,Friday,78,85,1.0897435897435896
Not Reported,Daylight,11,Monday,89,94,1.0561797752808988
Not Reported,Daylight,11,Saturday,88,95,1.0795454545454546
Not Reported,Daylight,11,Sunday,58,62,1.0689655172413792
Not Reported,Daylight,11,Thursday,78,83,1.064102564102564
Not Reported,Daylight,11,Tuesday,78,86,1.1025641025641026
Not Reported,Daylight,11,Wednesday,79,86,1.0886075949367089
Not Reported,Daylight,12,Friday,89,94,1.0561797752808988
Not Reported,Daylight,12,Monday,96,104,1.0833333333333333
Not Reported,Daylight,12,Saturday,110,123,1.1181818181818182
Not Reported,Daylight,12,Sunday,92,98,1.065217391304348
Not Reported,Daylight,12,Thursday,72,76,1.0555555555555556
Not Reported,Daylight,12,Tuesday,97,99,1.0206185567010309
Not Reported,Daylight,12,Wednesday,79,84,1.0632911392405062
Not Reported,Daylight,13,Friday,113,121,1.0707964601769913
Not Reported,Daylight,13,Monday,87,92,1.0574712643678161
Not Reported,Daylight,13,Saturday,105,107,1.019047619047619
Not Reported,Daylight,13,Sunday,105,116,1.1047619047619048
Not Reported,Daylight,13,Thursday,108,114,1.0555555555555556
Not Reported,Daylight,13,Tuesday,90,101,1.1222222222222222
Not Reported,Daylight,13,Wednesday,90,97,1.0777777777777777
Not Reported,Daylight,14,Friday,129,144,1.1162790697674418
Not Reported,Daylight,14,Monday,119,134,1.1260504201680672
Not Reported,Daylight,14,Saturday,106,113,1.0660377358490567
Not Reported,Daylight,14,Sunday,111,121,1.09009009009009
Not Reported,Daylight,14,Thursday,113,125,1.1061946902654867
Not Reported,Daylight,14,Tuesday,102,112,1.0980392156862746
Not Reported,Daylight,14,Wednesday,118,128,1.0847457627118644
Not Reported,Daylight,15,Friday,121,132,1.0909090909090908
Not Reported,Daylight,15,Monday,106,114,1.0754716981132075
Not Reported,Daylight,15,Saturday,131,138,1.0534351145038168
Not Reported,Daylight,15,Sunday,115,123,1.0695652173913044
Not Reported,Daylight,15,Thursday,119,126,1.0588235294117647
Not Reported,Daylight,15,Tuesday,116,120,1.0344827586206897
Not Reported,Daylight,15,Wednesday,119,124,1.0420168067226891
Not Reported,Daylight,16,Friday,106,123,1.1603773584905661
Not Reported,Daylight,16,Monday,101,111,1.099009900990099
Not Reported,Daylight,16,Saturday,108,120,1.1111111111111112
Not Reported,Daylight,16,Sunday,112,121,1.0803571428571428
Not Reported,Daylight,16,Thursday,88,93,1.0568181818181819
Not Reported,Daylight,16,Tuesday,95,103,1.0842105263157895
Not Reported,Daylight,16,Wednesday,105,110,1.0476190476190477
Not Reported,Daylight,17,Friday,85,95,1.1176470588235294
Not Reported,Daylight,17,Monday,84,90,1.0714285714285714
Not Reported,Daylight,17,Saturday,103,110,1.0679611650485437
Not Reported,Daylight,17,Sunday,71,75,1.056338028169014
Not Reported,Daylight,17,Thursday,74,79,1.0675675675675675
Not Reported,Daylight,17,Tuesday,74,77,1.0405405405405406
Not Reported,Daylight,17,Wednesday,84,87,1.0357142857142858
Not Reported,Daylight,18,Friday,59,67,1.1355932203389831
Not Reported,Daylight,18,Monday,58,63,1.0862068965517242
Not Reported,Daylight,18,Saturday,93,100,1.075268817204301
Not Reported,Daylight,18,Sunday,79,87,1.1012658227848102
Not Reported,Daylight,18,Thursday,55,63,1.1454545454545455
Not Reported,Daylight,18,Tuesday,62,71,1.1451612903225807
Not Reported,Daylight,18,Wednesday,76,85,1.118421052631579
Not Reported,Daylight,19,Friday,42,44,1.0476190476190477
Not Reported,Daylight,19,Monday,37,38,1.027027027027027
Not Reported,Daylight,19,Saturday,53,53,1.0
Not Reported,Daylight,19,Sunday,38,42,1.105263157894737
Not Reported,Daylight,19,Thursday,41,46,1.1219512195121952
Not Reported,Daylight,19,Tuesday,30,30,1.0
Not Reported,Daylight,19,Wednesday,34,36,1.0588235294117647
Not Reported,Daylight,20,Friday,8,10,1.25
Not Reported,Daylight,20,Monday,7,7,1.0
Not Reported,Daylight,20,Saturday,15,16,1.0666666666666667
Not Reported,Daylight,20,Sunday,11,12,1.0909090909090908
Not Reported,Daylight,20,Thursday,12,13,1.0833333333333333
Not Reported,Daylight,20,Tuesday,5,5,1.0
Not Reported,Daylight,20,Wednesday,6,7,1.1666666666666667
Not Reported,Daylight,21,Friday,1,1,1.0
Not Reported,Daylight,21,Monday,2,2,1.0
Not Reported,Daylight,21,Saturday,1,1,1.0
Not Reported,Daylight,21,Sunday,2,2,1.0
Not Reported,Daylight,21,Thursday,2,2,1.0
Not Reported,Daylight,21,Wednesday,1,1,1.0
Not Reported,Daylight,22,Monday,1,1,1.0
Not Reported,Daylight,22,Saturday,2,2,1.0
Not Reported,Daylight,22,Thursday,2,2,1.0
Not Reported,Daylight,22,Wednesday,1,1,1.0
Not Reported,Daylight,99,Friday,2,2,1.0
Not Reported,Daylight,99,Monday,3,3,1.0
Not Reported,Daylight,99,Saturday,2,2,1.0
Not Reported,Daylight,99,Sunday,3,3,1.0
Not Reported,Daylight,99,Thursday,2,2,1.0
Not Reported,Daylight,99,Tuesday,4,4,1.0
Not Reported,Daylight,99,Wednesday,1,1,1.0
Not Reported,Dusk,16,Friday,2,3,1.5
Not Reported,Dusk,16,Monday,6,6,1.0
Not Reported,Dusk,16,Saturday,3,3,1.0
Not Reported,Dusk,16,Sunday,6,6,1.0
Not Reported,Dusk,16,Thursday,3,3,1.0
Not Reported,Dusk,16,Tuesday,4,4,1.0
Not Reported,Dusk,16,Wednesday,2,2,1.0
Not Reported,Dusk,17,Friday,12,12,1.0
Not Reported,Dusk,17,Monday,11,14,1.2727272727272727
Not Reported,Dusk,17,Saturday,8,8,1.0
Not Reported,Dusk,17,Sunday,9,10,1.1111111111111112
Not Reported,Dusk,17,Thursday,12,12,1.0
Not Reported,Dusk,17,Tuesday,12,12,1.0
Not Reported,Dusk,17,Wednesday,8,9,1.125
Not Reported,Dusk,18,Friday,13,13,1.0
Not Reported,Dusk,18,Monday,2,2,1.0
Not Reported,Dusk,18,Saturday,8,8,1.0
Not Reported,Dusk,18,Sunday,7,7,1.0
Not Reported,Dusk,18,Thursday,12,12,1.0
Not Reported,Dusk,18,Tuesday,15,15,1.0
Not Reported,Dusk,18,Wednesday,11,12,1.0909090909090908
Not Reported,Dusk,19,Friday,20,21,1.05
Not Reported,Dusk,19,Monday,14,15,1.0714285714285714
Not Reported,Dusk,19,Saturday,19,20,1.0526315789473684
Not Reported,Dusk,19,Sunday,10,10,1.0
Not Reported,Dusk,19,Thursday,14,15,1.0714285714285714
Not Reported,Dusk,19,Tuesday,20,21,1.05
Not Reported,Dusk,19,Wednesday,7,8,1.1428571428571428
Not Reported,Dusk,20,Friday,21,21,1.0
Not Reported,Dusk,20,Monday,21,21,1.0
Not Reported,Dusk,20,Saturday,14,14,1.0
Not Reported,Dusk,20,Sunday,15,15,1.0
Not Reported,Dusk,20,Thursday,9,9,1.0
Not Reported,Dusk,20,Tuesday,7,8,1.1428571428571428
Not Reported,Dusk,20,Wednesday,9,9,1.0
Not Reported,Dusk,21,Monday,1,1,1.0
Not Reported,Dusk,21,Saturday,5,5,1.0
Not Reported,Dusk,21,Tuesday,2,2,1.0
Not Reported,Dusk,21,Wednesday,2,4,2.0
Not Reported,Dusk,23,Friday,1,1,1.0
Not Reported,Dusk,23,Saturday,1,1,1.0
Not Reported,Not Reported,0,Friday,1,1,1.0
Not Reported,Not Reported,0,Saturday,3,4,1.3333333333333333
Not Reported,Not Reported,0,Tuesday,2,2,1.0
Not Reported,Not Reported,0,Wednesday,1,1,1.0
Not Reported,Not Reported,1,Saturday,1,1,1.0
Not Reported,Not Reported,1,Sunday,3,3,1.0
Not Reported,Not Reported,2,Friday,1,1,1.0
Not Reported,Not Reported,2,Monday,1,1,1.0
Not Reported,Not Reported,2,Saturday,2,2,1.0
Not Reported,Not Reported,2,Sunday,5,5,1.0
Not Reported,Not Reported,2,Wednesday,1,1,1.0
Not Reported,Not Reported,3,Friday,2,2,1.0
Not Reported,Not Reported,3,Sunday,3,3,1.0
Not Reported,Not Reported,3,Thursday,1,1,1.0
Not Reported,Not Reported,3,Wednesday,1,1,1.0
Not Reported,Not Reported,4,Friday,1,1,1.0
Not Reported,Not Reported,4,Monday,1,1,1.0
Not Reported,Not Reported,4,Saturday,2,2,1.0
Not Reported,Not Reported,4,Sunday,3,3,1.0
Not Reported,Not Reported,4,Thursday,1,1,1.0
Not Reported,Not Reported,4,Tuesday,1,1,1.0
Not Reported,Not Reported,4,Wednesday,1,2,2.0
Not Reported,Not Reported,5,Friday,1,1,1.0
Not Reported,Not Reported,5,Monday,3,3,1.0
Not Reported,Not Reported,5,Sunday,2,2,1.0
Not Reported,Not Reported,5,Thursday,2,2,1.0
Not Reported,Not Reported,5,Tuesday,2,4,2.0
Not Reported,Not Reported,5,Wednesday,2,2,1.0
Not Reported,Not Reported,6,Friday,4,4,1.0
Not Reported,Not Reported,6,Monday,3,3,1.0
Not Reported,Not Reported,6,Saturday,4,6,1.5
Not Reported,Not Reported,6,Thursday,4,4,1.0
Not Reported,Not Reported,6,Tuesday,2,2,1.0
Not Reported,Not Reported,6,Wednesday,1,1,1.0
Not Reported,Not Reported,7,Friday,1,1,1.0
Not Reported,Not Reported,7,Monday,2,2,1.0
Not Reported,Not Reported,7,Saturday,1,1,1.0
Not Reported,Not Reported,7,Thursday,2,3,1.5
Not Reported,Not Reported,7,Tuesday,1,1,1.0
Not Reported,Not Reported,7,Wednesday,1,1,1.0
Not Reported,Not Reported,8,Monday,1,1,1.0
Not Reported,Not Reported,8,Saturday,2,2,1.0
Not Reported,Not Reported,8,Sunday,2,2,1.0
Not Reported,Not Reported,8,Thursday,1,1,1.0
Not Reported,Not Reported,9,Monday,1,1,1.0
Not Reported,Not Reported,9,Saturday,1,1,1.0
Not Reported,Not Reported,9,Sunday,2,2,1.0
Not Reported,Not Reported,9,Thursday,1,1,1.0
Not Reported,Not Reported,9,Tuesday,4,4,1.0
Not Reported,Not Reported,10,Saturday,3,3,1.0
Not Reported,Not Reported,10,Sunday,1,1,1.0
Not Reported,Not Reported,10,Thursday,3,3,1.0
Not Reported,Not Reported,10,Tuesday,2,2,1.0
Not Reported,Not Reported,11,Friday,2,2,1.0
Not Reported,Not Reported,11,Monday,1,1,1.0
Not Reported,Not Reported,11,Saturday,1,1,1.0
Not Reported,Not Reported,11,Sunday,1,1,1.0
Not Reported,Not Reported,11,Tuesday,1,1,1.0
Not Reported,Not Reported,11,Wednesday,1,1,1.0
Not Reported,Not Reported,12,Friday,2,2,1.0
Not Reported,Not Reported,12,Monday,1,1,1.0
Not Reported,Not Reported,12,Thursday,2,2,1.0
Not Reported,Not Reported,12,Wednesday,1,1,1.0
Not Reported,Not Reported,13,Monday,1,1,1.0
Not Reported,Not Reported,13,Saturday,1,1,1.0
Not Reported,Not Reported,13,Sunday,3,3,1.0
Not Reported,Not Reported,14,Friday,3,4,1.3333333333333333
Not Reported,Not Reported,14,Sunday,1,1,1.0
Not Reported,Not Reported,14,Thursday,1,1,1.0
Not Reported,Not Reported,14,Wednesday,3,3,1.0
Not Reported,Not Reported,15,Monday,1,1,1.0
Not Reported,Not Reported,15,Saturday,1,1,1.0
Not Reported,Not Reported,15,Sunday,1,1,1.0
Not Reported,Not Reported,15,Thursday,4,4,1.0
Not Reported,Not Reported,15,Tuesday,1,1,1.0
Not Reported,Not Reported,15,Wednesday,1,1,1.0
Not Reported,Not Reported,16,Friday,3,3,1.0
Not Reported,Not Reported,16,Monday,2,3,1.5
Not Reported,Not Reported,16,Saturday,2,2,1.0
Not Reported,Not Reported,16,Sunday,2,2,1.0
Not Reported,Not Reported,16,Thursday,2,2,1.0
Not Reported,Not Reported,16,Tuesday,1,1,1.0
Not Reported,Not Reported,16,Wednesday,3,3,1.0
Not Reported,Not Reported,17,Friday,5,5,1.0
Not Reported,Not Reported,17,Monday,2,2,1.0
Not Reported,Not Reported,17,Saturday,8,8,1.0
Not Reported,Not Reported,17,Sunday,6,6,1.0
Not Reported,Not Reported,17,Thursday,1,1,1.0
Not Reported,Not Reported,17,Tuesday,2,2,1.0
Not Reported,Not Reported,17,Wednesday,3,3,1.0
Not Reported,Not Reported,18,Friday,4,4,1.0
Not Reported,Not Reported,18,Monday,5,5,1.0
Not Reported,Not Reported,18,Saturday,7,9,1.2857142857142858
Not Reported,Not Reported,18,Sunday,5,5,1.0
Not Reported,Not Reported,18,Thursday,2,3,1.5
Not Reported,Not Reported,18,Tuesday,8,8,1.0
Not Reported,Not Reported,18,Wednesday,5,5,1.0
Not Reported,Not Reported,19,Friday,4,4,1.0
Not Reported,Not Reported,19,Monday,4,4,1.0
Not Reported,Not Reported,19,Saturday,4,4,1.0
Not Reported,Not Reported,19,Sunday,4,5,1.25
Not Reported,Not Reported,19,Thursday,2,2,1.0
Not Reported,Not Reported,19,Tuesday,3,3,1.0
Not Reported,Not Reported,19,Wednesday,3,3,1.0
Not Reported,Not Reported,20,Friday,6,6,1.0
Not Reported,Not Reported,20,Monday,4,4,1.0
Not Reported,Not Reported,20,Saturday,4,4,1.0
Not Reported,Not Reported,20,Sunday,1,1,1.0
Not Reported,Not Reported,20,Thursday,2,2,1.0
Not Reported,Not Reported,20,Tuesday,4,4,1.0
Not Reported,Not Reported,20,Wednesday,6,6,1.0
Not Reported,Not Reported,21,Friday,3,3,1.0
Not Reported,Not Reported,21,Monday,4,4,1.0
Not Reported,Not Reported,21,Saturday,1,1,1.0
Not Reported,Not Reported,21,Sunday,1,1,1.0
Not Reported,Not Reported,21,Thursday,5,6,1.2
Not Reported,Not Reported,21,Tuesday,4,4,1.0
Not Reported,Not Reported,22,Friday,3,3,1.0
Not Reported,Not Reported,22,Monday,1,1,1.0
Not Reported,Not Reported,22,Saturday,2,3,1.5
Not Reported,Not Reported,22,Sunday,3,3,1.0
Not Reported,Not Reported,22,Thursday,1,1,1.0
Not Reported,Not Reported,22,Tuesday,2,2,1.0
Not Reported,Not Reported,22,Wednesday,3,3,1.0
Not Reported,Not Reported,23,Friday,2,2,1.0
Not Reported,Not Reported,23,Monday,3,3,1.0
Not Reported,Not Reported,23,Saturday,1,1,1.0
Not Reported,Not Reported,23,Thursday,3,3,1.0
Not Reported,Not Reported,23,Tuesday,2,2,1.0
Not Reported,Not Reported,23,Wednesday,1,1,1.0
Not Reported,Not Reported,99,Friday,17,17,1.0
Not Reported,Not Reported,99,Monday,8,9,1.125
Not Reported,Not Reported,99,Saturday,15,15,1.0
Not Reported,Not Reported,99,Sunday,13,15,1.1538461538461537
Not Reported,Not Reported,99,Thursday,8,8,1.0
Not Reported,Not Reported,99,Tuesday,11,11,1.0
Not Reported,Not Reported,99,Wednesday,9,9,1.0
Not Reported,Other,8,Sunday,1,1,1.0
Not Reported,Reported as Unknown,1,Wednesday,1,1,1.0
Not Reported,Reported as Unknown,2,Sunday,1,1,1.0
Not Reported,Reported as Unknown,5,Sunday,1,1,1.0
Not Reported,Reported as Unknown,5,Tuesday,1,1,1.0
Not Reported,Reported as Unknown,6,Friday,2,2,1.0
Not Reported,Reported as Unknown,6,Saturday,1,1,1.0
Not Reported,Reported as Unknown,6,Thursday,2,2,1.0
Not Reported,Reported as Unknown,6,Wednesday,1,1,1.0
Not Reported,Reported as Unknown,7,Monday,1,1,1.0
Not Reported,Reported as Unknown,8,Saturday,2,2,1.0
Not Reported,Reported as Unknown,9,Monday,1,1,1.0
Not Reported,Reported as Unknown,9,Sunday,1,1,1.0
Not Reported,Reported as Unknown,11,Sunday,1,1,1.0
Not Reported,Reported as Unknown,12,Saturday,1,1,1.0
Not Reported,Reported as Unknown,13,Monday,1,1,1.0
Not Reported,Reported as Unknown,13,Tuesday,1,3,3.0
Not Reported,Reported as Unknown,14,Monday,1,1,1.0
Not Reported,Reported as Unknown,14,Sunday,1,1,1.0
Not Reported,Reported as Unknown,14,Thursday,1,2,2.0
Not Reported,Reported as Unknown,16,Saturday,2,2,1.0
Not Reported,Reported as Unknown,16,Sunday,2,2,1.0
Not Reported,Reported as Unknown,16,Thursday,1,1,1.0
Not Reported,Reported as Unknown,17,Sunday,1,1,1.0
Not Reported,Reported as Unknown,18,Friday,1,1,1.0
Not Reported,Reported as Unknown,18,Monday,1,1,1.0
Not Reported,Reported as Unknown,18,Sunday,1,1,1.0
Not Reported,Reported as Unknown,18,Thursday,1,1,1.0
Not Reported,Reported as Unknown,18,Tuesday,1,1,1.0
Not Reported,Reported as Unknown,19,Monday,1,1,1.0
Not Reported,Reported as Unknown,19,Tuesday,1,1,1.0
Not Reported,Reported as Unknown,21,Monday,1,1,1.0
Not Reported,Reported as Unknown,21,Sunday,1,1,1.0
Not Reported,Reported as Unknown,22,Sunday,1,3,3.0
Not Reported,Reported as Unknown,22,Tuesday,1,1,1.0
Not Reported,Reported as Unknown,99,Friday,5,5,1.0
Not Reported,Reported as Unknown,99,Monday,4,4,1.0
Not Reported,Reported as Unknown,99,Saturday,5,5,1.0
Not Reported,Reported as Unknown,99,Sunday,6,6,1.0
Not Reported,Reported as Unknown,99,Thursday,5,6,1.2
Not Reported,Reported as Unknown,99,Tuesday,6,6,1.0
Not Reported,Reported as Unknown,99,Wednesday,2,3,1.5
Not Reported,Unknown,7,Friday,1,1,1.0
Not Reported,Unknown,7,Sunday,1,3,3.0
Not Reported,Unknown,8,Sunday,1,1,1.0
Not Reported,Unknown,9,Thursday,1,1,1.0
Not Reported,Unknown,10,Thursday,1,1,1.0
Not Reported,Unknown,11,Tuesday,1,1,1.0
Not Reported,Unknown,12,Friday,1,1,1.0
Not Reported,Unknown,12,Sunday,1,1,1.0
Not Reported,Unknown,13,Sunday,1,1,1.0
Not Reported,Unknown,14,Saturday,1,1,1.0
Not Reported,Unknown,15,Tuesday,1,1,1.0
Not Reported,Unknown,17,Sunday,1,1,1.0
Not Reported,Unknown,17,Tuesday,1,1,1.0
Not Reported,Unknown,17,Wednesday,1,1,1.0
Not Reported,Unknown,18,Friday,5,6,1.2
Not Reported,Unknown,18,Monday,1,1,1.0
Not Reported,Unknown,18,Sunday,2,3,1.5
Not Reported,Unknown,18,Wednesday,1,1,1.0
Not Reported,Unknown,19,Friday,2,2,1.0
Not Reported,Unknown,20,Monday,1,1,1.0
Not Reported,Unknown,20,Saturday,1,1,1.0
Not Reported,Unknown,20,Sunday,2,2,1.0
Not Reported,Unknown,20,Tuesday,1,1,1.0
Not Reported,Unknown,21,Friday,1,1,1.0
Not Reported,Unknown,99,Friday,2,2,1.0
Not Reported,Unknown,99,Monday,2,2,1.0
Not Reported,Unknown,99,Saturday,4,4,1.0
Not Reported,Unknown,99,Sunday,5,5,1.0
Not Reported,Unknown,99,Thursday,1,1,1.0
Not Reported,Unknown,99,Tuesday,4,4,1.0
Not Reported,Unknown,99,Wednesday,4,4,1.0
Other,Dark - Lighted,0,Friday,1,1,1.0
Other,Dark - Lighted,0,Saturday,3,3,1.0
Other,Dark - Lighted,0,Sunday,1,1,1.0
Other,Dark - Lighted,1,Monday,1,1,1.0
Other,Dark - Lighted,1,Saturday,1,1,1.0
Other,Dark - Lighted,1,Sunday,3,3,1.0
Other,Dark - Lighted,1,Thursday,2,2,1.0
Other,Dark - Lighted,1,Wednesday,1,1,1.0
Other,Dark - Lighted,2,Friday,4,4,1.0
Other,Dark - Lighted,2,Sunday,2,3,1.5
Other,Dark - Lighted,2,Thursday,1,2,2.0
Other,Dark - Lighted,2,Wednesday,1,1,1.0
Other,Dark - Lighted,3,Sunday,1,1,1.0
Other,Dark - Lighted,3,Thursday,1,2,2.0
Other,Dark - Lighted,4,Friday,1,1,1.0
Other,Dark - Lighted,4,Monday,2,3,1.5
Other,Dark - Lighted,4,Saturday,2,2,1.0
Other,Dark - Lighted,4,Tuesday,1,1,1.0
Other,Dark - Lighted,5,Monday,1,1,1.0
Other,Dark - Lighted,5,Saturday,1,1,1.0
Other,Dark - Lighted,5,Thursday,2,2,1.0
Other,Dark - Lighted,6,Monday,1,1,1.0
Other,Dark - Lighted,6,Tuesday,1,1,1.0
Other,Dark - Lighted,6,Wednesday,1,1,1.0
Other,Dark - Lighted,7,Wednesday,1,1,1.0
Other,Dark - Lighted,8,Saturday,1,1,1.0
Other,Dark - Lighted,16,Saturday,1,1,1.0
Other,Dark - Lighted,16,Sunday,1,1,1.0
Other,Dark - Lighted,18,Friday,2,2,1.0
Other,Dark - Lighted,18,Thursday,1,1,1.0
Other,Dark - Lighted,19,Friday,1,1,1.0
Other,Dark - Lighted,19,Monday,2,2,1.0
Other,Dark - Lighted,19,Saturday,2,2,1.0
Other,Dark - Lighted,19,Tuesday,1,1,1.0
Other,Dark - Lighted,20,Friday,1,1,1.0
Other,Dark - Lighted,20,Saturday,1,1,1.0
Other,Dark - Lighted,20,Sunday,1,1,1.0
Other,Dark - Lighted,20,Thursday,1,1,1.0
Other,Dark - Lighted,20,Wednesday,1,1,1.0
Other,Dark - Lighted,21,Monday,1,1,1.0
Other,Dark - Lighted,21,Saturday,1,2,2.0
Other,Dark - Lighted,21,Thursday,1,1,1.0
Other,Dark - Lighted,21,Wednesday,1,1,1.0
Other,Dark - Lighted,22,Saturday,1,1,1.0
Other,Dark - Lighted,22,Sunday,2,2,1.0
Other,Dark - Lighted,22,Tuesday,1,1,1.0
Other,Dark - Lighted,23,Friday,2,2,1.0
Other,Dark - Lighted,23,Sunday,1,1,1.0
Other,Dark - Lighted,23,Thursday,1,2,2.0
Other,Dark - Lighted,23,Tuesday,1,1,1.0
Other,Dark - Not Lighted,0,Friday,5,6,1.2
Other,Dark - Not Lighted,0,Monday,1,1,1.0
Other,Dark - Not Lighted,0,Saturday,2,3,1.5
Other,Dark - Not Lighted,0,Sunday,2,2,1.0
Other,Dark - Not Lighted,0,Thursday,5,5,1.0
Other,Dark - Not Lighted,0,Wednesday,2,2,1.0
Other,Dark - Not Lighted,1,Friday,1,2,2.0
Other,Dark - Not Lighted,1,Saturday,4,5,1.25
Other,Dark - Not Lighted,1,Sunday,2,2,1.0
Other,Dark - Not Lighted,2,Friday,2,2,1.0
Other,Dark - Not Lighted,2,Saturday,2,2,1.0
Other,Dark - Not Lighted,2,Sunday,3,3,1.0
Other,Dark - Not Lighted,2,Tuesday,1,1,1.0
Other,Dark - Not Lighted,3,Saturday,2,3,1.5
Other,Dark - Not Lighted,3,Sunday,5,5,1.0
Other,Dark - Not Lighted,4,Friday,1,1,1.0
Other,Dark - Not Lighted,4,Sunday,3,3,1.0
Other,Dark - Not Lighted,4,Thursday,2,2,1.0
Other,Dark - Not Lighted,4,Tuesday,1,1,1.0
Other,Dark - Not Lighted,5,Saturday,2,2,1.0
Other,Dark - Not Lighted,5,Sunday,1,1,1.0
Other,Dark - Not Lighted,5,Thursday,2,2,1.0
Other,Dark - Not Lighted,5,Tuesday,1,1,1.0
Other,Dark - Not Lighted,5,Wednesday,2,2,1.0
Other,Dark - Not Lighted,6,Friday,1,1,1.0
Other,Dark - Not Lighted,6,Monday,3,3,1.0
Other,Dark - Not Lighted,6,Thursday,2,2,1.0
Other,Dark - Not Lighted,6,Tuesday,1,1,1.0
Other,Dark - Not Lighted,6,Wednesday,1,1,1.0
Other,Dark - Not Lighted,7,Friday,1,2,2.0
Other,Dark - Not Lighted,7,Tuesday,1,1,1.0
Other,Dark - Not Lighted,17,Friday,1,1,1.0
Other,Dark - Not Lighted,17,Monday,1,1,1.0
Other,Dark - Not Lighted,17,Sunday,1,1,1.0
Other,Dark - Not Lighted,17,Wednesday,1,1,1.0
Other,Dark - Not Lighted,18,Friday,3,3,1.0
Other,Dark - Not Lighted,18,Saturday,3,3,1.0
Other,Dark - Not Lighted,18,Sunday,1,1,1.0
Other,Dark - Not Lighted,18,Thursday,1,2,2.0
Other,Dark - Not Lighted,18,Tuesday,2,2,1.0
Other,Dark - Not Lighted,19,Friday,1,1,1.0
Other,Dark - Not Lighted,19,Monday,1,1,1.0
Other,Dark - Not Lighted,19,Saturday,1,1,1.0
Other,Dark - Not Lighted,19,Sunday,2,2,1.0
Other,Dark - Not Lighted,19,Thursday,1,1,1.0
Other,Dark - Not Lighted,19,Wednesday,1,1,1.0
Other,Dark - Not Lighted,20,Friday,1,1,1.0
Other,Dark - Not Lighted,20,Monday,2,2,1.0
Other,Dark - Not Lighted,20,Sunday,1,1,1.0
Other,Dark - Not Lighted,20,Thursday,1,1,1.0
Other,Dark - Not Lighted,20,Wednesday,2,2,1.0
Other,Dark - Not Lighted,21,Friday,3,3,1.0
Other,Dark - Not Lighted,21,Monday,1,1,1.0
Other,Dark - Not Lighted,21,Saturday,1,1,1.0
Other,Dark - Not Lighted,21,Sunday,3,3,1.0
Other,Dark - Not Lighted,21,Thursday,1,1,1.0
Other,Dark - Not Lighted,21,Wednesday,1,1,1.0
Other,Dark - Not Lighted,22,Friday,1,1,1.0
Other,Dark - Not Lighted,22,Saturday,1,1,1.0
Other,Dark - Not Lighted,22,Wednesday,2,2,1.0
Other,Dark - Not Lighted,23,Friday,1,1,1.0
Other,Dark - Not Lighted,23,Monday,1,1,1.0
Other,Dark - Not Lighted,23,Saturday,2,2,1.0
Other,Dark - Not Lighted,23,Thursday,1,1,1.0
Other,Dark - Not Lighted,23,Tuesday,1,1,1.0
Other,Dark - Not Lighted,23,Wednesday,1,1,1.0
Other,Dark - Not Lighted,99,Wednesday,1,1,1.0
Other,Dark - Unknown Lighting,0,Monday,1,1,1.0
Other,Dark - Unknown Lighting,0,Saturday,1,1,1.0
Other,Dark - Unknown Lighting,0,Sunday,2,2,1.0
Other,Dark - Unknown Lighting,0,Tuesday,2,3,1.5
Other,Dark - Unknown Lighting,2,Saturday,1,1,1.0
Other,Dark - Unknown Lighting,2,Sunday,1,1,1.0
Other,Dark - Unknown Lighting,2,Wednesday,1,1,1.0
Other,Dark - Unknown Lighting,3,Tuesday,1,1,1.0
Other,Dark - Unknown Lighting,4,Monday,1,1,1.0
Other,Dark - Unknown Lighting,4,Wednesday,1,1,1.0
Other,Dark - Unknown Lighting,6,Wednesday,1,1,1.0
Other,Dawn,5,Tuesday,1,1,1.0
Other,Dawn,6,Friday,1,1,1.0
Other,Dawn,6,Wednesday,3,3,1.0
Other,Dawn,7,Saturday,1,1,1.0
Other,Dawn,7,Thursday,2,2,1.0
Other,Dawn,7,Tuesday,1,1,1.0
Other,Dawn,7,Wednesday,2,2,1.0
Other,Daylight,5,Saturday,1,1,1.0
Other,Daylight,6,Friday,1,1,1.0
Other,Daylight,6,Saturday,2,2,1.0
Other,Daylight,6,Tuesday,1,1,1.0
Other,Daylight,7,Monday,4,4,1.0
Other,Daylight,7,Saturday,1,1,1.0
Other,Daylight,7,Sunday,1,2,2.0
Other,Daylight,7,Thursday,2,4,2.0
Other,Daylight,7,Tuesday,3,4,1.3333333333333333
Other,Daylight,8,Friday,1,1,1.0
Other,Daylight,8,Saturday,3,3,1.0
Other,Daylight,8,Thursday,3,4,1.3333333333333333
Other,Daylight,8,Tuesday,2,2,1.0
Other,Daylight,9,Monday,1,1,1.0
Other,Daylight,9,Saturday,2,2,1.0
Other,Daylight,9,Sunday,2,2,1.0
Other,Daylight,9,Thursday,4,4,1.0
Other,Daylight,9,Tuesday,1,1,1.0
Other,Daylight,10,Monday,1,1,1.0
Other,Daylight,10,Thursday,3,3,1.0
Other,Daylight,10,Tuesday,1,1,1.0
Other,Daylight,10,Wednesday,1,1,1.0
Other,Daylight,11,Friday,1,1,1.0
Other,Daylight,11,Monday,1,1,1.0
Other,Daylight,11,Thursday,1,1,1.0
Other,Daylight,11,Tuesday,2,2,1.0
Other,Daylight,12,Friday,2,3,1.5
Other,Daylight,12,Saturday,2,2,1.0
Other,Daylight,12,Sunday,1,1,1.0
Other,Daylight,12,Thursday,1,1,1.0
Other,Daylight,12,Tuesday,1,1,1.0
Other,Daylight,12,Wednesday,1,1,1.0
Other,Daylight,13,Monday,6,9,1.5
Other,Daylight,13,Sunday,3,4,1.3333333333333333
Other,Daylight,13,Tuesday,2,2,1.0
Other,Daylight,13,Wednesday,1,1,1.0
Other,Daylight,14,Monday,2,2,1.0
Other,Daylight,14,Saturday,2,2,1.0
Other,Daylight,14,Thursday,1,1,1.0
Other,Daylight,14,Tuesday,1,1,1.0
Other,Daylight,15,Friday,4,4,1.0
Other,Daylight,15,Monday,2,2,1.0
Other,Daylight,15,Sunday,1,1,1.0
Other,Daylight,15,Thursday,1,1,1.0
Other,Daylight,16,Friday,1,1,1.0
Other,Daylight,16,Monday,4,5,1.25
Other,Daylight,16,Saturday,1,1,1.0
Other,Daylight,16,Sunday,2,2,1.0
Other,Daylight,16,Tuesday,2,2,1.0
Other,Daylight,17,Monday,2,3,1.5
Other,Daylight,17,Sunday,1,1,1.0
Other,Daylight,17,Thursday,1,1,1.0
Other,Daylight,17,Tuesday,1,1,1.0
Other,Daylight,18,Friday,1,1,1.0
Other,Daylight,18,Saturday,1,1,1.0
Other,Daylight,18,Thursday,1,1,1.0
Other,Daylight,18,Tuesday,1,1,1.0
Other,Daylight,19,Monday,1,1,1.0
Other,Daylight,99,Friday,1,1,1.0
Other,Dusk,16,Friday,1,1,1.0
Other,Dusk,16,Monday,1,1,1.0
Other,Dusk,16,Thursday,1,1,1.0
Other,Dusk,17,Saturday,2,2,1.0
Other,Dusk,18,Friday,1,1,1.0
Other,Dusk,20,Friday,1,1,1.0
Other,Not Reported,0,Thursday,1,1,1.0
Other,Not Reported,5,Monday,1,1,1.0
Other,Not Reported,19,Friday,1,1,1.0
Other,Other,0,Tuesday,1,1,1.0
Other,Other,2,Wednesday,1,1,1.0
Other,Other,3,Saturday,2,2,1.0
Other,Other,6,Sunday,1,1,1.0
Other,Other,8,Wednesday,1,1,1.0
Other,Other,10,Wednesday,1,1,1.0
Other,Other,13,Tuesday,1,1,1.0
Other,Other,18,Sunday,1,1,1.0
Other,Other,19,Wednesday,1,1,1.0
Other,Other,20,Saturday,1,1,1.0
Other,Other,99,Thursday,1,1,1.0
Other,Reported as Unknown,5,Sunday,1,1,1.0
Other,Reported as Unknown,6,Monday,1,1,1.0
Other,Reported as Unknown,7,Monday,1,1,1.0
Other,Reported as Unknown,7,Sunday,1,1,1.0
Other,Reported as Unknown,8,Friday,1,1,1.0
Other,Reported as Unknown,8,Sunday,1,1,1.0
Other,Reported as Unknown,9,Friday,1,1,1.0
Other,Reported as Unknown,9,Sunday,1,1,1.0
Other,Reported as Unknown,9,Thursday,2,2,1.0
Other,Reported as Unknown,9,Tuesday,1,1,1.0
Other,Reported as Unknown,9,Wednesday,1,1,1.0
Other,Reported as Unknown,10,Saturday,1,1,1.0
Other,Reported as Unknown,10,Tuesday,1,1,1.0
Other,Reported as Unknown,11,Monday,1,1,1.0
Other,Reported as Unknown,12,Friday,2,2,1.0
Other,Reported as Unknown,12,Sunday,1,1,1.0
Other,Reported as Unknown,14,Friday,1,1,1.0
Other,Reported as Unknown,16,Monday,1,1,1.0
Other,Reported as Unknown,16,Saturday,1,1,1.0
Other,Reported as Unknown,16,Wednesday,1,1,1.0
Other,Reported as Unknown,17,Friday,1,1,1.0
Other,Reported as Unknown,18,Monday,1,1,1.0
Other,Reported as Unknown,19,Monday,1,1,1.0
Other,Reported as Unknown,23,Tuesday,1,1,1.0
Other,Unknown,6,Saturday,1,1,1.0
Other,Unknown,9,Friday,1,1,1.0
Other,Unknown,10,Thursday,1,1,1.0
Other,Unknown,11,Saturday,1,1,1.0
Other,Unknown,14,Thursday,1,1,1.0
Other,Unknown,19,Tuesday,1,1,1.0
Other,Unknown,22,Friday,1,1,1.0
Rain,Dark - Lighted,0,Friday,53,57,1.0754716981132075
Rain,Dark - Lighted,0,Monday,53,56,1.0566037735849056
Rain,Dark - Lighted,0,Saturday,84,89,1.0595238095238095
Rain,Dark - Lighted,0,Sunday,79,84,1.0632911392405062
Rain,Dark - Lighted,0,Thursday,32,35,1.09375
Rain,Dark - Lighted,0,Tuesday,41,42,1.024390243902439
Rain,Dark - Lighted,0,Wednesday,34,37,1.088235294117647
Rain,Dark - Lighted,1,Friday,53,59,1.1132075471698113
Rain,Dark - Lighted,1,Monday,38,42,1.105263157894737
Rain,Dark - Lighted,1,Saturday,81,94,1.1604938271604939
Rain,Dark - Lighted,1,Sunday,86,94,1.0930232558139534
Rain,Dark - Lighted,1,Thursday,30,33,1.1
Rain,Dark - Lighted,1,Tuesday,39,41,1.0512820512820513
Rain,Dark - Lighted,1,Wednesday,29,31,1.0689655172413792
Rain,Dark - Lighted,2,Friday,54,56,1.037037037037037
Rain,Dark - Lighted,2,Monday,45,49,1.0888888888888888
Rain,Dark - Lighted,2,Saturday,91,97,1.065934065934066
Rain,Dark - Lighted,2,Sunday,103,115,1.116504854368932
Rain,Dark - Lighted,2,Thursday,42,45,1.0714285714285714
Rain,Dark - Lighted,2,Tuesday,20,24,1.2
Rain,Dark - Lighted,2,Wednesday,33,37,1.121212121212121
Rain,Dark - Lighted,3,Friday,34,36,1.0588235294117647
Rain,Dark - Lighted,3,Monday,20,21,1.05
Rain,Dark - Lighted,3,Saturday,66,70,1.0606060606060606
Rain,Dark - Lighted,3,Sunday,81,85,1.0493827160493827
Rain,Dark - Lighted,3,Thursday,24,25,1.0416666666666667
Rain,Dark - Lighted,3,Tuesday,27,29,1.0740740740740742
Rain,Dark - Lighted,3,Wednesday,20,20,1.0
Rain,Dark - Lighted,4,Friday,40,40,1.0
Rain,Dark - Lighted,4,Monday,25,27,1.08
Rain,Dark - Lighted,4,Saturday,49,53,1.0816326530612246
Rain,Dark - Lighted,4,Sunday,54,56,1.037037037037037
Rain,Dark - Lighted,4,Thursday,25,25,1.0
Rain,Dark - Lighted,4,Tuesday,19,19,1.0
Rain,Dark - Lighted,4,Wednesday,39,40,1.0256410256410255
Rain,Dark - Lighted,5,Friday,34,34,1.0
Rain,Dark - Lighted,5,Monday,43,46,1.069767441860465
Rain,Dark - Lighted,5,Saturday,33,33,1.0
Rain,Dark - Lighted,5,Sunday,43,44,1.0232558139534884
Rain,Dark - Lighted,5,Thursday,53,55,1.0377358490566038
Rain,Dark - Lighted,5,Tuesday,44,46,1.0454545454545454
Rain,Dark - Lighted,5,Wednesday,48,49,1.0208333333333333
Rain,Dark - Lighted,6,Friday,36,36,1.0
Rain,Dark - Lighted,6,Monday,30,30,1.0
Rain,Dark - Lighted,6,Saturday,19,20,1.0526315789473684
Rain,Dark - Lighted,6,Sunday,22,24,1.0909090909090908
Rain,Dark - Lighted,6,Thursday,39,41,1.0512820512820513
Rain,Dark - Lighted,6,Tuesday,30,31,1.0333333333333334
Rain,Dark - Lighted,6,Wednesday,25,25,1.0
Rain,Dark - Lighted,7,Friday,5,5,1.0
Rain,Dark - Lighted,7,Monday,8,8,1.0
Rain,Dark - Lighted,7,Saturday,4,4,1.0
Rain,Dark - Lighted,7,Sunday,6,7,1.1666666666666667
Rain,Dark - Lighted,7,Thursday,4,4,1.0
Rain,Dark - Lighted,7,Tuesday,5,5,1.0
Rain,Dark - Lighted,7,Wednesday,5,5,1.0
Rain,Dark - Lighted,8,Sunday,2,2,1.0
Rain,Dark - Lighted,8,Thursday,2,2,1.0
Rain,Dark - Lighted,14,Thursday,1,1,1.0
Rain,Dark - Lighted,16,Friday,9,9,1.0
Rain,Dark - Lighted,16,Monday,8,8,1.0
Rain,Dark - Lighted,16,Saturday,7,7,1.0
Rain,Dark - Lighted,16,Sunday,9,9,1.0
Rain,Dark - Lighted,16,Thursday,6,6,1.0
Rain,Dark - Lighted,16,Tuesday,8,8,1.0
Rain,Dark - Lighted,16,Wednesday,5,5,1.0
Rain,Dark - Lighted,17,Friday,29,30,1.0344827586206897
Rain,Dark - Lighted,17,Monday,43,43,1.0
Rain,Dark - Lighted,17,Saturday,44,49,1.1136363636363635
Rain,Dark - Lighted,17,Sunday,23,23,1.0
Rain,Dark - Lighted,17,Thursday,43,46,1.069767441860465
Rain,Dark - Lighted,17,Tuesday,34,35,1.0294117647058822
Rain,Dark - Lighted,17,Wednesday,35,35,1.0
Rain,Dark - Lighted,18,Friday,70,71,1.0142857142857142
Rain,Dark - Lighted,18,Monday,54,54,1.0
Rain,Dark - Lighted,18,Saturday,48,50,1.0416666666666667
Rain,Dark - Lighted,18,Sunday,48,49,1.0208333333333333
Rain,Dark - Lighted,18,Thursday,59,60,1.0169491525423728
Rain,Dark - Lighted,18,Tuesday,53,56,1.0566037735849056
Rain,Dark - Lighted,18,Wednesday,53,56,1.0566037735849056
Rain,Dark - Lighted,19,Friday,69,70,1.0144927536231885
Rain,Dark - Lighted,19,Monday,46,47,1.0217391304347827
Rain,Dark - Lighted,19,Saturday,81,83,1.0246913580246915
Rain,Dark - Lighted,19,Sunday,64,67,1.046875
Rain,Dark - Lighted,19,Thursday,69,72,1.0434782608695652
Rain,Dark - Lighted,19,Tuesday,59,62,1.0508474576271187
Rain,Dark - Lighted,19,Wednesday,76,78,1.0263157894736843
Rain,Dark - Lighted,20,Friday,97,102,1.0515463917525774
Rain,Dark - Lighted,20,Monday,70,79,1.1285714285714286
Rain,Dark - Lighted,20,Saturday,86,89,1.0348837209302326
Rain,Dark - Lighted,20,Sunday,91,95,1.043956043956044
Rain,Dark - Lighted,20,Thursday,80,83,1.0375
Rain,Dark - Lighted,20,Tuesday,75,79,1.0533333333333332
Rain,Dark - Lighted,20,Wednesday,77,77,1.0
Rain,Dark - Lighted,21,Friday,88,94,1.0681818181818181
Rain,Dark - Lighted,21,Monday,73,75,1.0273972602739727
Rain,Dark - Lighted,21,Saturday,103,106,1.029126213592233
Rain,Dark - Lighted,21,Sunday,75,76,1.0133333333333334
Rain,Dark - Lighted,21,Thursday,80,84,1.05
Rain,Dark - Lighted,21,Tuesday,56,57,1.0178571428571428
Rain,Dark - Lighted,21,Wednesday,70,74,1.0571428571428572
Rain,Dark - Lighted,22,Friday,93,99,1.064516129032258
Rain,Dark - Lighted,22,Monday,70,78,1.1142857142857143
Rain,Dark - Lighted,22,Saturday,111,120,1.0810810810810811
Rain,Dark - Lighted,22,Sunday,53,53,1.0
Rain,Dark - Lighted,22,Thursday,65,66,1.0153846153846153
Rain,Dark - Lighted,22,Tuesday,49,52,1.0612244897959184
Rain,Dark - Lighted,22,Wednesday,57,62,1.087719298245614
Rain,Dark - Lighted,23,Friday,83,88,1.0602409638554218
Rain,Dark - Lighted,23,Monday,49,51,1.0408163265306123
Rain,Dark - Lighted,23,Saturday,89,97,1.0898876404494382
Rain,Dark - Lighted,23,Sunday,50,54,1.08
Rain,Dark - Lighted,23,Thursday,61,70,1.1475409836065573
Rain,Dark - Lighted,23,Tuesday,42,43,1.0238095238095237
Rain,Dark - Lighted,23,Wednesday,52,57,1.0961538461538463
Rain,Dark - Lighted,99,Friday,3,3,1.0
Rain,Dark - Lighted,99,Monday,3,3,1.0
Rain,Dark - Lighted,99,Saturday,5,5,1.0
Rain,Dark - Lighted,99,Sunday,4,4,1.0
Rain,Dark - Lighted,99,Thursday,1,1,1.0
Rain,Dark - Lighted,99,Tuesday,5,5,1.0
Rain,Dark - Lighted,99,Wednesday,3,3,1.0
Rain,Dark - Not Lighted,0,Friday,63,69,1.0952380952380953
Rain,Dark - Not Lighted,0,Monday,60,68,1.1333333333333333
Rain,Dark - Not Lighted,0,Saturday,95,107,1.1263157894736842
Rain,Dark - Not Lighted,0,Sunday,143,156,1.0909090909090908
Rain,Dark - Not Lighted,0,Thursday,57,61,1.0701754385964912
Rain,Dark - Not Lighted,0,Tuesday,45,47,1.0444444444444445
Rain,Dark - Not Lighted,0,Wednesday,46,49,1.065217391304348
Rain,Dark - Not Lighted,1,Friday,69,80,1.1594202898550725
Rain,Dark - Not Lighted,1,Monday,37,40,1.0810810810810811
Rain,Dark - Not Lighted,1,Saturday,95,103,1.0842105263157895
Rain,Dark - Not Lighted,1,Sunday,124,137,1.1048387096774193
Rain,Dark - Not Lighted,1,Thursday,44,47,1.0681818181818181
Rain,Dark - Not Lighted,1,Tuesday,39,43,1.1025641025641026
Rain,Dark - Not Lighted,1,Wednesday,39,41,1.0512820512820513
Rain,Dark - Not Lighted,2,Friday,58,67,1.1551724137931034
Rain,Dark - Not Lighted,2,Monday,38,43,1.131578947368421
Rain,Dark - Not Lighted,2,Saturday,103,110,1.0679611650485437
Rain,Dark - Not Lighted,2,Sunday,114,128,1.1228070175438596
Rain,Dark - Not Lighted,2,Thursday,38,41,1.0789473684210527
Rain,Dark - Not Lighted,2,Tuesday,32,41,1.28125
Rain,Dark - Not Lighted,2,Wednesday,32,34,1.0625
Rain,Dark - Not Lighted,3,Friday,44,46,1.0454545454545454
Rain,Dark - Not Lighted,3,Monday,51,55,1.0784313725490196
Rain,Dark - Not Lighted,3,Saturday,84,99,1.1785714285714286
Rain,Dark - Not Lighted,3,Sunday,97,118,1.2164948453608246
Rain,Dark - Not Lighted,3,Thursday,42,46,1.0952380952380953
Rain,Dark - Not Lighted,3,Tuesday,36,40,1.1111111111111112
Rain,Dark - Not Lighted,3,Wednesday,38,41,1.0789473684210527
Rain,Dark - Not Lighted,4,Friday,49,50,1.0204081632653061
Rain,Dark - Not Lighted,4,Monday,52,56,1.0769230769230769
Rain,Dark - Not Lighted,4,Saturday,74,83,1.1216216216216217
Rain,Dark - Not Lighted,4,Sunday,87,97,1.1149425287356323
Rain,Dark - Not Lighted,4,Thursday,64,68,1.0625
Rain,Dark - Not Lighted,4,Tuesday,36,40,1.1111111111111112
Rain,Dark - Not Lighted,4,Wednesday,47,47,1.0
Rain,Dark - Not Lighted,5,Friday,84,85,1.0119047619047619
Rain,Dark - Not Lighted,5,Monday,80,86,1.075
Rain,Dark - Not Lighted,5,Saturday,59,65,1.1016949152542372
Rain,Dark - Not Lighted,5,Sunday,62,66,1.064516129032258
Rain,Dark - Not Lighted,5,Thursday,72,74,1.0277777777777777
Rain,Dark - Not Lighted,5,Tuesday,58,63,1.0862068965517242
Rain,Dark - Not Lighted,5,Wednesday,60,61,1.0166666666666666
Rain,Dark - Not Lighted,6,Friday,53,54,1.0188679245283019
Rain,Dark - Not Lighted,6,Monday,57,58,1.0175438596491229
Rain,Dark - Not Lighted,6,Saturday,44,49,1.1136363636363635
Rain,Dark - Not Lighted,6,Sunday,33,38,1.1515151515151516
Rain,Dark - Not Lighted,6,Thursday,66,73,1.106060606060606
Rain,Dark - Not Lighted,6,Tuesday,61,67,1.098360655737705
Rain,Dark - Not Lighted,6,Wednesday,62,64,1.032258064516129
Rain,Dark - Not Lighted,7,Friday,19,21,1.105263157894737
Rain,Dark - Not Lighted,7,Monday,15,15,1.0
Rain,Dark - Not Lighted,7,Saturday,13,13,1.0
Rain,Dark - Not Lighted,7,Sunday,15,16,1.0666666666666667
Rain,Dark - Not Lighted,7,Thursday,21,24,1.1428571428571428
Rain,Dark - Not Lighted,7,Tuesday,12,13,1.0833333333333333
Rain,Dark - Not Lighted,7,Wednesday,13,13,1.0
Rain,Dark - Not Lighted,8,Friday,3,3,1.0
Rain,Dark - Not Lighted,8,Monday,2,2,1.0
Rain,Dark - Not Lighted,8,Saturday,5,5,1.0
Rain,Dark - Not Lighted,8,Sunday,4,4,1.0
Rain,Dark - Not Lighted,8,Thursday,3,3,1.0
Rain,Dark - Not Lighted,8,Tuesday,3,3,1.0
Rain,Dark - Not Lighted,8,Wednesday,1,1,1.0
Rain,Dark - Not Lighted,9,Monday,1,1,1.0
Rain,Dark - Not Lighted,10,Monday,1,1,1.0
Rain,Dark - Not Lighted,10,Sunday,1,1,1.0
Rain,Dark - Not Lighted,11,Sunday,1,1,1.0
Rain,Dark - Not Lighted,14,Friday,1,1,1.0
Rain,Dark - Not Lighted,14,Tuesday,1,1,1.0
Rain,Dark - Not Lighted,15,Friday,1,1,1.0
Rain,Dark - Not Lighted,16,Friday,11,11,1.0
Rain,Dark - Not Lighted,16,Monday,3,4,1.3333333333333333
Rain,Dark - Not Lighted,16,Saturday,9,11,1.2222222222222223
Rain,Dark - Not Lighted,16,Sunday,7,7,1.0
Rain,Dark - Not Lighted,16,Thursday,5,5,1.0
Rain,Dark - Not Lighted,16,Tuesday,6,7,1.1666666666666667
Rain,Dark - Not Lighted,16,Wednesday,4,5,1.25
Rain,Dark - Not Lighted,17,Friday,36,39,1.0833333333333333
Rain,Dark - Not Lighted,17,Monday,35,39,1.1142857142857143
Rain,Dark - Not Lighted,17,Saturday,33,37,1.121212121212121
Rain,Dark - Not Lighted,17,Sunday,32,40,1.25
Rain,Dark - Not Lighted,17,Thursday,39,41,1.0512820512820513
Rain,Dark - Not Lighted,17,Tuesday,33,40,1.2121212121212122
Rain,Dark - Not Lighted,17,Wednesday,41,49,1.1951219512195121
Rain,Dark - Not Lighted,18,Friday,83,87,1.0481927710843373
Rain,Dark - Not Lighted,18,Monday,65,67,1.0307692307692307
Rain,Dark - Not Lighted,18,Saturday,63,70,1.1111111111111112
Rain,Dark - Not Lighted,18,Sunday,67,72,1.0746268656716418
Rain,Dark - Not Lighted,18,Thursday,65,73,1.123076923076923
Rain,Dark - Not Lighted,18,Tuesday,63,67,1.0634920634920635
Rain,Dark - Not Lighted,18,Wednesday,55,57,1.0363636363636364
Rain,Dark - Not Lighted,19,Friday,91,94,1.032967032967033
Rain,Dark - Not Lighted,19,Monday,87,94,1.0804597701149425
Rain,Dark - Not Lighted,19,Saturday,92,105,1.141304347826087
Rain,Dark - Not Lighted,19,Sunday,84,88,1.0476190476190477
Rain,Dark - Not Lighted,19,Thursday,82,87,1.0609756097560976
Rain,Dark - Not Lighted,19,Tuesday,59,63,1.0677966101694916
Rain,Dark - Not Lighted,19,Wednesday,83,91,1.0963855421686748
Rain,Dark - Not Lighted,20,Friday,100,114,1.14
Rain,Dark - Not Lighted,20,Monday,85,95,1.1176470588235294
Rain,Dark - Not Lighted,20,Saturday,117,130,1.1111111111111112
Rain,Dark - Not Lighted,20,Sunday,102,111,1.088235294117647
Rain,Dark - Not Lighted,20,Thursday,91,96,1.054945054945055
Rain,Dark - Not Lighted,20,Tuesday,73,79,1.082191780821918
Rain,Dark - Not Lighted,20,Wednesday,97,103,1.0618556701030928
Rain,Dark - Not Lighted,21,Friday,139,156,1.1223021582733812
Rain,Dark - Not Lighted,21,Monday,88,90,1.0227272727272727
Rain,Dark - Not Lighted,21,Saturday,110,122,1.1090909090909091
Rain,Dark - Not Lighted,21,Sunday,105,113,1.0761904761904761
Rain,Dark - Not Lighted,21,Thursday,120,122,1.0166666666666666
Rain,Dark - Not Lighted,21,Tuesday,73,82,1.1232876712328768
Rain,Dark - Not Lighted,21,Wednesday,106,112,1.0566037735849056
Rain,Dark - Not Lighted,22,Friday,122,135,1.1065573770491803
Rain,Dark - Not Lighted,22,Monday,80,88,1.1
Rain,Dark - Not Lighted,22,Saturday,146,164,1.1232876712328768
Rain,Dark - Not Lighted,22,Sunday,106,115,1.0849056603773586
Rain,Dark - Not Lighted,22,Thursday,108,114,1.0555555555555556
Rain,Dark - Not Lighted,22,Tuesday,63,67,1.0634920634920635
Rain,Dark - Not Lighted,22,Wednesday,68,74,1.088235294117647
Rain,Dark - Not Lighted,23,Friday,102,117,1.1470588235294117
Rain,Dark - Not Lighted,23,Monday,54,57,1.0555555555555556
Rain,Dark - Not Lighted,23,Saturday,130,141,1.0846153846153845
Rain,Dark - Not Lighted,23,Sunday,67,74,1.1044776119402986
Rain,Dark - Not Lighted,23,Thursday,84,92,1.0952380952380953
Rain,Dark - Not Lighted,23,Tuesday,49,53,1.0816326530612246
Rain,Dark - Not Lighted,23,Wednesday,79,81,1.0253164556962024
Rain,Dark - Not Lighted,99,Friday,11,11,1.0
Rain,Dark - Not Lighted,99,Monday,9,9,1.0
Rain,Dark - Not Lighted,99,Saturday,14,17,1.2142857142857142
Rain,Dark - Not Lighted,99,Sunday,15,16,1.0666666666666667
Rain,Dark - Not Lighted,99,Thursday,6,6,1.0
Rain,Dark - Not Lighted,99,Tuesday,7,7,1.0
Rain,Dark - Not Lighted,99,Wednesday,11,11,1.0
Rain,Dark - Unknown Lighting,0,Friday,2,2,1.0
Rain,Dark - Unknown Lighting,0,Monday,2,2,1.0
Rain,Dark - Unknown Lighting,0,Saturday,2,2,1.0
Rain,Dark - Unknown Lighting,0,Sunday,7,7,1.0
Rain,Dark - Unknown Lighting,0,Thursday,3,3,1.0
Rain,Dark - Unknown Lighting,0,Tuesday,1,1,1.0
Rain,Dark - Unknown Lighting,1,Sunday,2,2,1.0
Rain,Dark - Unknown Lighting,1,Thursday,1,1,1.0
Rain,Dark - Unknown Lighting,1,Tuesday,2,2,1.0
Rain,Dark - Unknown Lighting,2,Friday,1,1,1.0
Rain,Dark - Unknown Lighting,2,Monday,2,2,1.0
Rain,Dark - Unknown Lighting,2,Saturday,5,6,1.2
Rain,Dark - Unknown Lighting,2,Sunday,5,5,1.0
Rain,Dark - Unknown Lighting,2,Tuesday,1,1,1.0
Rain,Dark - Unknown Lighting,2,Wednesday,1,1,1.0
Rain,Dark - Unknown Lighting,3,Saturday,1,1,1.0
Rain,Dark - Unknown Lighting,3,Sunday,4,4,1.0
Rain,Dark - Unknown Lighting,3,Thursday,2,2,1.0
Rain,Dark - Unknown Lighting,3,Wednesday,3,3,1.0
Rain,Dark - Unknown Lighting,4,Friday,2,2,1.0
Rain,Dark - Unknown Lighting,4,Saturday,2,2,1.0
Rain,Dark - Unknown Lighting,4,Sunday,1,1,1.0
Rain,Dark - Unknown Lighting,4,Thursday,2,2,1.0
Rain,Dark - Unknown Lighting,4,Tuesday,3,3,1.0
Rain,Dark - Unknown Lighting,4,Wednesday,3,3,1.0
Rain,Dark - Unknown Lighting,5,Friday,3,4,1.3333333333333333
Rain,Dark - Unknown Lighting,5,Saturday,3,3,1.0
Rain,Dark - Unknown Lighting,5,Sunday,2,2,1.0
Rain,Dark - Unknown Lighting,5,Thursday,2,2,1.0
Rain,Dark - Unknown Lighting,5,Tuesday,2,2,1.0
Rain,Dark - Unknown Lighting,5,Wednesday,3,3,1.0
Rain,Dark - Unknown Lighting,6,Friday,5,7,1.4
Rain,Dark - Unknown Lighting,6,Monday,2,4,2.0
Rain,Dark - Unknown Lighting,6,Saturday,2,2,1.0
Rain,Dark - Unknown Lighting,6,Sunday,1,2,2.0
Rain,Dark - Unknown Lighting,6,Thursday,2,2,1.0
Rain,Dark - Unknown Lighting,6,Tuesday,2,2,1.0
Rain,Dark - Unknown Lighting,7,Monday,1,1,1.0
Rain,Dark - Unknown Lighting,7,Tuesday,1,1,1.0
Rain,Dark - Unknown Lighting,8,Wednesday,1,1,1.0
Rain,Dark - Unknown Lighting,12,Friday,1,1,1.0
Rain,Dark - Unknown Lighting,16,Tuesday,2,2,1.0
Rain,Dark - Unknown Lighting,17,Friday,2,2,1.0
Rain,Dark - Unknown Lighting,17,Monday,2,2,1.0
Rain,Dark - Unknown Lighting,17,Saturday,3,3,1.0
Rain,Dark - Unknown Lighting,17,Sunday,1,1,1.0
Rain,Dark - Unknown Lighting,17,Thursday,2,2,1.0
Rain,Dark - Unknown Lighting,17,Tuesday,1,1,1.0
Rain,Dark - Unknown Lighting,18,Friday,3,3,1.0
Rain,Dark - Unknown Lighting,18,Saturday,2,2,1.0
Rain,Dark - Unknown Lighting,18,Sunday,1,1,1.0
Rain,Dark - Unknown Lighting,18,Thursday,1,1,1.0
Rain,Dark - Unknown Lighting,18,Tuesday,1,1,1.0
Rain,Dark - Unknown Lighting,19,Friday,6,6,1.0
Rain,Dark - Unknown Lighting,19,Monday,6,6,1.0
Rain,Dark - Unknown Lighting,19,Sunday,4,4,1.0
Rain,Dark - Unknown Lighting,19,Thursday,1,1,1.0
Rain,Dark - Unknown Lighting,19,Tuesday,2,2,1.0
Rain,Dark - Unknown Lighting,19,Wednesday,1,2,2.0
Rain,Dark - Unknown Lighting,20,Friday,4,4,1.0
Rain,Dark - Unknown Lighting,20,Monday,2,2,1.0
Rain,Dark - Unknown Lighting,20,Saturday,5,7,1.4
Rain,Dark - Unknown Lighting,20,Sunday,3,3,1.0
Rain,Dark - Unknown Lighting,20,Thursday,4,4,1.0
Rain,Dark - Unknown Lighting,20,Wednesday,2,2,1.0
Rain,Dark - Unknown Lighting,21,Friday,4,4,1.0
Rain,Dark - Unknown Lighting,21,Monday,7,7,1.0
Rain,Dark - Unknown Lighting,21,Saturday,3,3,1.0
Rain,Dark - Unknown Lighting,21,Sunday,3,4,1.3333333333333333
Rain,Dark - Unknown Lighting,21,Thursday,2,2,1.0
Rain,Dark - Unknown Lighting,21,Tuesday,3,3,1.0
Rain,Dark - Unknown Lighting,21,Wednesday,1,1,1.0
Rain,Dark - Unknown Lighting,22,Friday,2,2,1.0
Rain,Dark - Unknown Lighting,22,Monday,2,2,1.0
Rain,Dark - Unknown Lighting,22,Saturday,3,3,1.0
Rain,Dark - Unknown Lighting,22,Sunday,4,4,1.0
Rain,Dark - Unknown Lighting,22,Thursday,4,4,1.0
Rain,Dark - Unknown Lighting,22,Tuesday,2,2,1.0
Rain,Dark - Unknown Lighting,22,Wednesday,1,1,1.0
Rain,Dark - Unknown Lighting,23,Friday,2,3,1.5
Rain,Dark - Unknown Lighting,23,Monday,1,1,1.0
Rain,Dark - Unknown Lighting,23,Saturday,4,4,1.0
Rain,Dark - Unknown Lighting,23,Sunday,2,2,1.0
Rain,Dark - Unknown Lighting,23,Thursday,5,5,1.0
Rain,Dark - Unknown Lighting,99,Friday,1,1,1.0
Rain,Dawn,4,Friday,1,1,1.0
Rain,Dawn,4,Tuesday,3,3,1.0
Rain,Dawn,5,Friday,18,18,1.0
Rain,Dawn,5,Monday,19,19,1.0
Rain,Dawn,5,Saturday,11,11,1.0
Rain,Dawn,5,Sunday,7,9,1.2857142857142858
Rain,Dawn,5,Thursday,11,12,1.0909090909090908
Rain,Dawn,5,Tuesday,11,11,1.0
Rain,Dawn,5,Wednesday,11,13,1.1818181818181819
Rain,Dawn,6,Friday,33,33,1.0
Rain,Dawn,6,Monday,36,39,1.0833333333333333
Rain,Dawn,6,Saturday,30,33,1.1
Rain,Dawn,6,Sunday,17,17,1.0
Rain,Dawn,6,Thursday,31,32,1.032258064516129
Rain,Dawn,6,Tuesday,38,40,1.0526315789473684
Rain,Dawn,6,Wednesday,33,36,1.0909090909090908
Rain,Dawn,7,Friday,29,34,1.1724137931034482
Rain,Dawn,7,Monday,31,35,1.1290322580645162
Rain,Dawn,7,Saturday,15,15,1.0
Rain,Dawn,7,Sunday,16,16,1.0
Rain,Dawn,7,Thursday,19,20,1.0526315789473684
Rain,Dawn,7,Tuesday,22,23,1.0454545454545454
Rain,Dawn,7,Wednesday,27,30,1.1111111111111112
Rain,Dawn,8,Friday,4,4,1.0
Rain,Dawn,8,Monday,2,3,1.5
Rain,Dawn,8,Saturday,4,4,1.0
Rain,Dawn,8,Sunday,4,4,1.0
Rain,Dawn,8,Thursday,2,2,1.0
Rain,Dawn,8,Tuesday,1,1,1.0
Rain,Dawn,8,Wednesday,2,3,1.5
Rain,Dawn,99,Thursday,1,1,1.0
Rain,Dawn,99,Wednesday,1,1,1.0
Rain,Daylight,3,Saturday,1,1,1.0
Rain,Daylight,4,Saturday,1,1,1.0
Rain,Daylight,4,Thursday,1,1,1.0
Rain,Daylight,5,Friday,2,2,1.0
Rain,Daylight,5,Monday,4,4,1.0
Rain,Daylight,5,Saturday,4,4,1.0
Rain,Daylight,5,Sunday,1,1,1.0
Rain,Daylight,5,Thursday,1,1,1.0
Rain,Daylight,5,Tuesday,2,2,1.0
Rain,Daylight,5,Wednesday,4,5,1.25
Rain,Daylight,6,Friday,27,28,1.037037037037037
Rain,Daylight,6,Monday,28,33,1.1785714285714286
Rain,Daylight,6,Saturday,20,21,1.05
Rain,Daylight,6,Sunday,11,11,1.0
Rain,Daylight,6,Thursday,23,24,1.0434782608695652
Rain,Daylight,6,Tuesday,25,26,1.04
Rain,Daylight,6,Wednesday,21,23,1.0952380952380953
Rain,Daylight,7,Friday,80,86,1.075
Rain,Daylight,7,Monday,77,83,1.077922077922078
Rain,Daylight,7,Saturday,67,73,1.0895522388059702
Rain,Daylight,7,Sunday,50,53,1.06
Rain,Daylight,7,Thursday,94,101,1.074468085106383
Rain,Daylight,7,Tuesday,97,105,1.0824742268041236
Rain,Daylight,7,Wednesday,78,89,1.141025641025641
Rain,Daylight,8,Friday,97,100,1.0309278350515463
Rain,Daylight,8,Monday,95,101,1.063157894736842
Rain,Daylight,8,Saturday,79,85,1.0759493670886076
Rain,Daylight,8,Sunday,70,73,1.042857142857143
Rain,Daylight,8,Thursday,99,104,1.0505050505050506
Rain,Daylight,8,Tuesday,86,98,1.1395348837209303
Rain,Daylight,8,Wednesday,79,90,1.139240506329114
Rain,Daylight,9,Friday,73,77,1.0547945205479452
Rain,Daylight,9,Monday,98,102,1.0408163265306123
Rain,Daylight,9,Saturday,81,87,1.0740740740740742
Rain,Daylight,9,Sunday,70,74,1.0571428571428572
Rain,Daylight,9,Thursday,103,115,1.116504854368932
Rain,Daylight,9,Tuesday,80,96,1.2
Rain,Daylight,9,Wednesday,83,90,1.0843373493975903
Rain,Daylight,10,Friday,111,122,1.0990990990990992
Rain,Daylight,10,Monday,96,103,1.0729166666666667
Rain,Daylight,10,Saturday,107,128,1.1962616822429906
Rain,Daylight,10,Sunday,62,71,1.1451612903225807
Rain,Daylight,10,Thursday,106,123,1.1603773584905661
Rain,Daylight,10,Tuesday,92,101,1.0978260869565217
Rain,Daylight,10,Wednesday,92,104,1.1304347826086956
Rain,Daylight,11,Friday,109,123,1.128440366972477
Rain,Daylight,11,Monday,106,117,1.1037735849056605
Rain,Daylight,11,Saturday,103,133,1.2912621359223302
Rain,Daylight,11,Sunday,91,104,1.1428571428571428
Rain,Daylight,11,Thursday,107,118,1.102803738317757
Rain,Daylight,11,Tuesday,86,93,1.0813953488372092
Rain,Daylight,11,Wednesday,83,94,1.1325301204819278
Rain,Daylight,12,Friday,110,125,1.1363636363636365
Rain,Daylight,12,Monday,143,153,1.06993006993007
Rain,Daylight,12,Saturday,115,127,1.1043478260869566
Rain,Daylight,12,Sunday,119,131,1.1008403361344539
Rain,Daylight,12,Thursday,127,139,1.094488188976378
Rain,Daylight,12,Tuesday,108,120,1.1111111111111112
Rain,Daylight,12,Wednesday,101,121,1.198019801980198
Rain,Daylight,13,Friday,139,157,1.129496402877698
Rain,Daylight,13,Monday,138,154,1.1159420289855073
Rain,Daylight,13,Saturday,102,117,1.1470588235294117
Rain,Daylight,13,Sunday,101,118,1.1683168316831682
Rain,Daylight,13,Thursday,112,129,1.1517857142857142
Rain,Daylight,13,Tuesday,127,137,1.078740157480315
Rain,Daylight,13,Wednesday,111,122,1.0990990990990992
Rain,Daylight,14,Friday,137,150,1.094890510948905
Rain,Daylight,14,Monday,132,154,1.1666666666666667
Rain,Daylight,14,Saturday,135,163,1.2074074074074075
Rain,Daylight,14,Sunday,104,118,1.1346153846153846
Rain,Daylight,14,Thursday,140,146,1.042857142857143
Rain,Daylight,14,Tuesday,126,136,1.0793650793650793
Rain,Daylight,14,Wednesday,128,142,1.109375
Rain,Daylight,15,Friday,172,208,1.2093023255813953
Rain,Daylight,15,Monday,155,172,1.1096774193548387
Rain,Daylight,15,Saturday,131,160,1.2213740458015268
Rain,Daylight,15,Sunday,123,144,1.170731707317073
Rain,Daylight,15,Thursday,171,181,1.0584795321637428
Rain,Daylight,15,Tuesday,130,143,1.1
Rain,Daylight,15,Wednesday,141,160,1.1347517730496455
Rain,Daylight,16,Friday,153,171,1.1176470588235294
Rain,Daylight,16,Monday,150,163,1.0866666666666667
Rain,Daylight,16,Saturday,138,165,1.1956521739130435
Rain,Daylight,16,Sunday,105,117,1.1142857142857143
Rain,Daylight,16,Thursday,145,158,1.089655172413793
Rain,Daylight,16,Tuesday,120,132,1.1
Rain,Daylight,16,Wednesday,124,138,1.1129032258064515
Rain,Daylight,17,Friday,103,119,1.1553398058252426
Rain,Daylight,17,Monday,88,95,1.0795454545454546
Rain,Daylight,17,Saturday,93,106,1.1397849462365592
Rain,Daylight,17,Sunday,111,140,1.2612612612612613
Rain,Daylight,17,Thursday,113,124,1.0973451327433628
Rain,Daylight,17,Tuesday,103,116,1.1262135922330097
Rain,Daylight,17,Wednesday,91,99,1.0879120879120878
Rain,Daylight,18,Friday,51,58,1.1372549019607843
Rain,Daylight,18,Monday,63,70,1.1111111111111112
Rain,Daylight,18,Saturday,67,79,1.1791044776119404
Rain,Daylight,18,Sunday,80,95,1.1875
Rain,Daylight,18,Thursday,66,74,1.121212121212121
Rain,Daylight,18,Tuesday,63,67,1.0634920634920635
Rain,Daylight,18,Wednesday,52,57,1.0961538461538463
Rain,Daylight,19,Friday,26,32,1.2307692307692308
Rain,Daylight,19,Monday,29,32,1.103448275862069
Rain,Daylight,19,Saturday,25,29,1.16
Rain,Daylight,19,Sunday,39,47,1.205128205128205
Rain,Daylight,19,Thursday,21,23,1.0952380952380953
Rain,Daylight,19,Tuesday,23,30,1.3043478260869565
Rain,Daylight,19,Wednesday,26,27,1.0384615384615385
Rain,Daylight,20,Friday,9,10,1.1111111111111112
Rain,Daylight,20,Monday,5,5,1.0
Rain,Daylight,20,Saturday,5,7,1.4
Rain,Daylight,20,Sunday,8,8,1.0
Rain,Daylight,20,Thursday,2,5,2.5
Rain,Daylight,20,Tuesday,4,4,1.0
Rain,Daylight,20,Wednesday,6,6,1.0
Rain,Daylight,21,Friday,2,2,1.0
Rain,Daylight,21,Monday,1,1,1.0
Rain,Daylight,21,Saturday,3,3,1.0
Rain,Daylight,21,Sunday,1,1,1.0
Rain,Daylight,21,Thursday,5,5,1.0
Rain,Daylight,21,Tuesday,2,2,1.0
Rain,Daylight,21,Wednesday,2,2,1.0
Rain,Daylight,22,Friday,3,3,1.0
Rain,Daylight,22,Monday,1,1,1.0
Rain,Daylight,22,Sunday,3,3,1.0
Rain,Daylight,22,Wednesday,1,1,1.0
Rain,Daylight,99,Friday,8,8,1.0
Rain,Daylight,99,Monday,3,3,1.0
Rain,Daylight,99,Saturday,2,2,1.0
Rain,Daylight,99,Sunday,6,6,1.0
Rain,Daylight,99,Thursday,3,3,1.0
Rain,Daylight,99,Wednesday,5,5,1.0
Rain,Dusk,1,Saturday,1,2,2.0
Rain,Dusk,15,Monday,2,2,1.0
Rain,Dusk,15,Saturday,1,1,1.0
Rain,Dusk,15,Sunday,1,1,1.0
Rain,Dusk,15,Wednesday,1,1,1.0
Rain,Dusk,16,Friday,13,14,1.0769230769230769
Rain,Dusk,16,Monday,14,15,1.0714285714285714
Rain,Dusk,16,Saturday,12,13,1.0833333333333333
Rain,Dusk,16,Sunday,8,8,1.0
Rain,Dusk,16,Thursday,13,13,1.0
Rain,Dusk,16,Tuesday,8,9,1.125
Rain,Dusk,16,Wednesday,10,10,1.0
Rain,Dusk,17,Friday,21,22,1.0476190476190477
Rain,Dusk,17,Monday,18,18,1.0
Rain,Dusk,17,Saturday,19,22,1.1578947368421053
Rain,Dusk,17,Sunday,18,21,1.1666666666666667
Rain,Dusk,17,Thursday,14,18,1.2857142857142858
Rain,Dusk,17,Tuesday,18,23,1.2777777777777777
Rain,Dusk,17,Wednesday,17,18,1.0588235294117647
Rain,Dusk,18,Friday,15,15,1.0
Rain,Dusk,18,Monday,16,16,1.0
Rain,Dusk,18,Saturday,16,21,1.3125
Rain,Dusk,18,Sunday,15,17,1.1333333333333333
Rain,Dusk,18,Thursday,15,15,1.0
Rain,Dusk,18,Tuesday,13,15,1.1538461538461537
Rain,Dusk,18,Wednesday,14,14,1.0
Rain,Dusk,19,Friday,19,21,1.105263157894737
Rain,Dusk,19,Monday,20,22,1.1
Rain,Dusk,19,Saturday,15,18,1.2
Rain,Dusk,19,Sunday,19,21,1.105263157894737
Rain,Dusk,19,Thursday,12,12,1.0
Rain,Dusk,19,Tuesday,18,22,1.2222222222222223
Rain,Dusk,19,Wednesday,9,9,1.0
Rain,Dusk,20,Friday,12,17,1.4166666666666667
Rain,Dusk,20,Monday,6,6,1.0
Rain,Dusk,20,Saturday,7,10,1.4285714285714286
Rain,Dusk,20,Sunday,14,14,1.0
Rain,Dusk,20,Thursday,9,10,1.1111111111111112
Rain,Dusk,20,Tuesday,8,11,1.375
Rain,Dusk,20,Wednesday,10,12,1.2
Rain,Dusk,21,Saturday,3,4,1.3333333333333333
Rain,Dusk,21,Tuesday,3,3,1.0
Rain,Dusk,21,Wednesday,2,3,1.5
Rain,Dusk,23,Saturday,1,1,1.0
Rain,Dusk,99,Tuesday,1,1,1.0
Rain,Not Reported,1,Friday,1,1,1.0
Rain,Not Reported,2,Saturday,1,1,1.0
Rain,Not Reported,9,Tuesday,1,1,1.0
Rain,Not Reported,9,Wednesday,1,1,1.0
Rain,Not Reported,11,Sunday,1,1,1.0
Rain,Not Reported,12,Wednesday,1,1,1.0
Rain,Not Reported,15,Monday,1,1,1.0
Rain,Not Reported,17,Thursday,1,1,1.0
Rain,Not Reported,18,Saturday,1,1,1.0
Rain,Not Reported,99,Saturday,1,1,1.0
Rain,Other,0,Sunday,2,2,1.0
Rain,Other,0,Tuesday,1,1,1.0
Rain,Other,7,Tuesday,1,1,1.0
Rain,Other,8,Saturday,3,3,1.0
Rain,Other,8,Wednesday,1,1,1.0
Rain,Other,9,Sunday,1,1,1.0
Rain,Other,9,Wednesday,1,2,2.0
Rain,Other,10,Wednesday,1,1,1.0
Rain,Other,11,Saturday,1,1,1.0
Rain,Other,11,Sunday,1,1,1.0
Rain,Other,12,Thursday,1,1,1.0
Rain,Other,12,Wednesday,1,1,1.0
Rain,Other,13,Thursday,1,1,1.0
Rain,Other,13,Tuesday,1,1,1.0
Rain,Other,14,Monday,1,1,1.0
Rain,Other,14,Thursday,1,1,1.0
Rain,Other,14,Tuesday,1,1,1.0
Rain,Other,14,Wednesday,1,1,1.0
Rain,Other,15,Friday,1,1,1.0
Rain,Other,15,Tuesday,1,1,1.0
Rain,Other,15,Wednesday,1,1,1.0
Rain,Other,16,Sunday,1,1,1.0
Rain,Other,16,Thursday,1,1,1.0
Rain,Other,17,Saturday,1,1,1.0
Rain,Other,17,Wednesday,1,1,1.0
Rain,Other,18,Sunday,1,1,1.0
Rain,Other,19,Thursday,1,2,2.0
Rain,Other,21,Sunday,1,1,1.0
Rain,Reported as Unknown,6,Sunday,1,1,1.0
Rain,Reported as Unknown,7,Saturday,1,1,1.0
Rain,Reported as Unknown,7,Thursday,1,1,1.0
Rain,Reported as Unknown,7,Tuesday,1,1,1.0
Rain,Reported as Unknown,8,Wednesday,1,1,1.0
Rain,Reported as Unknown,9,Sunday,1,1,1.0
Rain,Reported as Unknown,9,Thursday,1,1,1.0
Rain,Reported as Unknown,9,Tuesday,2,2,1.0
Rain,Reported as Unknown,10,Monday,1,1,1.0
Rain,Reported as Unknown,12,Sunday,1,1,1.0
Rain,Reported as Unknown,14,Friday,1,1,1.0
Rain,Reported as Unknown,15,Friday,1,1,1.0
Rain,Reported as Unknown,16,Thursday,1,1,1.0
Rain,Reported as Unknown,18,Sunday,1,1,1.0
Rain,Reported as Unknown,20,Tuesday,1,1,1.0
Rain,Reported as Unknown,99,Friday,1,1,1.0
Rain,Reported as Unknown,99,Saturday,3,3,1.0
Rain,Reported as Unknown,99,Sunday,3,3,1.0
Rain,Reported as Unknown,99,Thursday,3,3,1.0
Rain,Reported as Unknown,99,Tuesday,2,2,1.0
Rain,Unknown,9,Monday,1,1,1.0
Rain,Unknown,9,Thursday,1,1,1.0
Rain,Unknown,9,Tuesday,1,1,1.0
Rain,Unknown,9,Wednesday,1,1,1.0
Rain,Unknown,10,Saturday,1,1,1.0
Rain,Unknown,14,Sunday,1,1,1.0
Rain,Unknown,20,Monday,1,2,2.0
Rain,Unknown,22,Friday,1,1,1.0
Rain,Unknown,99,Friday,2,2,1.0
Rain,Unknown,99,Saturday,2,2,1.0
Rain,Unknown,99,Thursday,1,1,1.0
Rain,Unknown,99,Tuesday,1,1,1.0
Rain,Unknown,99,Wednesday,1,1,1.0
Reported as Unknown,Dark - Lighted,0,Friday,2,2,1.0
Reported as Unknown,Dark - Lighted,0,Monday,1,1,1.0
Reported as Unknown,Dark - Lighted,0,Sunday,2,2,1.0
Reported as Unknown,Dark - Lighted,0,Tuesday,2,2,1.0
Reported as Unknown,Dark - Lighted,1,Saturday,3,3,1.0
Reported as Unknown,Dark - Lighted,1,Sunday,2,2,1.0
Reported as Unknown,Dark - Lighted,2,Friday,4,4,1.0
Reported as Unknown,Dark - Lighted,2,Monday,1,1,1.0
Reported as Unknown,Dark - Lighted,2,Saturday,2,2,1.0
Reported as Unknown,Dark - Lighted,2,Sunday,3,3,1.0
Reported as Unknown,Dark - Lighted,2,Thursday,1,1,1.0
Reported as Unknown,Dark - Lighted,2,Wednesday,2,2,1.0
Reported as Unknown,Dark - Lighted,3,Friday,1,1,1.0
Reported as Unknown,Dark - Lighted,3,Monday,1,1,1.0
Reported as Unknown,Dark - Lighted,3,Saturday,2,2,1.0
Reported as Unknown,Dark - Lighted,3,Sunday,1,2,2.0
Reported as Unknown,Dark - Lighted,3,Thursday,2,2,1.0
Reported as Unknown,Dark - Lighted,3,Tuesday,1,1,1.0
Reported as Unknown,Dark - Lighted,4,Monday,1,1,1.0
Reported as Unknown,Dark - Lighted,4,Saturday,1,1,1.0
Reported as Unknown,Dark - Lighted,5,Monday,1,1,1.0
Reported as Unknown,Dark - Lighted,5,Tuesday,1,1,1.0
Reported as Unknown,Dark - Lighted,6,Monday,2,2,1.0
Reported as Unknown,Dark - Lighted,6,Sunday,1,1,1.0
Reported as Unknown,Dark - Lighted,7,Saturday,1,1,1.0
Reported as Unknown,Dark - Lighted,7,Sunday,1,1,1.0
Reported as Unknown,Dark - Lighted,7,Wednesday,1,1,1.0
Reported as Unknown,Dark - Lighted,17,Saturday,1,1,1.0
Reported as Unknown,Dark - Lighted,18,Saturday,1,1,1.0
Reported as Unknown,Dark - Lighted,18,Sunday,1,1,1.0
Reported as Unknown,Dark - Lighted,19,Friday,1,1,1.0
Reported as Unknown,Dark - Lighted,19,Monday,2,2,1.0
Reported as Unknown,Dark - Lighted,19,Saturday,1,1,1.0
Reported as Unknown,Dark - Lighted,19,Sunday,2,2,1.0
Reported as Unknown,Dark - Lighted,19,Thursday,1,1,1.0
Reported as Unknown,Dark - Lighted,20,Friday,1,1,1.0
Reported as Unknown,Dark - Lighted,20,Monday,2,3,1.5
Reported as Unknown,Dark - Lighted,20,Saturday,1,1,1.0
Reported as Unknown,Dark - Lighted,20,Sunday,3,3,1.0
Reported as Unknown,Dark - Lighted,21,Monday,1,1,1.0
Reported as Unknown,Dark - Lighted,21,Saturday,3,4,1.3333333333333333
Reported as Unknown,Dark - Lighted,21,Thursday,2,2,1.0
Reported as Unknown,Dark - Lighted,21,Tuesday,1,1,1.0
Reported as Unknown,Dark - Lighted,21,Wednesday,3,3,1.0
Reported as Unknown,Dark - Lighted,22,Monday,1,1,1.0
Reported as Unknown,Dark - Lighted,22,Saturday,2,2,1.0
Reported as Unknown,Dark - Lighted,22,Thursday,2,2,1.0
Reported as Unknown,Dark - Lighted,22,Tuesday,1,1,1.0
Reported as Unknown,Dark - Lighted,22,Wednesday,2,2,1.0
Reported as Unknown,Dark - Lighted,23,Monday,1,1,1.0
Reported as Unknown,Dark - Lighted,23,Saturday,2,2,1.0
Reported as Unknown,Dark - Lighted,23,Sunday,1,1,1.0
Reported as Unknown,Dark - Lighted,23,Thursday,2,2,1.0
Reported as Unknown,Dark - Lighted,23,Tuesday,1,1,1.0
Reported as Unknown,Dark - Lighted,99,Monday,1,1,1.0
Reported as Unknown,Dark - Lighted,99,Saturday,1,1,1.0
Reported as Unknown,Dark - Lighted,99,Sunday,1,1,1.0
Reported as Unknown,Dark - Not Lighted,0,Friday,6,7,1.1666666666666667
Reported as Unknown,Dark - Not Lighted,0,Saturday,1,1,1.0
Reported as Unknown,Dark - Not Lighted,0,Sunday,3,6,2.0
Reported as Unknown,Dark - Not Lighted,0,Thursday,2,2,1.0
Reported as Unknown,Dark - Not Lighted,0,Tuesday,2,2,1.0
Reported as Unknown,Dark - Not Lighted,0,Wednesday,2,2,1.0
Reported as Unknown,Dark - Not Lighted,1,Friday,1,1,1.0
Reported as Unknown,Dark - Not Lighted,1,Monday,2,2,1.0
Reported as Unknown,Dark - Not Lighted,1,Saturday,1,1,1.0
Reported as Unknown,Dark - Not Lighted,1,Sunday,7,7,1.0
Reported as Unknown,Dark - Not Lighted,1,Tuesday,2,2,1.0
Reported as Unknown,Dark - Not Lighted,1,Wednesday,2,2,1.0
Reported as Unknown,Dark - Not Lighted,2,Friday,2,2,1.0
Reported as Unknown,Dark - Not Lighted,2,Monday,3,4,1.3333333333333333
Reported as Unknown,Dark - Not Lighted,2,Saturday,3,3,1.0
Reported as Unknown,Dark - Not Lighted,2,Sunday,1,1,1.0
Reported as Unknown,Dark - Not Lighted,2,Thursday,2,2,1.0
Reported as Unknown,Dark - Not Lighted,2,Tuesday,2,2,1.0
Reported as Unknown,Dark - Not Lighted,3,Friday,2,2,1.0
Reported as Unknown,Dark - Not Lighted,3,Monday,1,1,1.0
Reported as Unknown,Dark - Not Lighted,3,Saturday,1,1,1.0
Reported as Unknown,Dark - Not Lighted,3,Thursday,2,3,1.5
Reported as Unknown,Dark - Not Lighted,3,Tuesday,1,1,1.0
Reported as Unknown,Dark - Not Lighted,4,Monday,1,1,1.0
Reported as Unknown,Dark - Not Lighted,4,Saturday,3,3,1.0
Reported as Unknown,Dark - Not Lighted,4,Sunday,3,3,1.0
Reported as Unknown,Dark - Not Lighted,4,Tuesday,1,1,1.0
Reported as Unknown,Dark - Not Lighted,4,Wednesday,1,1,1.0
Reported as Unknown,Dark - Not Lighted,5,Friday,1,1,1.0
Reported as Unknown,Dark - Not Lighted,5,Monday,2,2,1.0
Reported as Unknown,Dark - Not Lighted,5,Saturday,1,1,1.0
Reported as Unknown,Dark - Not Lighted,5,Sunday,2,2,1.0
Reported as Unknown,Dark - Not Lighted,5,Wednesday,1,1,1.0
Reported as Unknown,Dark - Not Lighted,6,Friday,3,3,1.0
Reported as Unknown,Dark - Not Lighted,6,Monday,1,1,1.0
Reported as Unknown,Dark - Not Lighted,6,Saturday,2,2,1.0
Reported as Unknown,Dark - Not Lighted,6,Sunday,1,1,1.0
Reported as Unknown,Dark - Not Lighted,6,Thursday,2,2,1.0
Reported as Unknown,Dark - Not Lighted,6,Tuesday,2,2,1.0
Reported as Unknown,Dark - Not Lighted,7,Friday,3,3,1.0
Reported as Unknown,Dark - Not Lighted,7,Monday,3,3,1.0
Reported as Unknown,Dark - Not Lighted,7,Saturday,3,3,1.0
Reported as Unknown,Dark - Not Lighted,7,Sunday,2,2,1.0
Reported as Unknown,Dark - Not Lighted,7,Wednesday,1,1,1.0
Reported as Unknown,Dark - Not Lighted,8,Monday,1,1,1.0
Reported as Unknown,Dark - Not Lighted,8,Saturday,1,1,1.0
Reported as Unknown,Dark - Not Lighted,8,Thursday,1,1,1.0
Reported as Unknown,Dark - Not Lighted,10,Tuesday,1,1,1.0
Reported as Unknown,Dark - Not Lighted,15,Monday,1,1,1.0
Reported as Unknown,Dark - Not Lighted,17,Monday,1,1,1.0
Reported as Unknown,Dark - Not Lighted,18,Saturday,2,2,1.0
Reported as Unknown,Dark - Not Lighted,18,Sunday,1,1,1.0
Reported as Unknown,Dark - Not Lighted,18,Wednesday,1,1,1.0
Reported as Unknown,Dark - Not Lighted,19,Monday,1,1,1.0
Reported as Unknown,Dark - Not Lighted,19,Saturday,1,1,1.0
Reported as Unknown,Dark - Not Lighted,19,Sunday,2,2,1.0
Reported as Unknown,Dark - Not Lighted,19,Thursday,1,1,1.0
Reported as Unknown,Dark - Not Lighted,19,Wednesday,1,1,1.0
Reported as Unknown,Dark - Not Lighted,20,Friday,2,2,1.0
Reported as Unknown,Dark - Not Lighted,20,Monday,1,1,1.0
Reported as Unknown,Dark - Not Lighted,20,Saturday,3,3,1.0
Reported as Unknown,Dark - Not Lighted,20,Sunday,2,2,1.0
Reported as Unknown,Dark - Not Lighted,20,Thursday,1,1,1.0
Reported as Unknown,Dark - Not Lighted,20,Wednesday,2,2,1.0
Reported as Unknown,Dark - Not Lighted,21,Friday,2,3,1.5
Reported as Unknown,Dark - Not Lighted,21,Monday,1,1,1.0
Reported as Unknown,Dark - Not Lighted,21,Saturday,1,1,1.0
Reported as Unknown,Dark - Not Lighted,21,Thursday,2,2,1.0
Reported as Unknown,Dark - Not Lighted,21,Tuesday,2,2,1.0
Reported as Unknown,Dark - Not Lighted,21,Wednesday,1,1,1.0
Reported as Unknown,Dark - Not Lighted,22,Friday,2,2,1.0
Reported as Unknown,Dark - Not Lighted,22,Monday,1,1,1.0
Reported as Unknown,Dark - Not Lighted,22,Saturday,1,1,1.0
Reported as Unknown,Dark - Not Lighted,23,Friday,2,2,1.0
Reported as Unknown,Dark - Not Lighted,23,Monday,2,2,1.0
Reported as Unknown,Dark - Not Lighted,23,Saturday,2,2,1.0
Reported as Unknown,Dark - Not Lighted,23,Sunday,5,5,1.0
Reported as Unknown,Dark - Not Lighted,23,Thursday,2,2,1.0
Reported as Unknown,Dark - Not Lighted,23,Tuesday,2,2,1.0
Reported as Unknown,Dark - Not Lighted,99,Friday,3,3,1.0
Reported as Unknown,Dark - Not Lighted,99,Monday,3,4,1.3333333333333333
Reported as Unknown,Dark - Not Lighted,99,Saturday,5,5,1.0
Reported as Unknown,Dark - Not Lighted,99,Sunday,7,7,1.0
Reported as Unknown,Dark - Not Lighted,99,Thursday,4,4,1.0
Reported as Unknown,Dark - Not Lighted,99,Wednesday,6,7,1.1666666666666667
Reported as Unknown,Dark - Unknown Lighting,0,Friday,2,2,1.0
Reported as Unknown,Dark - Unknown Lighting,0,Monday,1,1,1.0
Reported as Unknown,Dark - Unknown Lighting,0,Saturday,5,5,1.0
Reported as Unknown,Dark - Unknown Lighting,0,Sunday,2,2,1.0
Reported as Unknown,Dark - Unknown Lighting,0,Thursday,1,1,1.0
Reported as Unknown,Dark - Unknown Lighting,0,Tuesday,1,1,1.0
Reported as Unknown,Dark - Unknown Lighting,0,Wednesday,2,2,1.0
Reported as Unknown,Dark - Unknown Lighting,1,Friday,2,2,1.0
Reported as Unknown,Dark - Unknown Lighting,1,Monday,1,1,1.0
Reported as Unknown,Dark - Unknown Lighting,1,Saturday,1,1,1.0
Reported as Unknown,Dark - Unknown Lighting,1,Sunday,3,5,1.6666666666666667
Reported as Unknown,Dark - Unknown Lighting,1,Thursday,2,2,1.0
Reported as Unknown,Dark - Unknown Lighting,1,Tuesday,3,3,1.0
Reported as Unknown,Dark - Unknown Lighting,1,Wednesday,4,4,1.0
Reported as Unknown,Dark - Unknown Lighting,2,Monday,1,1,1.0
Reported as Unknown,Dark - Unknown Lighting,2,Saturday,3,3,1.0
Reported as Unknown,Dark - Unknown Lighting,2,Sunday,4,4,1.0
Reported as Unknown,Dark - Unknown Lighting,2,Thursday,3,4,1.3333333333333333
Reported as Unknown,Dark - Unknown Lighting,3,Friday,2,2,1.0
Reported as Unknown,Dark - Unknown Lighting,3,Sunday,2,2,1.0
Reported as Unknown,Dark - Unknown Lighting,3,Tuesday,1,1,1.0
Reported as Unknown,Dark - Unknown Lighting,3,Wednesday,1,1,1.0
Reported as Unknown,Dark - Unknown Lighting,4,Monday,1,1,1.0
Reported as Unknown,Dark - Unknown Lighting,4,Wednesday,2,2,1.0
Reported as Unknown,Dark - Unknown Lighting,5,Wednesday,1,1,1.0
Reported as Unknown,Dark - Unknown Lighting,6,Monday,1,1,1.0
Reported as Unknown,Dark - Unknown Lighting,6,Saturday,1,1,1.0
Reported as Unknown,Dark - Unknown Lighting,6,Wednesday,2,2,1.0
Reported as Unknown,Dark - Unknown Lighting,7,Saturday,1,1,1.0
Reported as Unknown,Dark - Unknown Lighting,8,Monday,1,1,1.0
Reported as Unknown,Dark - Unknown Lighting,8,Tuesday,1,1,1.0
Reported as Unknown,Dark - Unknown Lighting,10,Tuesday,1,1,1.0
Reported as Unknown,Dark - Unknown Lighting,11,Sunday,1,1,1.0
Reported as Unknown,Dark - Unknown Lighting,17,Saturday,1,1,1.0
Reported as Unknown,Dark - Unknown Lighting,17,Wednesday,1,1,1.0
Reported as Unknown,Dark - Unknown Lighting,18,Tuesday,1,1,1.0
Reported as Unknown,Dark - Unknown Lighting,18,Wednesday,1,1,1.0
Reported as Unknown,Dark - Unknown Lighting,19,Sunday,1,1,1.0
Reported as Unknown,Dark - Unknown Lighting,19,Wednesday,1,1,1.0
Reported as Unknown,Dark - Unknown Lighting,20,Monday,1,1,1.0
Reported as Unknown,Dark - Unknown Lighting,20,Saturday,2,2,1.0
Reported as Unknown,Dark - Unknown Lighting,20,Sunday,2,2,1.0
Reported as Unknown,Dark - Unknown Lighting,20,Thursday,3,3,1.0
Reported as Unknown,Dark - Unknown Lighting,20,Tuesday,1,1,1.0
Reported as Unknown,Dark - Unknown Lighting,20,Wednesday,3,3,1.0
Reported as Unknown,Dark - Unknown Lighting,21,Friday,1,1,1.0
Reported as Unknown,Dark - Unknown Lighting,21,Saturday,4,9,2.25
Reported as Unknown,Dark - Unknown Lighting,21,Sunday,3,3,1.0
Reported as Unknown,Dark - Unknown Lighting,21,Thursday,1,1,1.0
Reported as Unknown,Dark - Unknown Lighting,21,Wednesday,3,3,1.0
Reported as Unknown,Dark - Unknown Lighting,22,Friday,5,5,1.0
Reported as Unknown,Dark - Unknown Lighting,22,Monday,1,1,1.0
Reported as Unknown,Dark - Unknown Lighting,22,Saturday,3,3,1.0
Reported as Unknown,Dark - Unknown Lighting,22,Sunday,1,1,1.0
Reported as Unknown,Dark - Unknown Lighting,22,Thursday,1,1,1.0
Reported as Unknown,Dark - Unknown Lighting,23,Friday,3,3,1.0
Reported as Unknown,Dark - Unknown Lighting,23,Monday,3,4,1.3333333333333333
Reported as Unknown,Dark - Unknown Lighting,23,Saturday,4,4,1.0
Reported as Unknown,Dark - Unknown Lighting,23,Sunday,1,1,1.0
Reported as Unknown,Dark - Unknown Lighting,23,Tuesday,2,2,1.0
Reported as Unknown,Dark - Unknown Lighting,23,Wednesday,1,1,1.0
Reported as Unknown,Dark - Unknown Lighting,99,Friday,1,1,1.0
Reported as Unknown,Dark - Unknown Lighting,99,Monday,1,1,1.0
Reported as Unknown,Dark - Unknown Lighting,99,Saturday,1,1,1.0
Reported as Unknown,Dark - Unknown Lighting,99,Sunday,1,1,1.0
Reported as Unknown,Dark - Unknown Lighting,99,Tuesday,2,2,1.0
Reported as Unknown,Dark - Unknown Lighting,99,Wednesday,2,2,1.0
Reported as Unknown,Dawn,4,Tuesday,1,1,1.0
Reported as Unknown,Dawn,5,Friday,1,1,1.0
Reported as Unknown,Dawn,5,Thursday,1,1,1.0
Reported as Unknown,Dawn,5,Wednesday,1,1,1.0
Reported as Unknown,Dawn,6,Sunday,1,1,1.0
Reported as Unknown,Dawn,6,Tuesday,1,1,1.0
Reported as Unknown,Dawn,7,Sunday,1,1,1.0
Reported as Unknown,Daylight,5,Monday,1,1,1.0
Reported as Unknown,Daylight,6,Friday,1,1,1.0
Reported as Unknown,Daylight,6,Saturday,2,2,1.0
Reported as Unknown,Daylight,7,Monday,1,1,1.0
Reported as Unknown,Daylight,7,Saturday,3,3,1.0
Reported as Unknown,Daylight,7,Sunday,2,2,1.0
Reported as Unknown,Daylight,7,Wednesday,1,1,1.0
Reported as Unknown,Daylight,8,Friday,6,6,1.0
Reported as Unknown,Daylight,8,Monday,2,2,1.0
Reported as Unknown,Daylight,8,Saturday,1,1,1.0
Reported as Unknown,Daylight,8,Tuesday,1,1,1.0
Reported as Unknown,Daylight,9,Monday,1,1,1.0
Reported as Unknown,Daylight,9,Saturday,3,3,1.0
Reported as Unknown,Daylight,9,Sunday,3,4,1.3333333333333333
Reported as Unknown,Daylight,9,Thursday,2,2,1.0
Reported as Unknown,Daylight,9,Wednesday,2,2,1.0
Reported as Unknown,Daylight,10,Friday,3,3,1.0
Reported as Unknown,Daylight,10,Monday,4,5,1.25
Reported as Unknown,Daylight,10,Saturday,1,1,1.0
Reported as Unknown,Daylight,10,Sunday,2,2,1.0
Reported as Unknown,Daylight,10,Thursday,2,2,1.0
Reported as Unknown,Daylight,10,Tuesday,1,1,1.0
Reported as Unknown,Daylight,10,Wednesday,1,1,1.0
Reported as Unknown,Daylight,11,Friday,2,2,1.0
Reported as Unknown,Daylight,11,Monday,2,3,1.5
Reported as Unknown,Daylight,11,Saturday,3,4,1.3333333333333333
Reported as Unknown,Daylight,11,Sunday,1,2,2.0
Reported as Unknown,Daylight,11,Wednesday,2,2,1.0
Reported as Unknown,Daylight,12,Friday,1,1,1.0
Reported as Unknown,Daylight,12,Monday,2,2,1.0
Reported as Unknown,Daylight,12,Saturday,3,3,1.0
Reported as Unknown,Daylight,12,Sunday,2,2,1.0
Reported as Unknown,Daylight,12,Thursday,1,1,1.0
Reported as Unknown,Daylight,12,Tuesday,3,3,1.0
Reported as Unknown,Daylight,13,Friday,1,1,1.0
Reported as Unknown,Daylight,13,Monday,3,4,1.3333333333333333
Reported as Unknown,Daylight,13,Saturday,1,1,1.0
Reported as Unknown,Daylight,13,Tuesday,4,4,1.0
Reported as Unknown,Daylight,13,Wednesday,3,4,1.3333333333333333
Reported as Unknown,Daylight,14,Friday,1,1,1.0
Reported as Unknown,Daylight,14,Monday,1,1,1.0
Reported as Unknown,Daylight,14,Saturday,2,2,1.0
Reported as Unknown,Daylight,14,Sunday,2,2,1.0
Reported as Unknown,Daylight,14,Thursday,2,2,1.0
Reported as Unknown,Daylight,14,Tuesday,2,2,1.0
Reported as Unknown,Daylight,14,Wednesday,2,2,1.0
Reported as Unknown,Daylight,15,Friday,1,1,1.0
Reported as Unknown,Daylight,15,Monday,1,1,1.0
Reported as Unknown,Daylight,15,Saturday,1,1,1.0
Reported as Unknown,Daylight,15,Sunday,1,1,1.0
Reported as Unknown,Daylight,15,Thursday,4,4,1.0
Reported as Unknown,Daylight,15,Tuesday,3,3,1.0
Reported as Unknown,Daylight,15,Wednesday,4,4,1.0
Reported as Unknown,Daylight,16,Friday,2,2,1.0
Reported as Unknown,Daylight,16,Monday,4,4,1.0
Reported as Unknown,Daylight,16,Saturday,4,5,1.25
Reported as Unknown,Daylight,16,Sunday,1,1,1.0
Reported as Unknown,Daylight,16,Tuesday,1,1,1.0
Reported as Unknown,Daylight,16,Wednesday,4,4,1.0
Reported as Unknown,Daylight,17,Monday,2,2,1.0
Reported as Unknown,Daylight,17,Saturday,1,1,1.0
Reported as Unknown,Daylight,17,Thursday,1,1,1.0
Reported as Unknown,Daylight,17,Tuesday,2,2,1.0
Reported as Unknown,Daylight,17,Wednesday,1,1,1.0
Reported as Unknown,Daylight,18,Friday,2,2,1.0
Reported as Unknown,Daylight,18,Monday,2,2,1.0
Reported as Unknown,Daylight,18,Saturday,1,1,1.0
Reported as Unknown,Daylight,18,Sunday,1,1,1.0
Reported as Unknown,Daylight,18,Tuesday,1,1,1.0
Reported as Unknown,Daylight,18,Wednesday,1,1,1.0
Reported as Unknown,Daylight,19,Monday,1,1,1.0
Reported as Unknown,Daylight,19,Saturday,1,1,1.0
Reported as Unknown,Daylight,19,Wednesday,1,1,1.0
Reported as Unknown,Daylight,22,Saturday,1,1,1.0
Reported as Unknown,Daylight,99,Monday,1,1,1.0
Reported as Unknown,Daylight,99,Saturday,2,2,1.0
Reported as Unknown,Daylight,99,Tuesday,1,1,1.0
Reported as Unknown,Dusk,17,Sunday,2,3,1.5
Reported as Unknown,Dusk,18,Monday,1,1,1.0
Reported as Unknown,Dusk,19,Monday,1,1,1.0
Reported as Unknown,Dusk,20,Saturday,1,1,1.0
Reported as Unknown,Dusk,99,Tuesday,1,1,1.0
Reported as Unknown,Not Reported,1,Wednesday,1,1,1.0
Reported as Unknown,Not Reported,9,Saturday,1,1,1.0
Reported as Unknown,Not Reported,18,Tuesday,1,1,1.0
Reported as Unknown,Other,1,Friday,1,1,1.0
Reported as Unknown,Other,7,Monday,1,1,1.0
Reported as Unknown,Other,7,Sunday,1,1,1.0
Reported as Unknown,Other,13,Saturday,1,1,1.0
Reported as Unknown,Other,13,Wednesday,1,1,1.0
Reported as Unknown,Other,17,Monday,1,1,1.0
Reported as Unknown,Other,18,Saturday,1,1,1.0
Reported as Unknown,Other,19,Thursday,1,1,1.0
Reported as Unknown,Reported as Unknown,0,Friday,1,1,1.0
Reported as Unknown,Reported as Unknown,0,Sunday,1,1,1.0
Reported as Unknown,Reported as Unknown,1,Friday,1,1,1.0
Reported as Unknown,Reported as Unknown,1,Saturday,1,1,1.0
Reported as Unknown,Reported as Unknown,1,Sunday,1,1,1.0
Reported as Unknown,Reported as Unknown,1,Tuesday,1,1,1.0
Reported as Unknown,Reported as Unknown,2,Tuesday,1,1,1.0
Reported as Unknown,Reported as Unknown,3,Sunday,1,1,1.0
Reported as Unknown,Reported as Unknown,4,Saturday,1,1,1.0
Reported as Unknown,Reported as Unknown,4,Sunday,2,2,1.0
Reported as Unknown,Reported as Unknown,4,Wednesday,2,2,1.0
Reported as Unknown,Reported as Unknown,5,Friday,1,2,2.0
Reported as Unknown,Reported as Unknown,5,Saturday,1,1,1.0
Reported as Unknown,Reported as Unknown,5,Sunday,2,2,1.0
Reported as Unknown,Reported as Unknown,5,Tuesday,3,3,1.0
Reported as Unknown,Reported as Unknown,5,Wednesday,3,4,1.3333333333333333
Reported as Unknown,Reported as Unknown,6,Friday,4,4,1.0
Reported as Unknown,Reported as Unknown,6,Monday,2,2,1.0
Reported as Unknown,Reported as Unknown,6,Saturday,5,5,1.0
Reported as Unknown,Reported as Unknown,6,Sunday,4,4,1.0
Reported as Unknown,Reported as Unknown,6,Tuesday,1,1,1.0
Reported as Unknown,Reported as Unknown,6,Wednesday,2,2,1.0
Reported as Unknown,Reported as Unknown,7,Monday,7,7,1.0
Reported as Unknown,Reported as Unknown,7,Saturday,6,6,1.0
Reported as Unknown,Reported as Unknown,7,Sunday,7,7,1.0
Reported as Unknown,Reported as Unknown,7,Thursday,6,6,1.0
Reported as Unknown,Reported as Unknown,7,Tuesday,8,8,1.0
Reported as Unknown,Reported as Unknown,7,Wednesday,5,5,1.0
Reported as Unknown,Reported as Unknown,8,Friday,1,1,1.0
Reported as Unknown,Reported as Unknown,8,Monday,2,3,1.5
Reported as Unknown,Reported as Unknown,8,Saturday,2,3,1.5
Reported as Unknown,Reported as Unknown,8,Sunday,9,9,1.0
Reported as Unknown,Reported as Unknown,8,Thursday,2,4,2.0
Reported as Unknown,Reported as Unknown,8,Wednesday,1,1,1.0
Reported as Unknown,Reported as Unknown,9,Friday,1,1,1.0
Reported as Unknown,Reported as Unknown,9,Monday,2,2,1.0
Reported as Unknown,Reported as Unknown,9,Saturday,2,2,1.0
Reported as Unknown,Reported as Unknown,9,Sunday,7,7,1.0
Reported as Unknown,Reported as Unknown,9,Thursday,1,1,1.0
Reported as Unknown,Reported as Unknown,9,Tuesday,2,2,1.0
Reported as Unknown,Reported as Unknown,9,Wednesday,4,4,1.0
Reported as Unknown,Reported as Unknown,10,Friday,2,3,1.5
Reported as Unknown,Reported as Unknown,10,Monday,3,3,1.0
Reported as Unknown,Reported as Unknown,10,Saturday,3,4,1.3333333333333333
Reported as Unknown,Reported as Unknown,10,Thursday,3,3,1.0
Reported as Unknown,Reported as Unknown,10,Tuesday,4,4,1.0
Reported as Unknown,Reported as Unknown,11,Friday,3,3,1.0
Reported as Unknown,Reported as Unknown,11,Saturday,1,1,1.0
Reported as Unknown,Reported as Unknown,11,Sunday,5,5,1.0
Reported as Unknown,Reported as Unknown,11,Tuesday,1,1,1.0
Reported as Unknown,Reported as Unknown,11,Wednesday,1,1,1.0
Reported as Unknown,Reported as Unknown,12,Monday,1,1,1.0
Reported as Unknown,Reported as Unknown,12,Saturday,2,2,1.0
Reported as Unknown,Reported as Unknown,12,Sunday,5,5,1.0
Reported as Unknown,Reported as Unknown,12,Thursday,5,5,1.0
Reported as Unknown,Reported as Unknown,12,Tuesday,5,7,1.4
Reported as Unknown,Reported as Unknown,12,Wednesday,1,1,1.0
Reported as Unknown,Reported as Unknown,13,Friday,4,5,1.25
Reported as Unknown,Reported as Unknown,13,Monday,3,3,1.0
Reported as Unknown,Reported as Unknown,13,Saturday,1,1,1.0
Reported as Unknown,Reported as Unknown,13,Thursday,3,4,1.3333333333333333
Reported as Unknown,Reported as Unknown,13,Tuesday,1,1,1.0
Reported as Unknown,Reported as Unknown,14,Friday,3,3,1.0
Reported as Unknown,Reported as Unknown,14,Monday,2,2,1.0
Reported as Unknown,Reported as Unknown,14,Saturday,3,3,1.0
Reported as Unknown,Reported as Unknown,14,Sunday,3,3,1.0
Reported as Unknown,Reported as Unknown,14,Thursday,1,1,1.0
Reported as Unknown,Reported as Unknown,14,Tuesday,1,1,1.0
Reported as Unknown,Reported as Unknown,14,Wednesday,2,2,1.0
Reported as Unknown,Reported as Unknown,15,Friday,3,3,1.0
Reported as Unknown,Reported as Unknown,15,Monday,3,3,1.0
Reported as Unknown,Reported as Unknown,15,Saturday,5,5,1.0
Reported as Unknown,Reported as Unknown,15,Sunday,4,4,1.0
Reported as Unknown,Reported as Unknown,15,Thursday,2,2,1.0
Reported as Unknown,Reported as Unknown,15,Wednesday,2,2,1.0
Reported as Unknown,Reported as Unknown,16,Friday,1,1,1.0
Reported as Unknown,Reported as Unknown,16,Sunday,1,1,1.0
Reported as Unknown,Reported as Unknown,16,Thursday,3,3,1.0
Reported as Unknown,Reported as Unknown,16,Tuesday,4,4,1.0
Reported as Unknown,Reported as Unknown,16,Wednesday,4,4,1.0
Reported as Unknown,Reported as Unknown,17,Friday,1,1,1.0
Reported as Unknown,Reported as Unknown,17,Saturday,5,8,1.6
Reported as Unknown,Reported as Unknown,17,Sunday,2,2,1.0
Reported as Unknown,Reported as Unknown,17,Thursday,3,5,1.6666666666666667
Reported as Unknown,Reported as Unknown,17,Tuesday,5,5,1.0
Reported as Unknown,Reported as Unknown,17,Wednesday,3,3,1.0
Reported as Unknown,Reported as Unknown,18,Friday,4,4,1.0
Reported as Unknown,Reported as Unknown,18,Monday,2,2,1.0
Reported as Unknown,Reported as Unknown,18,Saturday,4,6,1.5
Reported as Unknown,Reported as Unknown,18,Sunday,3,3,1.0
Reported as Unknown,Reported as Unknown,18,Thursday,3,3,1.0
Reported as Unknown,Reported as Unknown,18,Tuesday,1,2,2.0
Reported as Unknown,Reported as Unknown,18,Wednesday,2,2,1.0
Reported as Unknown,Reported as Unknown,19,Friday,2,3,1.5
Reported as Unknown,Reported as Unknown,19,Monday,5,5,1.0
Reported as Unknown,Reported as Unknown,19,Saturday,7,7,1.0
Reported as Unknown,Reported as Unknown,19,Sunday,2,2,1.0
Reported as Unknown,Reported as Unknown,19,Tuesday,3,3,1.0
Reported as Unknown,Reported as Unknown,20,Friday,3,4,1.3333333333333333
Reported as Unknown,Reported as Unknown,20,Monday,1,1,1.0
Reported as Unknown,Reported as Unknown,20,Saturday,1,1,1.0
Reported as Unknown,Reported as Unknown,20,Sunday,1,1,1.0
Reported as Unknown,Reported as Unknown,20,Tuesday,2,2,1.0
Reported as Unknown,Reported as Unknown,20,Wednesday,3,3,1.0
Reported as Unknown,Reported as Unknown,21,Monday,3,5,1.6666666666666667
Reported as Unknown,Reported as Unknown,21,Saturday,1,1,1.0
Reported as Unknown,Reported as Unknown,21,Sunday,1,1,1.0
Reported as Unknown,Reported as Unknown,21,Tuesday,2,2,1.0
Reported as Unknown,Reported as Unknown,21,Wednesday,1,1,1.0
Reported as Unknown,Reported as Unknown,22,Friday,3,3,1.0
Reported as Unknown,Reported as Unknown,22,Saturday,1,1,1.0
Reported as Unknown,Reported as Unknown,22,Sunday,2,2,1.0
Reported as Unknown,Reported as Unknown,22,Thursday,2,2,1.0
Reported as Unknown,Reported as Unknown,22,Tuesday,1,1,1.0
Reported as Unknown,Reported as Unknown,22,Wednesday,1,1,1.0
Reported as Unknown,Reported as Unknown,23,Friday,1,1,1.0
Reported as Unknown,Reported as Unknown,23,Saturday,1,1,1.0
Reported as Unknown,Reported as Unknown,23,Sunday,1,1,1.0
Reported as Unknown,Reported as Unknown,23,Wednesday,1,1,1.0
Reported as Unknown,Reported as Unknown,99,Friday,29,32,1.103448275862069
Reported as Unknown,Reported as Unknown,99,Monday,29,36,1.2413793103448276
Reported as Unknown,Reported as Unknown,99,Saturday,33,36,1.0909090909090908
Reported as Unknown,Reported as Unknown,99,Sunday,33,34,1.0303030303030303
Reported as Unknown,Reported as Unknown,99,Thursday,26,27,1.0384615384615385
Reported as Unknown,Reported as Unknown,99,Tuesday,26,27,1.0384615384615385
Reported as Unknown,Reported as Unknown,99,Wednesday,29,34,1.1724137931034482
Severe Crosswinds,Dark - Lighted,0,Saturday,2,2,1.0
Severe Crosswinds,Dark - Lighted,0,Sunday,1,1,1.0
Severe Crosswinds,Dark - Lighted,0,Wednesday,1,1,1.0
Severe Crosswinds,Dark - Lighted,1,Friday,2,2,1.0
Severe Crosswinds,Dark - Lighted,1,Sunday,2,2,1.0
Severe Crosswinds,Dark - Lighted,1,Thursday,1,1,1.0
Severe Crosswinds,Dark - Lighted,2,Monday,2,2,1.0
Severe Crosswinds,Dark - Lighted,2,Saturday,1,1,1.0
Severe Crosswinds,Dark - Lighted,2,Thursday,2,2,1.0
Severe Crosswinds,Dark - Lighted,3,Saturday,1,1,1.0
Severe Crosswinds,Dark - Lighted,3,Tuesday,1,1,1.0
Severe Crosswinds,Dark - Lighted,4,Monday,1,1,1.0
Severe Crosswinds,Dark - Lighted,5,Friday,1,1,1.0
Severe Crosswinds,Dark - Lighted,5,Monday,1,1,1.0
Severe Crosswinds,Dark - Lighted,5,Sunday,1,1,1.0
Severe Crosswinds,Dark - Lighted,5,Wednesday,1,1,1.0
Severe Crosswinds,Dark - Lighted,6,Sunday,1,1,1.0
Severe Crosswinds,Dark - Lighted,17,Friday,1,1,1.0
Severe Crosswinds,Dark - Lighted,17,Monday,1,1,1.0
Severe Crosswinds,Dark - Lighted,18,Friday,2,2,1.0
Severe Crosswinds,Dark - Lighted,18,Monday,1,1,1.0
Severe Crosswinds,Dark - Lighted,18,Thursday,2,2,1.0
Severe Crosswinds,Dark - Lighted,19,Monday,1,1,1.0
Severe Crosswinds,Dark - Lighted,19,Sunday,1,1,1.0
Severe Crosswinds,Dark - Lighted,19,Thursday,1,1,1.0
Severe Crosswinds,Dark - Lighted,20,Friday,1,1,1.0
Severe Crosswinds,Dark - Lighted,20,Saturday,1,1,1.0
Severe Crosswinds,Dark - Lighted,20,Thursday,2,2,1.0
Severe Crosswinds,Dark - Lighted,21,Monday,1,1,1.0
Severe Crosswinds,Dark - Lighted,21,Sunday,1,1,1.0
Severe Crosswinds,Dark - Lighted,21,Thursday,1,1,1.0
Severe Crosswinds,Dark - Lighted,21,Tuesday,1,1,1.0
Severe Crosswinds,Dark - Lighted,22,Monday,1,1,1.0
Severe Crosswinds,Dark - Lighted,22,Sunday,2,2,1.0
Severe Crosswinds,Dark - Lighted,23,Tuesday,1,1,1.0
Severe Crosswinds,Dark - Not Lighted,0,Friday,2,2,1.0
Severe Crosswinds,Dark - Not Lighted,0,Monday,1,1,1.0
Severe Crosswinds,Dark - Not Lighted,0,Saturday,1,1,1.0
Severe Crosswinds,Dark - Not Lighted,0,Thursday,2,2,1.0
Severe Crosswinds,Dark - Not Lighted,0,Tuesday,1,1,1.0
Severe Crosswinds,Dark - Not Lighted,1,Friday,1,2,2.0
Severe Crosswinds,Dark - Not Lighted,1,Saturday,1,1,1.0
Severe Crosswinds,Dark - Not Lighted,1,Sunday,3,3,1.0
Severe Crosswinds,Dark - Not Lighted,1,Tuesday,1,1,1.0
Severe Crosswinds,Dark - Not Lighted,1,Wednesday,1,1,1.0
Severe Crosswinds,Dark - Not Lighted,2,Saturday,2,3,1.5
Severe Crosswinds,Dark - Not Lighted,2,Sunday,3,3,1.0
Severe Crosswinds,Dark - Not Lighted,2,Wednesday,1,1,1.0
Severe Crosswinds,Dark - Not Lighted,3,Monday,2,2,1.0
Severe Crosswinds,Dark - Not Lighted,3,Thursday,1,1,1.0
Severe Crosswinds,Dark - Not Lighted,3,Tuesday,1,1,1.0
Severe Crosswinds,Dark - Not Lighted,3,Wednesday,2,3,1.5
Severe Crosswinds,Dark - Not Lighted,4,Friday,1,1,1.0
Severe Crosswinds,Dark - Not Lighted,4,Saturday,2,2,1.0
Severe Crosswinds,Dark - Not Lighted,4,Sunday,1,2,2.0
Severe Crosswinds,Dark - Not Lighted,4,Thursday,1,1,1.0
Severe Crosswinds,Dark - Not Lighted,4,Wednesday,1,1,1.0
Severe Crosswinds,Dark - Not Lighted,5,Friday,3,3,1.0
Severe Crosswinds,Dark - Not Lighted,5,Monday,1,1,1.0
Severe Crosswinds,Dark - Not Lighted,5,Saturday,4,5,1.25
Severe Crosswinds,Dark - Not Lighted,5,Sunday,1,2,2.0
Severe Crosswinds,Dark - Not Lighted,5,Thursday,1,1,1.0
Severe Crosswinds,Dark - Not Lighted,5,Tuesday,2,2,1.0
Severe Crosswinds,Dark - Not Lighted,5,Wednesday,1,1,1.0
Severe Crosswinds,Dark - Not Lighted,6,Friday,1,1,1.0
Severe Crosswinds,Dark - Not Lighted,6,Saturday,1,1,1.0
Severe Crosswinds,Dark - Not Lighted,6,Wednesday,1,1,1.0
Severe Crosswinds,Dark - Not Lighted,17,Friday,2,2,1.0
Severe Crosswinds,Dark - Not Lighted,17,Sunday,1,1,1.0
Severe Crosswinds,Dark - Not Lighted,17,Tuesday,2,2,1.0
Severe Crosswinds,Dark - Not Lighted,18,Friday,3,3,1.0
Severe Crosswinds,Dark - Not Lighted,18,Monday,2,2,1.0
Severe Crosswinds,Dark - Not Lighted,18,Saturday,1,1,1.0
Severe Crosswinds,Dark - Not Lighted,18,Sunday,1,1,1.0
Severe Crosswinds,Dark - Not Lighted,19,Friday,1,1,1.0
Severe Crosswinds,Dark - Not Lighted,19,Monday,1,1,1.0
Severe Crosswinds,Dark - Not Lighted,19,Saturday,1,3,3.0
Severe Crosswinds,Dark - Not Lighted,19,Sunday,1,1,1.0
Severe Crosswinds,Dark - Not Lighted,19,Tuesday,1,1,1.0
Severe Crosswinds,Dark - Not Lighted,19,Wednesday,3,3,1.0
Severe Crosswinds,Dark - Not Lighted,20,Friday,3,3,1.0
Severe Crosswinds,Dark - Not Lighted,20,Monday,4,5,1.25
Severe Crosswinds,Dark - Not Lighted,20,Saturday,1,1,1.0
Severe Crosswinds,Dark - Not Lighted,20,Sunday,2,2,1.0
Severe Crosswinds,Dark - Not Lighted,20,Thursday,2,2,1.0
Severe Crosswinds,Dark - Not Lighted,20,Tuesday,2,2,1.0
Severe Crosswinds,Dark - Not Lighted,20,Wednesday,2,2,1.0
Severe Crosswinds,Dark - Not Lighted,21,Friday,2,2,1.0
Severe Crosswinds,Dark - Not Lighted,21,Monday,3,3,1.0
Severe Crosswinds,Dark - Not Lighted,21,Saturday,2,2,1.0
Severe Crosswinds,Dark - Not Lighted,21,Sunday,3,3,1.0
Severe Crosswinds,Dark - Not Lighted,21,Tuesday,1,1,1.0
Severe Crosswinds,Dark - Not Lighted,21,Wednesday,1,1,1.0
Severe Crosswinds,Dark - Not Lighted,22,Friday,1,1,1.0
Severe Crosswinds,Dark - Not Lighted,22,Sunday,2,2,1.0
Severe Crosswinds,Dark - Not Lighted,22,Wednesday,2,2,1.0
Severe Crosswinds,Dark - Not Lighted,23,Friday,1,1,1.0
Severe Crosswinds,Dark - Not Lighted,23,Monday,1,1,1.0
Severe Crosswinds,Dark - Not Lighted,23,Saturday,1,1,1.0
Severe Crosswinds,Dark - Not Lighted,23,Thursday,1,1,1.0
Severe Crosswinds,Dark - Not Lighted,23,Tuesday,1,1,1.0
Severe Crosswinds,Dark - Not Lighted,23,Wednesday,2,2,1.0
Severe Crosswinds,Dark - Not Lighted,99,Friday,2,2,1.0
Severe Crosswinds,Dark - Not Lighted,99,Thursday,1,1,1.0
Severe Crosswinds,Dark - Not Lighted,99,Wednesday,2,3,1.5
Severe Crosswinds,Dark - Unknown Lighting,6,Wednesday,1,1,1.0
Severe Crosswinds,Dark - Unknown Lighting,19,Friday,1,1,1.0
Severe Crosswinds,Dawn,5,Wednesday,1,1,1.0
Severe Crosswinds,Dawn,6,Friday,1,1,1.0
Severe Crosswinds,Dawn,7,Friday,1,1,1.0
Severe Crosswinds,Dawn,7,Saturday,1,1,1.0
Severe Crosswinds,Dawn,7,Tuesday,1,1,1.0
Severe Crosswinds,Daylight,6,Monday,1,1,1.0
Severe Crosswinds,Daylight,6,Tuesday,2,3,1.5
Severe Crosswinds,Daylight,6,Wednesday,1,1,1.0
Severe Crosswinds,Daylight,7,Friday,1,1,1.0
Severe Crosswinds,Daylight,7,Monday,1,1,1.0
Severe Crosswinds,Daylight,7,Tuesday,1,1,1.0
Severe Crosswinds,Daylight,7,Wednesday,1,1,1.0
Severe Crosswinds,Daylight,8,Friday,3,4,1.3333333333333333
Severe Crosswinds,Daylight,8,Monday,2,2,1.0
Severe Crosswinds,Daylight,8,Saturday,3,3,1.0
Severe Crosswinds,Daylight,8,Sunday,1,1,1.0
Severe Crosswinds,Daylight,8,Thursday,1,1,1.0
Severe Crosswinds,Daylight,8,Wednesday,2,2,1.0
Severe Crosswinds,Daylight,9,Friday,1,1,1.0
Severe Crosswinds,Daylight,9,Monday,3,3,1.0
Severe Crosswinds,Daylight,9,Saturday,2,2,1.0
Severe Crosswinds,Daylight,9,Sunday,2,2,1.0
Severe Crosswinds,Daylight,9,Thursday,4,4,1.0
Severe Crosswinds,Daylight,9,Tuesday,3,4,1.3333333333333333
Severe Crosswinds,Daylight,9,Wednesday,2,2,1.0
Severe Crosswinds,Daylight,10,Friday,5,6,1.2
Severe Crosswinds,Daylight,10,Monday,3,3,1.0
Severe Crosswinds,Daylight,10,Saturday,6,6,1.0
Severe Crosswinds,Daylight,10,Sunday,1,1,1.0
Severe Crosswinds,Daylight,10,Thursday,3,3,1.0
Severe Crosswinds,Daylight,10,Tuesday,1,1,1.0
Severe Crosswinds,Daylight,10,Wednesday,4,6,1.5
Severe Crosswinds,Daylight,11,Friday,6,6,1.0
Severe Crosswinds,Daylight,11,Monday,3,3,1.0
Severe Crosswinds,Daylight,11,Saturday,4,4,1.0
Severe Crosswinds,Daylight,11,Sunday,3,6,2.0
Severe Crosswinds,Daylight,11,Thursday,2,2,1.0
Severe Crosswinds,Daylight,11,Tuesday,1,1,1.0
Severe Crosswinds,Daylight,11,Wednesday,2,2,1.0
Severe Crosswinds,Daylight,12,Friday,6,9,1.5
Severe Crosswinds,Daylight,12,Monday,2,2,1.0
Severe Crosswinds,Daylight,12,Saturday,2,2,1.0
Severe Crosswinds,Daylight,12,Sunday,5,5,1.0
Severe Crosswinds,Daylight,12,Thursday,2,2,1.0
Severe Crosswinds,Daylight,12,Tuesday,1,1,1.0
Severe Crosswinds,Daylight,12,Wednesday,1,1,1.0
Severe Crosswinds,Daylight,13,Friday,3,3,1.0
Severe Crosswinds,Daylight,13,Monday,4,4,1.0
Severe Crosswinds,Daylight,13,Saturday,7,8,1.1428571428571428
Severe Crosswinds,Daylight,13,Sunday,3,3,1.0
Severe Crosswinds,Daylight,13,Thursday,3,4,1.3333333333333333
Severe Crosswinds,Daylight,13,Tuesday,7,9,1.2857142857142858
Severe Crosswinds,Daylight,13,Wednesday,2,2,1.0
Severe Crosswinds,Daylight,14,Friday,10,10,1.0
Severe Crosswinds,Daylight,14,Monday,3,3,1.0
Severe Crosswinds,Daylight,14,Saturday,5,6,1.2
Severe Crosswinds,Daylight,14,Sunday,9,9,1.0
Severe Crosswinds,Daylight,14,Thursday,4,5,1.25
Severe Crosswinds,Daylight,14,Tuesday,8,9,1.125
Severe Crosswinds,Daylight,14,Wednesday,5,5,1.0
Severe Crosswinds,Daylight,15,Friday,5,6,1.2
Severe Crosswinds,Daylight,15,Monday,5,5,1.0
Severe Crosswinds,Daylight,15,Saturday,5,5,1.0
Severe Crosswinds,Daylight,15,Sunday,8,9,1.125
Severe Crosswinds,Daylight,15,Thursday,5,5,1.0
Severe Crosswinds,Daylight,15,Tuesday,7,11,1.5714285714285714
Severe Crosswinds,Daylight,15,Wednesday,8,8,1.0
Severe Crosswinds,Daylight,16,Friday,4,5,1.25
Severe Crosswinds,Daylight,16,Monday,4,5,1.25
Severe Crosswinds,Daylight,16,Saturday,7,8,1.1428571428571428
Severe Crosswinds,Daylight,16,Sunday,6,6,1.0
Severe Crosswinds,Daylight,16,Thursday,3,3,1.0
Severe Crosswinds,Daylight,16,Tuesday,6,9,1.5
Severe Crosswinds,Daylight,16,Wednesday,7,8,1.1428571428571428
Severe Crosswinds,Daylight,17,Friday,7,8,1.1428571428571428
Severe Crosswinds,Daylight,17,Monday,1,1,1.0
Severe Crosswinds,Daylight,17,Saturday,5,5,1.0
Severe Crosswinds,Daylight,17,Sunday,2,2,1.0
Severe Crosswinds,Daylight,17,Thursday,4,4,1.0
Severe Crosswinds,Daylight,17,Tuesday,2,2,1.0
Severe Crosswinds,Daylight,17,Wednesday,3,4,1.3333333333333333
Severe Crosswinds,Daylight,18,Friday,4,4,1.0
Severe Crosswinds,Daylight,18,Monday,2,3,1.5
Severe Crosswinds,Daylight,18,Saturday,3,4,1.3333333333333333
Severe Crosswinds,Daylight,18,Sunday,1,1,1.0
Severe Crosswinds,Daylight,18,Thursday,1,1,1.0
Severe Crosswinds,Daylight,18,Tuesday,1,2,2.0
Severe Crosswinds,Daylight,18,Wednesday,1,1,1.0
Severe Crosswinds,Daylight,19,Saturday,1,1,1.0
Severe Crosswinds,Daylight,19,Thursday,1,1,1.0
Severe Crosswinds,Daylight,19,Tuesday,1,1,1.0
Severe Crosswinds,Daylight,19,Wednesday,1,1,1.0
Severe Crosswinds,Daylight,22,Tuesday,1,1,1.0
Severe Crosswinds,Daylight,99,Monday,1,1,1.0
Severe Crosswinds,Daylight,99,Saturday,1,1,1.0
Severe Crosswinds,Daylight,99,Tuesday,1,1,1.0
Severe Crosswinds,Dusk,15,Tuesday,1,1,1.0
Severe Crosswinds,Dusk,17,Sunday,2,2,1.0
Severe Crosswinds,Dusk,17,Thursday,1,1,1.0
Severe Crosswinds,Dusk,18,Saturday,2,2,1.0
Severe Crosswinds,Dusk,18,Sunday,1,1,1.0
Severe Crosswinds,Dusk,19,Monday,1,1,1.0
Severe Crosswinds,Dusk,19,Thursday,1,1,1.0
Severe Crosswinds,Dusk,20,Thursday,1,1,1.0
Severe Crosswinds,Dusk,21,Monday,1,2,2.0
Severe Crosswinds,Reported as Unknown,7,Monday,1,1,1.0
Sleet or Hail,Dark - Lighted,0,Friday,1,1,1.0
Sleet or Hail,Dark - Lighted,0,Sunday,1,1,1.0
Sleet or Hail,Dark - Lighted,0,Wednesday,1,1,1.0
Sleet or Hail,Dark - Lighted,1,Friday,1,1,1.0
Sleet or Hail,Dark - Lighted,1,Sunday,2,3,1.5
Sleet or Hail,Dark - Lighted,2,Sunday,3,3,1.0
Sleet or Hail,Dark - Lighted,2,Thursday,2,2,1.0
Sleet or Hail,Dark - Lighted,2,Wednesday,1,1,1.0
Sleet or Hail,Dark - Lighted,3,Friday,1,3,3.0
Sleet or Hail,Dark - Lighted,3,Saturday,1,2,2.0
Sleet or Hail,Dark - Lighted,3,Sunday,2,2,1.0
Sleet or Hail,Dark - Lighted,4,Friday,1,1,1.0
Sleet or Hail,Dark - Lighted,4,Sunday,3,4,1.3333333333333333
Sleet or Hail,Dark - Lighted,4,Thursday,2,2,1.0
Sleet or Hail,Dark - Lighted,5,Friday,1,3,3.0
Sleet or Hail,Dark - Lighted,5,Monday,2,2,1.0
Sleet or Hail,Dark - Lighted,5,Thursday,3,3,1.0
Sleet or Hail,Dark - Lighted,5,Tuesday,2,2,1.0
Sleet or Hail,Dark - Lighted,6,Saturday,1,1,1.0
Sleet or Hail,Dark - Lighted,6,Sunday,2,2,1.0
Sleet or Hail,Dark - Lighted,7,Saturday,1,2,2.0
Sleet or Hail,Dark - Lighted,17,Friday,1,1,1.0
Sleet or Hail,Dark - Lighted,17,Monday,1,1,1.0
Sleet or Hail,Dark - Lighted,17,Saturday,2,2,1.0
Sleet or Hail,Dark - Lighted,17,Sunday,1,2,2.0
Sleet or Hail,Dark - Lighted,17,Tuesday,2,2,1.0
Sleet or Hail,Dark - Lighted,18,Monday,1,1,1.0
Sleet or Hail,Dark - Lighted,18,Thursday,2,2,1.0
Sleet or Hail,Dark - Lighted,19,Monday,1,1,1.0
Sleet or Hail,Dark - Lighted,19,Sunday,2,2,1.0
Sleet or Hail,Dark - Lighted,19,Tuesday,2,2,1.0
Sleet or Hail,Dark - Lighted,20,Friday,1,1,1.0
Sleet or Hail,Dark - Lighted,20,Monday,1,1,1.0
Sleet or Hail,Dark - Lighted,20,Saturday,1,1,1.0
Sleet or Hail,Dark - Lighted,20,Sunday,1,1,1.0
Sleet or Hail,Dark - Lighted,21,Monday,1,1,1.0
Sleet or Hail,Dark - Lighted,21,Sunday,1,1,1.0
Sleet or Hail,Dark - Lighted,22,Friday,2,2,1.0
Sleet or Hail,Dark - Lighted,22,Monday,1,1,1.0
Sleet or Hail,Dark - Lighted,23,Monday,1,1,1.0
Sleet or Hail,Dark - Lighted,23,Thursday,2,2,1.0
Sleet or Hail,Dark - Lighted,23,Wednesday,1,2,2.0
Sleet or Hail,Dark - Not Lighted,0,Friday,1,1,1.0
Sleet or Hail,Dark - Not Lighted,0,Monday,1,1,1.0
Sleet or Hail,Dark - Not Lighted,0,Sunday,1,1,1.0
Sleet or Hail,Dark - Not Lighted,0,Thursday,1,1,1.0
Sleet or Hail,Dark - Not Lighted,0,Tuesday,1,1,1.0
Sleet or Hail,Dark - Not Lighted,1,Friday,1,1,1.0
Sleet or Hail,Dark - Not Lighted,1,Saturday,3,4,1.3333333333333333
Sleet or Hail,Dark - Not Lighted,1,Tuesday,1,1,1.0
Sleet or Hail,Dark - Not Lighted,2,Saturday,4,4,1.0
Sleet or Hail,Dark - Not Lighted,2,Sunday,2,2,1.0
Sleet or Hail,Dark - Not Lighted,2,Tuesday,2,2,1.0
Sleet or Hail,Dark - Not Lighted,2,Wednesday,1,1,1.0
Sleet or Hail,Dark - Not Lighted,3,Friday,2,2,1.0
Sleet or Hail,Dark - Not Lighted,3,Monday,1,1,1.0
Sleet or Hail,Dark - Not Lighted,3,Saturday,1,1,1.0
Sleet or Hail,Dark - Not Lighted,3,Thursday,1,1,1.0
Sleet or Hail,Dark - Not Lighted,4,Friday,1,1,1.0
Sleet or Hail,Dark - Not Lighted,4,Monday,3,3,1.0
Sleet or Hail,Dark - Not Lighted,4,Saturday,1,1,1.0
Sleet or Hail,Dark - Not Lighted,4,Tuesday,1,1,1.0
Sleet or Hail,Dark - Not Lighted,5,Friday,1,1,1.0
Sleet or Hail,Dark - Not Lighted,5,Monday,1,2,2.0
Sleet or Hail,Dark - Not Lighted,5,Sunday,1,1,1.0
Sleet or Hail,Dark - Not Lighted,5,Tuesday,1,1,1.0
Sleet or Hail,Dark - Not Lighted,5,Wednesday,1,1,1.0
Sleet or Hail,Dark - Not Lighted,6,Friday,1,1,1.0
Sleet or Hail,Dark - Not Lighted,6,Monday,5,5,1.0
Sleet or Hail,Dark - Not Lighted,6,Saturday,1,1,1.0
Sleet or Hail,Dark - Not Lighted,6,Sunday,2,2,1.0
Sleet or Hail,Dark - Not Lighted,6,Thursday,1,1,1.0
Sleet or Hail,Dark - Not Lighted,6,Tuesday,2,3,1.5
Sleet or Hail,Dark - Not Lighted,6,Wednesday,2,2,1.0
Sleet or Hail,Dark - Not Lighted,7,Friday,2,2,1.0
Sleet or Hail,Dark - Not Lighted,7,Saturday,1,1,1.0
Sleet or Hail,Dark - Not Lighted,8,Friday,1,1,1.0
Sleet or Hail,Dark - Not Lighted,16,Monday,1,1,1.0
Sleet or Hail,Dark - Not Lighted,16,Saturday,2,2,1.0
Sleet or Hail,Dark - Not Lighted,16,Sunday,1,1,1.0
Sleet or Hail,Dark - Not Lighted,16,Wednesday,1,1,1.0
Sleet or Hail,Dark - Not Lighted,17,Friday,1,1,1.0
Sleet or Hail,Dark - Not Lighted,17,Thursday,1,1,1.0
Sleet or Hail,Dark - Not Lighted,17,Tuesday,1,1,1.0
Sleet or Hail,Dark - Not Lighted,18,Friday,1,1,1.0
Sleet or Hail,Dark - Not Lighted,18,Monday,2,2,1.0
Sleet or Hail,Dark - Not Lighted,18,Saturday,4,5,1.25
Sleet or Hail,Dark - Not Lighted,18,Sunday,2,2,1.0
Sleet or Hail,Dark - Not Lighted,18,Thursday,2,2,1.0
Sleet or Hail,Dark - Not Lighted,18,Tuesday,2,2,1.0
Sleet or Hail,Dark - Not Lighted,19,Friday,4,4,1.0
Sleet or Hail,Dark - Not Lighted,19,Monday,5,5,1.0
Sleet or Hail,Dark - Not Lighted,19,Sunday,1,1,1.0
Sleet or Hail,Dark - Not Lighted,19,Thursday,1,2,2.0
Sleet or Hail,Dark - Not Lighted,19,Tuesday,1,1,1.0
Sleet or Hail,Dark - Not Lighted,19,Wednesday,2,2,1.0
Sleet or Hail,Dark - Not Lighted,20,Friday,2,2,1.0
Sleet or Hail,Dark - Not Lighted,20,Monday,1,1,1.0
Sleet or Hail,Dark - Not Lighted,20,Saturday,2,2,1.0
Sleet or Hail,Dark - Not Lighted,20,Sunday,2,2,1.0
Sleet or Hail,Dark - Not Lighted,20,Thursday,2,2,1.0
Sleet or Hail,Dark - Not Lighted,20,Tuesday,2,2,1.0
Sleet or Hail,Dark - Not Lighted,20,Wednesday,1,2,2.0
Sleet or Hail,Dark - Not Lighted,21,Friday,1,1,1.0
Sleet or Hail,Dark - Not Lighted,21,Monday,1,1,1.0
Sleet or Hail,Dark - Not Lighted,21,Sunday,6,6,1.0
Sleet or Hail,Dark - Not Lighted,21,Thursday,2,4,2.0
Sleet or Hail,Dark - Not Lighted,22,Friday,1,1,1.0
Sleet or Hail,Dark - Not Lighted,22,Saturday,4,6,1.5
Sleet or Hail,Dark - Not Lighted,22,Sunday,1,2,2.0
Sleet or Hail,Dark - Not Lighted,22,Tuesday,1,1,1.0
Sleet or Hail,Dark - Not Lighted,22,Wednesday,1,1,1.0
Sleet or Hail,Dark - Not Lighted,23,Friday,5,6,1.2
Sleet or Hail,Dark - Not Lighted,23,Thursday,1,1,1.0
Sleet or Hail,Dark - Not Lighted,23,Tuesday,1,1,1.0
Sleet or Hail,Dark - Not Lighted,23,Wednesday,3,3,1.0
Sleet or Hail,Dark - Not Lighted,99,Friday,1,1,1.0
Sleet or Hail,Dark - Not Lighted,99,Saturday,1,1,1.0
Sleet or Hail,Dark - Unknown Lighting,5,Thursday,1,1,1.0
Sleet or Hail,Dark - Unknown Lighting,6,Tuesday,1,1,1.0
Sleet or Hail,Dark - Unknown Lighting,17,Sunday,1,1,1.0
Sleet or Hail,Dark - Unknown Lighting,22,Friday,1,1,1.0
Sleet or Hail,Dark - Unknown Lighting,22,Thursday,1,1,1.0
Sleet or Hail,Dawn,5,Saturday,1,1,1.0
Sleet or Hail,Dawn,5,Sunday,1,1,1.0
Sleet or Hail,Dawn,5,Tuesday,1,1,1.0
Sleet or Hail,Dawn,5,Wednesday,1,1,1.0
Sleet or Hail,Dawn,6,Monday,1,1,1.0
Sleet or Hail,Dawn,7,Friday,2,3,1.5
Sleet or Hail,Dawn,7,Saturday,1,1,1.0
Sleet or Hail,Dawn,7,Sunday,1,1,1.0
Sleet or Hail,Dawn,7,Wednesday,1,1,1.0
Sleet or Hail,Daylight,4,Thursday,1,1,1.0
Sleet or Hail,Daylight,6,Monday,1,1,1.0
Sleet or Hail,Daylight,7,Friday,3,5,1.6666666666666667
Sleet or Hail,Daylight,7,Monday,1,1,1.0
Sleet or Hail,Daylight,7,Saturday,2,2,1.0
Sleet or Hail,Daylight,7,Sunday,3,3,1.0
Sleet or Hail,Daylight,7,Thursday,2,2,1.0
Sleet or Hail,Daylight,7,Tuesday,1,1,1.0
Sleet or Hail,Daylight,7,Wednesday,4,4,1.0
Sleet or Hail,Daylight,8,Friday,3,3,1.0
Sleet or Hail,Daylight,8,Monday,4,4,1.0
Sleet or Hail,Daylight,8,Saturday,2,2,1.0
Sleet or Hail,Daylight,8,Sunday,3,3,1.0
Sleet or Hail,Daylight,8,Thursday,2,2,1.0
Sleet or Hail,Daylight,8,Tuesday,3,3,1.0
Sleet or Hail,Daylight,8,Wednesday,5,5,1.0
Sleet or Hail,Daylight,9,Friday,3,3,1.0
Sleet or Hail,Daylight,9,Monday,2,2,1.0
Sleet or Hail,Daylight,9,Saturday,2,3,1.5
Sleet or Hail,Daylight,9,Sunday,4,5,1.25
Sleet or Hail,Daylight,9,Thursday,3,3,1.0
Sleet or Hail,Daylight,9,Tuesday,4,4,1.0
Sleet or Hail,Daylight,9,Wednesday,3,3,1.0
Sleet or Hail,Daylight,10,Friday,2,2,1.0
Sleet or Hail,Daylight,10,Monday,5,5,1.0
Sleet or Hail,Daylight,10,Saturday,4,5,1.25
Sleet or Hail,Daylight,10,Sunday,5,5,1.0
Sleet or Hail,Daylight,10,Thursday,3,3,1.0
Sleet or Hail,Daylight,10,Tuesday,2,2,1.0
Sleet or Hail,Daylight,10,Wednesday,4,4,1.0
Sleet or Hail,Daylight,11,Friday,2,2,1.0
Sleet or Hail,Daylight,11,Monday,6,7,1.1666666666666667
Sleet or Hail,Daylight,11,Saturday,4,4,1.0
Sleet or Hail,Daylight,11,Sunday,3,3,1.0
Sleet or Hail,Daylight,11,Thursday,4,7,1.75
Sleet or Hail,Daylight,11,Tuesday,4,4,1.0
Sleet or Hail,Daylight,12,Friday,2,2,1.0
Sleet or Hail,Daylight,12,Monday,5,5,1.0
Sleet or Hail,Daylight,12,Saturday,1,1,1.0
Sleet or Hail,Daylight,12,Sunday,2,2,1.0
Sleet or Hail,Daylight,12,Tuesday,1,1,1.0
Sleet or Hail,Daylight,12,Wednesday,7,7,1.0
Sleet or Hail,Daylight,13,Friday,5,6,1.2
Sleet or Hail,Daylight,13,Monday,8,10,1.25
Sleet or Hail,Daylight,13,Saturday,5,5,1.0
Sleet or Hail,Daylight,13,Sunday,5,5,1.0
Sleet or Hail,Daylight,13,Thursday,2,2,1.0
Sleet or Hail,Daylight,13,Wednesday,2,2,1.0
Sleet or Hail,Daylight,14,Friday,7,8,1.1428571428571428
Sleet or Hail,Daylight,14,Monday,2,2,1.0
Sleet or Hail,Daylight,14,Saturday,2,2,1.0
Sleet or Hail,Daylight,14,Sunday,1,1,1.0
Sleet or Hail,Daylight,14,Thursday,5,5,1.0
Sleet or Hail,Daylight,14,Tuesday,4,4,1.0
Sleet or Hail,Daylight,14,Wednesday,3,4,1.3333333333333333
Sleet or Hail,Daylight,15,Friday,6,6,1.0
Sleet or Hail,Daylight,15,Monday,7,7,1.0
Sleet or Hail,Daylight,15,Saturday,5,6,1.2
Sleet or Hail,Daylight,15,Sunday,5,6,1.2
Sleet or Hail,Daylight,15,Thursday,2,2,1.0
Sleet or Hail,Daylight,15,Tuesday,6,8,1.3333333333333333
Sleet or Hail,Daylight,15,Wednesday,1,1,1.0
Sleet or Hail,Daylight,16,Friday,3,4,1.3333333333333333
Sleet or Hail,Daylight,16,Monday,3,3,1.0
Sleet or Hail,Daylight,16,Saturday,3,4,1.3333333333333333
Sleet or Hail,Daylight,16,Sunday,6,7,1.1666666666666667
Sleet or Hail,Daylight,16,Thursday,2,2,1.0
Sleet or Hail,Daylight,16,Tuesday,4,5,1.25
Sleet or Hail,Daylight,16,Wednesday,2,2,1.0
Sleet or Hail,Daylight,17,Monday,1,1,1.0
Sleet or Hail,Daylight,17,Saturday,5,6,1.2
Sleet or Hail,Daylight,17,Thursday,6,6,1.0
Sleet or Hail,Daylight,17,Tuesday,1,1,1.0
Sleet or Hail,Daylight,17,Wednesday,2,2,1.0
Sleet or Hail,Daylight,18,Monday,1,1,1.0
Sleet or Hail,Daylight,18,Saturday,1,1,1.0
Sleet or Hail,Daylight,18,Thursday,1,1,1.0
Sleet or Hail,Daylight,18,Wednesday,2,2,1.0
Sleet or Hail,Daylight,19,Sunday,1,1,1.0
Sleet or Hail,Daylight,99,Saturday,1,1,1.0
Sleet or Hail,Dusk,16,Sunday,1,1,1.0
Sleet or Hail,Dusk,16,Tuesday,1,1,1.0
Sleet or Hail,Dusk,17,Friday,1,1,1.0
Sleet or Hail,Dusk,17,Monday,2,3,1.5
Sleet or Hail,Dusk,17,Sunday,2,2,1.0
Sleet or Hail,Dusk,17,Wednesday,1,1,1.0
Sleet or Hail,Dusk,18,Saturday,1,1,1.0
Sleet or Hail,Not Reported,13,Friday,1,1,1.0
Sleet or Hail,Unknown,5,Monday,1,1,1.0
Sleet or Hail,Unknown,99,Saturday,1,1,1.0
Snow,Dark - Lighted,0,Friday,7,7,1.0
Snow,Dark - Lighted,0,Monday,5,5,1.0
Snow,Dark - Lighted,0,Saturday,5,5,1.0
Snow,Dark - Lighted,0,Sunday,4,4,1.0
Snow,Dark - Lighted,0,Thursday,2,3,1.5
Snow,Dark - Lighted,0,Tuesday,4,4,1.0
Snow,Dark - Lighted,0,Wednesday,4,5,1.25
Snow,Dark - Lighted,1,Friday,4,4,1.0
Snow,Dark - Lighted,1,Monday,1,1,1.0
Snow,Dark - Lighted,1,Saturday,9,11,1.2222222222222223
Snow,Dark - Lighted,1,Sunday,5,5,1.0
Snow,Dark - Lighted,1,Thursday,1,1,1.0
Snow,Dark - Lighted,1,Tuesday,1,1,1.0
Snow,Dark - Lighted,1,Wednesday,2,2,1.0
Snow,Dark - Lighted,2,Friday,4,4,1.0
Snow,Dark - Lighted,2,Monday,3,3,1.0
Snow,Dark - Lighted,2,Saturday,6,7,1.1666666666666667
Snow,Dark - Lighted,2,Sunday,8,9,1.125
Snow,Dark - Lighted,2,Thursday,4,4,1.0
Snow,Dark - Lighted,2,Tuesday,2,2,1.0
Snow,Dark - Lighted,2,Wednesday,4,4,1.0
Snow,Dark - Lighted,3,Friday,1,1,1.0
Snow,Dark - Lighted,3,Monday,1,1,1.0
Snow,Dark - Lighted,3,Saturday,6,6,1.0
Snow,Dark - Lighted,3,Sunday,5,6,1.2
Snow,Dark - Lighted,3,Thursday,4,4,1.0
Snow,Dark - Lighted,3,Tuesday,4,4,1.0
Snow,Dark - Lighted,3,Wednesday,1,1,1.0
Snow,Dark - Lighted,4,Friday,2,2,1.0
Snow,Dark - Lighted,4,Monday,1,1,1.0
Snow,Dark - Lighted,4,Saturday,1,1,1.0
Snow,Dark - Lighted,4,Sunday,2,3,1.5
Snow,Dark - Lighted,4,Thursday,1,1,1.0
Snow,Dark - Lighted,4,Tuesday,1,1,1.0
Snow,Dark - Lighted,4,Wednesday,5,5,1.0
Snow,Dark - Lighted,5,Friday,1,1,1.0
Snow,Dark - Lighted,5,Monday,3,3,1.0
Snow,Dark - Lighted,5,Saturday,10,10,1.0
Snow,Dark - Lighted,5,Sunday,2,3,1.5
Snow,Dark - Lighted,5,Thursday,7,7,1.0
Snow,Dark - Lighted,5,Tuesday,3,3,1.0
Snow,Dark - Lighted,5,Wednesday,2,2,1.0
Snow,Dark - Lighted,6,Friday,7,10,1.4285714285714286
Snow,Dark - Lighted,6,Monday,2,2,1.0
Snow,Dark - Lighted,6,Saturday,1,1,1.0
Snow,Dark - Lighted,6,Sunday,2,2,1.0
Snow,Dark - Lighted,6,Thursday,3,3,1.0
Snow,Dark - Lighted,6,Tuesday,1,1,1.0
Snow,Dark - Lighted,6,Wednesday,3,3,1.0
Snow,Dark - Lighted,7,Friday,1,1,1.0
Snow,Dark - Lighted,7,Monday,1,1,1.0
Snow,Dark - Lighted,7,Saturday,1,1,1.0
Snow,Dark - Lighted,7,Thursday,2,2,1.0
Snow,Dark - Lighted,7,Tuesday,2,2,1.0
Snow,Dark - Lighted,8,Wednesday,1,1,1.0
Snow,Dark - Lighted,9,Thursday,1,1,1.0
Snow,Dark - Lighted,15,Sunday,1,1,1.0
Snow,Dark - Lighted,16,Friday,1,1,1.0
Snow,Dark - Lighted,16,Saturday,2,2,1.0
Snow,Dark - Lighted,16,Sunday,2,2,1.0
Snow,Dark - Lighted,16,Thursday,2,2,1.0
Snow,Dark - Lighted,16,Wednesday,1,1,1.0
Snow,Dark - Lighted,17,Friday,3,4,1.3333333333333333
Snow,Dark - Lighted,17,Monday,4,4,1.0
Snow,Dark - Lighted,17,Saturday,2,2,1.0
Snow,Dark - Lighted,17,Sunday,2,2,1.0
Snow,Dark - Lighted,17,Thursday,4,4,1.0
Snow,Dark - Lighted,17,Tuesday,5,6,1.2
Snow,Dark - Lighted,17,Wednesday,6,6,1.0
Snow,Dark - Lighted,18,Friday,6,6,1.0
Snow,Dark - Lighted,18,Monday,4,4,1.0
Snow,Dark - Lighted,18,Saturday,7,7,1.0
Snow,Dark - Lighted,18,Sunday,6,6,1.0
Snow,Dark - Lighted,18,Thursday,4,4,1.0
Snow,Dark - Lighted,18,Tuesday,8,9,1.125
Snow,Dark - Lighted,18,Wednesday,6,6,1.0
Snow,Dark - Lighted,19,Friday,1,1,1.0
Snow,Dark - Lighted,19,Monday,6,6,1.0
Snow,Dark - Lighted,19,Saturday,3,3,1.0
Snow,Dark - Lighted,19,Sunday,3,3,1.0
Snow,Dark - Lighted,19,Thursday,5,5,1.0
Snow,Dark - Lighted,19,Tuesday,4,4,1.0
Snow,Dark - Lighted,19,Wednesday,2,2,1.0
Snow,Dark - Lighted,20,Friday,6,7,1.1666666666666667
Snow,Dark - Lighted,20,Monday,5,5,1.0
Snow,Dark - Lighted,20,Saturday,2,2,1.0
Snow,Dark - Lighted,20,Sunday,2,2,1.0
Snow,Dark - Lighted,20,Thursday,5,6,1.2
Snow,Dark - Lighted,20,Tuesday,1,1,1.0
Snow,Dark - Lighted,21,Friday,4,4,1.0
Snow,Dark - Lighted,21,Monday,3,3,1.0
Snow,Dark - Lighted,21,Saturday,5,5,1.0
Snow,Dark - Lighted,21,Sunday,7,8,1.1428571428571428
Snow,Dark - Lighted,21,Thursday,3,3,1.0
Snow,Dark - Lighted,21,Tuesday,7,7,1.0
Snow,Dark - Lighted,21,Wednesday,5,5,1.0
Snow,Dark - Lighted,22,Friday,7,7,1.0
Snow,Dark - Lighted,22,Monday,4,4,1.0
Snow,Dark - Lighted,22,Saturday,4,4,1.0
Snow,Dark - Lighted,22,Sunday,3,3,1.0
Snow,Dark - Lighted,22,Thursday,3,3,1.0
Snow,Dark - Lighted,22,Tuesday,1,1,1.0
Snow,Dark - Lighted,22,Wednesday,1,1,1.0
Snow,Dark - Lighted,23,Friday,7,7,1.0
Snow,Dark - Lighted,23,Monday,1,1,1.0
Snow,Dark - Lighted,23,Saturday,7,8,1.1428571428571428
Snow,Dark - Lighted,23,Sunday,5,5,1.0
Snow,Dark - Lighted,23,Thursday,4,4,1.0
Snow,Dark - Lighted,23,Tuesday,4,4,1.0
Snow,Dark - Lighted,23,Wednesday,4,5,1.25
Snow,Dark - Not Lighted,0,Friday,5,5,1.0
Snow,Dark - Not Lighted,0,Monday,4,4,1.0
Snow,Dark - Not Lighted,0,Saturday,12,12,1.0
Snow,Dark - Not Lighted,0,Sunday,7,7,1.0
Snow,Dark - Not Lighted,0,Thursday,11,12,1.0909090909090908
Snow,Dark - Not Lighted,0,Tuesday,2,2,1.0
Snow,Dark - Not Lighted,0,Wednesday,6,7,1.1666666666666667
Snow,Dark - Not Lighted,1,Friday,8,8,1.0
Snow,Dark - Not Lighted,1,Monday,6,6,1.0
Snow,Dark - Not Lighted,1,Saturday,9,9,1.0
Snow,Dark - Not Lighted,1,Sunday,5,6,1.2
Snow,Dark - Not Lighted,1,Thursday,9,9,1.0
Snow,Dark - Not Lighted,1,Tuesday,3,3,1.0
Snow,Dark - Not Lighted,1,Wednesday,4,4,1.0
Snow,Dark - Not Lighted,2,Friday,6,7,1.1666666666666667
Snow,Dark - Not Lighted,2,Monday,2,2,1.0
Snow,Dark - Not Lighted,2,Saturday,20,21,1.05
Snow,Dark - Not Lighted,2,Sunday,14,14,1.0
Snow,Dark - Not Lighted,2,Thursday,5,6,1.2
Snow,Dark - Not Lighted,2,Tuesday,3,3,1.0
Snow,Dark - Not Lighted,2,Wednesday,2,2,1.0
Snow,Dark - Not Lighted,3,Friday,4,4,1.0
Snow,Dark - Not Lighted,3,Monday,3,3,1.0
Snow,Dark - Not Lighted,3,Saturday,3,4,1.3333333333333333
Snow,Dark - Not Lighted,3,Sunday,15,20,1.3333333333333333
Snow,Dark - Not Lighted,3,Thursday,6,7,1.1666666666666667
Snow,Dark - Not Lighted,3,Tuesday,3,3,1.0
Snow,Dark - Not Lighted,3,Wednesday,6,6,1.0
Snow,Dark - Not Lighted,4,Friday,6,9,1.5
Snow,Dark - Not Lighted,4,Monday,2,2,1.0
Snow,Dark - Not Lighted,4,Saturday,6,7,1.1666666666666667
Snow,Dark - Not Lighted,4,Sunday,8,8,1.0
Snow,Dark - Not Lighted,4,Thursday,9,9,1.0
Snow,Dark - Not Lighted,4,Tuesday,9,10,1.1111111111111112
Snow,Dark - Not Lighted,4,Wednesday,10,11,1.1
Snow,Dark - Not Lighted,5,Friday,12,12,1.0
Snow,Dark - Not Lighted,5,Monday,8,8,1.0
Snow,Dark - Not Lighted,5,Saturday,10,10,1.0
Snow,Dark - Not Lighted,5,Sunday,4,4,1.0
Snow,Dark - Not Lighted,5,Thursday,15,17,1.1333333333333333
Snow,Dark - Not Lighted,5,Tuesday,10,10,1.0
Snow,Dark - Not Lighted,5,Wednesday,14,14,1.0
Snow,Dark - Not Lighted,6,Friday,12,15,1.25
Snow,Dark - Not Lighted,6,Monday,7,8,1.1428571428571428
Snow,Dark - Not Lighted,6,Saturday,8,13,1.625
Snow,Dark - Not Lighted,6,Sunday,5,7,1.4
Snow,Dark - Not Lighted,6,Thursday,7,10,1.4285714285714286
Snow,Dark - Not Lighted,6,Tuesday,7,7,1.0
Snow,Dark - Not Lighted,6,Wednesday,9,9,1.0
Snow,Dark - Not Lighted,7,Friday,3,3,1.0
Snow,Dark - Not Lighted,7,Monday,3,3,1.0
Snow,Dark - Not Lighted,7,Saturday,3,5,1.6666666666666667
Snow,Dark - Not Lighted,7,Sunday,1,1,1.0
Snow,Dark - Not Lighted,7,Thursday,5,5,1.0
Snow,Dark - Not Lighted,7,Tuesday,3,4,1.3333333333333333
Snow,Dark - Not Lighted,7,Wednesday,1,1,1.0
Snow,Dark - Not Lighted,8,Monday,1,1,1.0
Snow,Dark - Not Lighted,8,Thursday,1,1,1.0
Snow,Dark - Not Lighted,8,Tuesday,1,1,1.0
Snow,Dark - Not Lighted,8,Wednesday,1,1,1.0
Snow,Dark - Not Lighted,10,Sunday,1,1,1.0
Snow,Dark - Not Lighted,14,Wednesday,1,1,1.0
Snow,Dark - Not Lighted,16,Friday,2,2,1.0
Snow,Dark - Not Lighted,16,Monday,4,4,1.0
Snow,Dark - Not Lighted,16,Saturday,3,5,1.6666666666666667
Snow,Dark - Not Lighted,16,Sunday,3,3,1.0
Snow,Dark - Not Lighted,16,Thursday,4,4,1.0
Snow,Dark - Not Lighted,16,Tuesday,3,3,1.0
Snow,Dark - Not Lighted,16,Wednesday,4,4,1.0
Snow,Dark - Not Lighted,17,Friday,11,11,1.0
Snow,Dark - Not Lighted,17,Monday,7,7,1.0
Snow,Dark - Not Lighted,17,Saturday,10,11,1.1
Snow,Dark - Not Lighted,17,Sunday,11,12,1.0909090909090908
Snow,Dark - Not Lighted,17,Thursday,8,8,1.0
Snow,Dark - Not Lighted,17,Tuesday,5,6,1.2
Snow,Dark - Not Lighted,17,Wednesday,10,10,1.0
Snow,Dark - Not Lighted,18,Friday,16,16,1.0
Snow,Dark - Not Lighted,18,Monday,15,17,1.1333333333333333
Snow,Dark - Not Lighted,18,Saturday,12,12,1.0
Snow,Dark - Not Lighted,18,Sunday,13,19,1.4615384615384615
Snow,Dark - Not Lighted,18,Thursday,16,18,1.125
Snow,Dark - Not Lighted,18,Tuesday,14,15,1.0714285714285714
Snow,Dark - Not Lighted,18,Wednesday,14,15,1.0714285714285714
Snow,Dark - Not Lighted,19,Friday,11,12,1.0909090909090908
Snow,Dark - Not Lighted,19,Monday,15,15,1.0
Snow,Dark - Not Lighted,19,Saturday,16,16,1.0
Snow,Dark - Not Lighted,19,Sunday,20,23,1.15
Snow,Dark - Not Lighted,19,Thursday,13,15,1.1538461538461537
Snow,Dark - Not Lighted,19,Tuesday,11,11,1.0
Snow,Dark - Not Lighted,19,Wednesday,15,15,1.0
Snow,Dark - Not Lighted,20,Friday,12,14,1.1666666666666667
Snow,Dark - Not Lighted,20,Monday,8,9,1.125
Snow,Dark - Not Lighted,20,Saturday,16,16,1.0
Snow,Dark - Not Lighted,20,Sunday,14,14,1.0
Snow,Dark - Not Lighted,20,Thursday,15,15,1.0
Snow,Dark - Not Lighted,20,Tuesday,13,13,1.0
Snow,Dark - Not Lighted,20,Wednesday,5,6,1.2
Snow,Dark - Not Lighted,21,Friday,10,13,1.3
Snow,Dark - Not Lighted,21,Monday,8,11,1.375
Snow,Dark - Not Lighted,21,Saturday,12,12,1.0
Snow,Dark - Not Lighted,21,Sunday,9,11,1.2222222222222223
Snow,Dark - Not Lighted,21,Thursday,11,11,1.0
Snow,Dark - Not Lighted,21,Tuesday,9,10,1.1111111111111112
Snow,Dark - Not Lighted,21,Wednesday,5,6,1.2
Snow,Dark - Not Lighted,22,Friday,12,13,1.0833333333333333
Snow,Dark - Not Lighted,22,Monday,10,11,1.1
Snow,Dark - Not Lighted,22,Saturday,11,12,1.0909090909090908
Snow,Dark - Not Lighted,22,Sunday,5,5,1.0
Snow,Dark - Not Lighted,22,Thursday,8,8,1.0
Snow,Dark - Not Lighted,22,Tuesday,8,9,1.125
Snow,Dark - Not Lighted,22,Wednesday,8,9,1.125
Snow,Dark - Not Lighted,23,Friday,11,13,1.1818181818181819
Snow,Dark - Not Lighted,23,Monday,3,3,1.0
Snow,Dark - Not Lighted,23,Saturday,11,11,1.0
Snow,Dark - Not Lighted,23,Sunday,2,2,1.0
Snow,Dark - Not Lighted,23,Thursday,8,9,1.125
Snow,Dark - Not Lighted,23,Tuesday,9,10,1.1111111111111112
Snow,Dark - Not Lighted,23,Wednesday,5,5,1.0
Snow,Dark - Not Lighted,99,Friday,1,1,1.0
Snow,Dark - Not Lighted,99,Monday,1,1,1.0
Snow,Dark - Not Lighted,99,Saturday,5,5,1.0
Snow,Dark - Not Lighted,99,Sunday,3,3,1.0
Snow,Dark - Not Lighted,99,Thursday,1,1,1.0
Snow,Dark - Not Lighted,99,Wednesday,3,3,1.0
Snow,Dark - Unknown Lighting,0,Friday,2,2,1.0
Snow,Dark - Unknown Lighting,0,Sunday,1,1,1.0
Snow,Dark - Unknown Lighting,1,Saturday,1,1,1.0
Snow,Dark - Unknown Lighting,1,Tuesday,1,1,1.0
Snow,Dark - Unknown Lighting,2,Friday,1,1,1.0
Snow,Dark - Unknown Lighting,2,Monday,1,1,1.0
Snow,Dark - Unknown Lighting,5,Thursday,1,1,1.0
Snow,Dark - Unknown Lighting,5,Wednesday,1,1,1.0
Snow,Dark - Unknown Lighting,6,Friday,1,1,1.0
Snow,Dark - Unknown Lighting,6,Tuesday,1,1,1.0
Snow,Dark - Unknown Lighting,19,Thursday,1,1,1.0
Snow,Dark - Unknown Lighting,19,Wednesday,2,2,1.0
Snow,Dark - Unknown Lighting,20,Sunday,1,1,1.0
Snow,Dark - Unknown Lighting,21,Friday,1,1,1.0
Snow,Dark - Unknown Lighting,23,Friday,1,1,1.0
Snow,Dark - Unknown Lighting,23,Saturday,1,1,1.0
Snow,Dark - Unknown Lighting,99,Saturday,1,1,1.0
Snow,Dawn,5,Monday,2,2,1.0
Snow,Dawn,5,Saturday,1,1,1.0
Snow,Dawn,5,Thursday,2,2,1.0
Snow,Dawn,5,Tuesday,1,1,1.0
Snow,Dawn,6,Friday,2,2,1.0
Snow,Dawn,6,Monday,5,6,1.2
Snow,Dawn,6,Saturday,2,2,1.0
Snow,Dawn,6,Sunday,3,3,1.0
Snow,Dawn,6,Thursday,7,7,1.0
Snow,Dawn,6,Tuesday,3,3,1.0
Snow,Dawn,6,Wednesday,8,8,1.0
Snow,Dawn,7,Friday,3,3,1.0
Snow,Dawn,7,Monday,5,6,1.2
Snow,Dawn,7,Saturday,2,2,1.0
Snow,Dawn,7,Sunday,1,1,1.0
Snow,Dawn,7,Thursday,3,7,2.3333333333333335
Snow,Dawn,7,Tuesday,5,6,1.2
Snow,Dawn,7,Wednesday,8,9,1.125
Snow,Dawn,8,Friday,1,1,1.0
Snow,Dawn,8,Saturday,1,1,1.0
Snow,Dawn,8,Thursday,1,1,1.0
Snow,Dawn,8,Tuesday,1,2,2.0
Snow,Dawn,8,Wednesday,1,1,1.0
Snow,Daylight,4,Thursday,1,1,1.0
Snow,Daylight,5,Friday,1,1,1.0
Snow,Daylight,6,Friday,7,7,1.0
Snow,Daylight,6,Monday,2,2,1.0
Snow,Daylight,6,Saturday,1,1,1.0
Snow,Daylight,6,Thursday,5,7,1.4
Snow,Daylight,6,Tuesday,2,2,1.0
Snow,Daylight,6,Wednesday,2,2,1.0
Snow,Daylight,7,Friday,10,10,1.0
Snow,Daylight,7,Monday,20,25,1.25
Snow,Daylight,7,Saturday,12,12,1.0
Snow,Daylight,7,Sunday,8,8,1.0
Snow,Daylight,7,Thursday,15,16,1.0666666666666667
Snow,Daylight,7,Tuesday,16,16,1.0
Snow,Daylight,7,Wednesday,28,32,1.1428571428571428
Snow,Daylight,8,Friday,23,25,1.0869565217391304
Snow,Daylight,8,Monday,23,25,1.0869565217391304
Snow,Daylight,8,Saturday,13,14,1.0769230769230769
Snow,Daylight,8,Sunday,12,12,1.0
Snow,Daylight,8,Thursday,17,17,1.0
Snow,Daylight,8,Tuesday,19,19,1.0
Snow,Daylight,8,Wednesday,26,28,1.0769230769230769
Snow,Daylight,9,Friday,22,23,1.0454545454545454
Snow,Daylight,9,Monday,25,29,1.16
Snow,Daylight,9,Saturday,10,13,1.3
Snow,Daylight,9,Sunday,12,12,1.0
Snow,Daylight,9,Thursday,26,28,1.0769230769230769
Snow,Daylight,9,Tuesday,16,16,1.0
Snow,Daylight,9,Wednesday,22,25,1.1363636363636365
Snow,Daylight,10,Friday,14,15,1.0714285714285714
Snow,Daylight,10,Monday,19,26,1.368421052631579
Snow,Daylight,10,Saturday,19,23,1.2105263157894737
Snow,Daylight,10,Sunday,17,18,1.0588235294117647
Snow,Daylight,10,Thursday,16,16,1.0
Snow,Daylight,10,Tuesday,23,28,1.2173913043478262
Snow,Daylight,10,Wednesday,25,26,1.04
Snow,Daylight,11,Friday,14,16,1.1428571428571428
Snow,Daylight,11,Monday,18,19,1.0555555555555556
Snow,Daylight,11,Saturday,17,19,1.1176470588235294
Snow,Daylight,11,Sunday,22,26,1.1818181818181819
Snow,Daylight,11,Thursday,17,19,1.1176470588235294
Snow,Daylight,11,Tuesday,16,16,1.0
Snow,Daylight,11,Wednesday,24,25,1.0416666666666667
Snow,Daylight,12,Friday,23,25,1.0869565217391304
Snow,Daylight,12,Monday,21,22,1.0476190476190477
Snow,Daylight,12,Saturday,8,9,1.125
Snow,Daylight,12,Sunday,16,17,1.0625
Snow,Daylight,12,Thursday,17,19,1.1176470588235294
Snow,Daylight,12,Tuesday,18,19,1.0555555555555556
Snow,Daylight,12,Wednesday,14,16,1.1428571428571428
Snow,Daylight,13,Friday,10,13,1.3
Snow,Daylight,13,Monday,21,22,1.0476190476190477
Snow,Daylight,13,Saturday,18,18,1.0
Snow,Daylight,13,Sunday,25,27,1.08
Snow,Daylight,13,Thursday,18,20,1.1111111111111112
Snow,Daylight,13,Tuesday,18,18,1.0
Snow,Daylight,13,Wednesday,20,22,1.1
Snow,Daylight,14,Friday,17,19,1.1176470588235294
Snow,Daylight,14,Monday,22,23,1.0454545454545454
Snow,Daylight,14,Saturday,19,21,1.105263157894737
Snow,Daylight,14,Sunday,16,16,1.0
Snow,Daylight,14,Thursday,19,20,1.0526315789473684
Snow,Daylight,14,Tuesday,16,17,1.0625
Snow,Daylight,14,Wednesday,23,23,1.0
Snow,Daylight,15,Friday,26,29,1.1153846153846154
Snow,Daylight,15,Monday,23,25,1.0869565217391304
Snow,Daylight,15,Saturday,27,32,1.1851851851851851
Snow,Daylight,15,Sunday,28,29,1.0357142857142858
Snow,Daylight,15,Thursday,19,24,1.263157894736842
Snow,Daylight,15,Tuesday,23,24,1.0434782608695652
Snow,Daylight,15,Wednesday,19,21,1.105263157894737
Snow,Daylight,16,Friday,16,19,1.1875
Snow,Daylight,16,Monday,15,15,1.0
Snow,Daylight,16,Saturday,14,17,1.2142857142857142
Snow,Daylight,16,Sunday,17,21,1.2352941176470589
Snow,Daylight,16,Thursday,15,16,1.0666666666666667
Snow,Daylight,16,Tuesday,13,15,1.1538461538461537
Snow,Daylight,16,Wednesday,15,15,1.0
Snow,Daylight,17,Friday,10,12,1.2
Snow,Daylight,17,Monday,10,10,1.0
Snow,Daylight,17,Saturday,6,6,1.0
Snow,Daylight,17,Sunday,9,10,1.1111111111111112
Snow,Daylight,17,Thursday,7,7,1.0
Snow,Daylight,17,Tuesday,13,18,1.3846153846153846
Snow,Daylight,17,Wednesday,7,8,1.1428571428571428
Snow,Daylight,18,Friday,4,5,1.25
Snow,Daylight,18,Sunday,3,4,1.3333333333333333
Snow,Daylight,18,Thursday,4,4,1.0
Snow,Daylight,18,Tuesday,2,2,1.0
Snow,Daylight,18,Wednesday,1,1,1.0
Snow,Daylight,19,Saturday,2,2,1.0
Snow,Daylight,19,Sunday,1,1,1.0
Snow,Daylight,20,Sunday,1,1,1.0
Snow,Daylight,99,Friday,3,4,1.3333333333333333
Snow,Daylight,99,Monday,1,1,1.0
Snow,Daylight,99,Tuesday,1,1,1.0
Snow,Dusk,14,Friday,1,1,1.0
Snow,Dusk,15,Tuesday,1,1,1.0
Snow,Dusk,16,Friday,5,6,1.2
Snow,Dusk,16,Monday,1,1,1.0
Snow,Dusk,16,Sunday,3,4,1.3333333333333333
Snow,Dusk,16,Thursday,2,2,1.0
Snow,Dusk,16,Tuesday,2,3,1.5
Snow,Dusk,16,Wednesday,7,7,1.0
Snow,Dusk,17,Friday,3,3,1.0
Snow,Dusk,17,Monday,4,4,1.0
Snow,Dusk,17,Saturday,4,5,1.25
Snow,Dusk,17,Sunday,8,9,1.125
Snow,Dusk,17,Thursday,7,7,1.0
Snow,Dusk,17,Tuesday,2,3,1.5
Snow,Dusk,17,Wednesday,5,5,1.0
Snow,Dusk,18,Friday,4,4,1.0
Snow,Dusk,18,Monday,1,1,1.0
Snow,Dusk,18,Saturday,2,2,1.0
Snow,Dusk,18,Sunday,1,1,1.0
Snow,Dusk,18,Thursday,3,3,1.0
Snow,Dusk,18,Tuesday,3,3,1.0
Snow,Dusk,18,Wednesday,2,3,1.5
Snow,Dusk,19,Friday,1,1,1.0
Snow,Dusk,19,Monday,2,2,1.0
Snow,Dusk,19,Sunday,1,1,1.0
Snow,Dusk,19,Thursday,1,1,1.0
Snow,Dusk,20,Monday,1,1,1.0
Snow,Dusk,22,Friday,1,1,1.0
Snow,Dusk,99,Saturday,1,1,1.0
Snow,Dusk,99,Tuesday,1,1,1.0
Snow,Not Reported,11,Tuesday,1,1,1.0
Snow,Not Reported,17,Monday,1,1,1.0
Snow,Other,99,Friday,1,2,2.0
Snow,Reported as Unknown,23,Friday,1,1,1.0
Snow,Reported as Unknown,99,Sunday,1,1,1.0
Snow,Unknown,9,Friday,1,1,1.0
Snow,Unknown,99,Thursday,1,1,1.0
Unknown,Dark - Lighted,0,Friday,1,1,1.0
Unknown,Dark - Lighted,0,Monday,1,1,1.0
Unknown,Dark - Lighted,1,Friday,2,2,1.0
Unknown,Dark - Lighted,2,Saturday,1,1,1.0
Unknown,Dark - Lighted,2,Sunday,1,1,1.0
Unknown,Dark - Lighted,2,Wednesday,1,1,1.0
Unknown,Dark - Lighted,4,Monday,1,1,1.0
Unknown,Dark - Lighted,4,Sunday,1,1,1.0
Unknown,Dark - Lighted,7,Monday,1,1,1.0
Unknown,Dark - Lighted,18,Friday,1,1,1.0
Unknown,Dark - Lighted,19,Wednesday,1,1,1.0
Unknown,Dark - Lighted,20,Friday,1,1,1.0
Unknown,Dark - Lighted,20,Saturday,1,1,1.0
Unknown,Dark - Lighted,20,Wednesday,1,1,1.0
Unknown,Dark - Lighted,21,Wednesday,1,1,1.0
Unknown,Dark - Lighted,22,Monday,1,1,1.0
Unknown,Dark - Lighted,23,Friday,1,1,1.0
Unknown,Dark - Lighted,23,Thursday,1,1,1.0
Unknown,Dark - Lighted,23,Tuesday,2,2,1.0
Unknown,Dark - Lighted,99,Friday,1,1,1.0
Unknown,Dark - Lighted,99,Tuesday,1,1,1.0
Unknown,Dark - Not Lighted,0,Friday,2,3,1.5
Unknown,Dark - Not Lighted,0,Monday,1,1,1.0
Unknown,Dark - Not Lighted,0,Saturday,2,2,1.0
Unknown,Dark - Not Lighted,0,Tuesday,1,2,2.0
Unknown,Dark - Not Lighted,1,Friday,2,2,1.0
Unknown,Dark - Not Lighted,1,Saturday,2,2,1.0
Unknown,Dark - Not Lighted,1,Sunday,4,4,1.0
Unknown,Dark - Not Lighted,1,Thursday,1,1,1.0
Unknown,Dark - Not Lighted,1,Tuesday,1,1,1.0
Unknown,Dark - Not Lighted,1,Wednesday,3,3,1.0
Unknown,Dark - Not Lighted,2,Monday,2,2,1.0
Unknown,Dark - Not Lighted,2,Saturday,2,2,1.0
Unknown,Dark - Not Lighted,2,Sunday,4,5,1.25
Unknown,Dark - Not Lighted,3,Monday,1,1,1.0
Unknown,Dark - Not Lighted,3,Saturday,1,1,1.0
Unknown,Dark - Not Lighted,3,Sunday,1,1,1.0
Unknown,Dark - Not Lighted,3,Thursday,1,1,1.0
Unknown,Dark - Not Lighted,3,Wednesday,1,1,1.0
Unknown,Dark - Not Lighted,4,Friday,1,1,1.0
Unknown,Dark - Not Lighted,4,Monday,1,1,1.0
Unknown,Dark - Not Lighted,4,Sunday,2,2,1.0
Unknown,Dark - Not Lighted,4,Thursday,1,1,1.0
Unknown,Dark - Not Lighted,5,Friday,1,1,1.0
Unknown,Dark - Not Lighted,5,Monday,1,1,1.0
Unknown,Dark - Not Lighted,5,Saturday,1,1,1.0
Unknown,Dark - Not Lighted,5,Wednesday,1,2,2.0
Unknown,Dark - Not Lighted,6,Friday,4,4,1.0
Unknown,Dark - Not Lighted,6,Saturday,2,2,1.0
Unknown,Dark - Not Lighted,6,Wednesday,2,2,1.0
Unknown,Dark - Not Lighted,7,Friday,1,1,1.0
Unknown,Dark - Not Lighted,7,Saturday,3,3,1.0
Unknown,Dark - Not Lighted,7,Sunday,1,1,1.0
Unknown,Dark - Not Lighted,7,Tuesday,1,1,1.0
Unknown,Dark - Not Lighted,7,Wednesday,2,2,1.0
Unknown,Dark - Not Lighted,18,Saturday,1,1,1.0
Unknown,Dark - Not Lighted,18,Tuesday,1,1,1.0
Unknown,Dark - Not Lighted,19,Friday,1,1,1.0
Unknown,Dark - Not Lighted,19,Sunday,1,1,1.0
Unknown,Dark - Not Lighted,20,Friday,1,1,1.0
Unknown,Dark - Not Lighted,20,Thursday,1,1,1.0
Unknown,Dark - Not Lighted,21,Friday,4,5,1.25
Unknown,Dark - Not Lighted,21,Monday,1,1,1.0
Unknown,Dark - Not Lighted,21,Saturday,1,2,2.0
Unknown,Dark - Not Lighted,21,Thursday,1,1,1.0
Unknown,Dark - Not Lighted,21,Tuesday,1,1,1.0
Unknown,Dark - Not Lighted,22,Friday,1,1,1.0
Unknown,Dark - Not Lighted,22,Saturday,3,3,1.0
Unknown,Dark - Not Lighted,22,Sunday,1,1,1.0
Unknown,Dark - Not Lighted,22,Tuesday,1,1,1.0
Unknown,Dark - Not Lighted,22,Wednesday,4,5,1.25
Unknown,Dark - Not Lighted,23,Friday,3,3,1.0
Unknown,Dark - Not Lighted,23,Saturday,2,2,1.0
Unknown,Dark - Not Lighted,23,Sunday,1,2,2.0
Unknown,Dark - Not Lighted,23,Thursday,1,1,1.0
Unknown,Dark - Not Lighted,23,Tuesday,3,3,1.0
Unknown,Dark - Not Lighted,23,Wednesday,3,4,1.3333333333333333
Unknown,Dark - Not Lighted,99,Friday,1,1,1.0
Unknown,Dark - Not Lighted,99,Saturday,3,3,1.0
Unknown,Dark - Not Lighted,99,Sunday,1,1,1.0
Unknown,Dark - Not Lighted,99,Thursday,3,5,1.6666666666666667
Unknown,Dark - Not Lighted,99,Tuesday,1,1,1.0
Unknown,Dark - Not Lighted,99,Wednesday,1,1,1.0
Unknown,Dark - Unknown Lighting,0,Monday,1,1,1.0
Unknown,Dark - Unknown Lighting,0,Sunday,2,2,1.0
Unknown,Dark - Unknown Lighting,0,Thursday,2,2,1.0
Unknown,Dark - Unknown Lighting,0,Tuesday,1,1,1.0
Unknown,Dark - Unknown Lighting,1,Friday,2,2,1.0
Unknown,Dark - Unknown Lighting,1,Monday,1,1,1.0
Unknown,Dark - Unknown Lighting,1,Saturday,1,1,1.0
Unknown,Dark - Unknown Lighting,1,Sunday,1,1,1.0
Unknown,Dark - Unknown Lighting,1,Wednesday,1,1,1.0
Unknown,Dark - Unknown Lighting,2,Saturday,1,1,1.0
Unknown,Dark - Unknown Lighting,2,Sunday,1,1,1.0
Unknown,Dark - Unknown Lighting,2,Tuesday,2,2,1.0
Unknown,Dark - Unknown Lighting,2,Wednesday,1,1,1.0
Unknown,Dark - Unknown Lighting,3,Friday,1,1,1.0
Unknown,Dark - Unknown Lighting,3,Sunday,2,2,1.0
Unknown,Dark - Unknown Lighting,3,Tuesday,1,1,1.0
Unknown,Dark - Unknown Lighting,4,Friday,2,2,1.0
Unknown,Dark - Unknown Lighting,4,Saturday,1,1,1.0
Unknown,Dark - Unknown Lighting,5,Sunday,1,1,1.0
Unknown,Dark - Unknown Lighting,5,Thursday,1,1,1.0
Unknown,Dark - Unknown Lighting,5,Wednesday,2,2,1.0
Unknown,Dark - Unknown Lighting,11,Monday,1,1,1.0
Unknown,Dark - Unknown Lighting,17,Sunday,1,1,1.0
Unknown,Dark - Unknown Lighting,18,Friday,1,1,1.0
Unknown,Dark - Unknown Lighting,18,Saturday,1,1,1.0
Unknown,Dark - Unknown Lighting,18,Thursday,1,1,1.0
Unknown,Dark - Unknown Lighting,19,Saturday,1,1,1.0
Unknown,Dark - Unknown Lighting,19,Tuesday,1,1,1.0
Unknown,Dark - Unknown Lighting,20,Friday,5,5,1.0
Unknown,Dark - Unknown Lighting,20,Saturday,1,1,1.0
Unknown,Dark - Unknown Lighting,20,Sunday,3,3,1.0
Unknown,Dark - Unknown Lighting,20,Thursday,1,1,1.0
Unknown,Dark - Unknown Lighting,20,Tuesday,2,2,1.0
Unknown,Dark - Unknown Lighting,21,Saturday,1,1,1.0
Unknown,Dark - Unknown Lighting,21,Thursday,1,1,1.0
Unknown,Dark - Unknown Lighting,22,Friday,2,2,1.0
Unknown,Dark - Unknown Lighting,22,Saturday,2,3,1.5
Unknown,Dark - Unknown Lighting,22,Sunday,4,4,1.0
Unknown,Dark - Unknown Lighting,22,Thursday,2,3,1.5
Unknown,Dark - Unknown Lighting,23,Friday,1,1,1.0
Unknown,Dark - Unknown Lighting,23,Saturday,2,2,1.0
Unknown,Dark - Unknown Lighting,23,Thursday,3,3,1.0
Unknown,Dark - Unknown Lighting,23,Tuesday,1,1,1.0
Unknown,Dark - Unknown Lighting,99,Tuesday,1,1,1.0
Unknown,Dawn,4,Sunday,1,1,1.0
Unknown,Dawn,5,Monday,1,1,1.0
Unknown,Dawn,6,Friday,1,1,1.0
Unknown,Dawn,6,Monday,1,1,1.0
Unknown,Daylight,6,Saturday,2,2,1.0
Unknown,Daylight,6,Thursday,1,1,1.0
Unknown,Daylight,7,Friday,2,2,1.0
Unknown,Daylight,7,Saturday,1,2,2.0
Unknown,Daylight,7,Wednesday,2,2,1.0
Unknown,Daylight,8,Monday,2,2,1.0
Unknown,Daylight,8,Thursday,1,1,1.0
Unknown,Daylight,8,Tuesday,1,1,1.0
Unknown,Daylight,9,Monday,2,2,1.0
Unknown,Daylight,9,Saturday,3,3,1.0
Unknown,Daylight,9,Tuesday,1,1,1.0
Unknown,Daylight,10,Friday,1,2,2.0
Unknown,Daylight,10,Saturday,1,1,1.0
Unknown,Daylight,10,Sunday,1,2,2.0
Unknown,Daylight,10,Wednesday,2,2,1.0
Unknown,Daylight,11,Sunday,2,3,1.5
Unknown,Daylight,11,Thursday,2,2,1.0
Unknown,Daylight,11,Wednesday,1,1,1.0
Unknown,Daylight,12,Friday,1,1,1.0
Unknown,Daylight,12,Saturday,2,2,1.0
Unknown,Daylight,12,Sunday,1,1,1.0
Unknown,Daylight,12,Thursday,2,2,1.0
Unknown,Daylight,12,Tuesday,3,3,1.0
Unknown,Daylight,13,Friday,1,1,1.0
Unknown,Daylight,13,Saturday,3,3,1.0
Unknown,Daylight,13,Thursday,2,2,1.0
Unknown,Daylight,13,Tuesday,1,1,1.0
Unknown,Daylight,14,Friday,2,2,1.0
Unknown,Daylight,14,Saturday,1,1,1.0
Unknown,Daylight,14,Sunday,2,2,1.0
Unknown,Daylight,14,Thursday,1,1,1.0
Unknown,Daylight,14,Tuesday,1,1,1.0
Unknown,Daylight,15,Friday,1,2,2.0
Unknown,Daylight,15,Monday,3,4,1.3333333333333333
Unknown,Daylight,15,Saturday,2,2,1.0
Unknown,Daylight,15,Sunday,1,2,2.0
Unknown,Daylight,15,Wednesday,1,2,2.0
Unknown,Daylight,16,Saturday,1,1,1.0
Unknown,Daylight,16,Thursday,3,3,1.0
Unknown,Daylight,16,Tuesday,2,2,1.0
Unknown,Daylight,17,Saturday,1,1,1.0
Unknown,Daylight,17,Sunday,1,1,1.0
Unknown,Daylight,17,Thursday,1,1,1.0
Unknown,Daylight,17,Tuesday,1,1,1.0
Unknown,Daylight,17,Wednesday,1,2,2.0
Unknown,Daylight,18,Saturday,1,1,1.0
Unknown,Daylight,19,Sunday,1,1,1.0
Unknown,Daylight,19,Tuesday,1,1,1.0
Unknown,Daylight,21,Friday,1,1,1.0
Unknown,Daylight,99,Monday,2,2,1.0
Unknown,Daylight,99,Tuesday,3,3,1.0
Unknown,Daylight,99,Wednesday,2,2,1.0
Unknown,Dusk,17,Thursday,1,1,1.0
Unknown,Dusk,20,Monday,1,3,3.0
Unknown,Dusk,20,Thursday,1,1,1.0
Unknown,Dusk,20,Tuesday,1,1,1.0
Unknown,Dusk,20,Wednesday,2,2,1.0
Unknown,Other,14,Tuesday,1,2,2.0
Unknown,Other,17,Sunday,1,1,1.0
Unknown,Unknown,0,Saturday,1,1,1.0
Unknown,Unknown,0,Sunday,1,1,1.0
Unknown,Unknown,0,Tuesday,1,1,1.0
Unknown,Unknown,1,Saturday,1,1,1.0
Unknown,Unknown,2,Friday,1,1,1.0
Unknown,Unknown,3,Saturday,2,2,1.0
Unknown,Unknown,3,Sunday,1,1,1.0
Unknown,Unknown,3,Thursday,1,1,1.0
Unknown,Unknown,5,Thursday,1,1,1.0
Unknown,Unknown,5,Wednesday,1,1,1.0
Unknown,Unknown,6,Saturday,2,2,1.0
Unknown,Unknown,6,Sunday,2,2,1.0
Unknown,Unknown,6,Tuesday,2,2,1.0
Unknown,Unknown,7,Monday,3,3,1.0
Unknown,Unknown,7,Saturday,2,2,1.0
Unknown,Unknown,7,Sunday,1,1,1.0
Unknown,Unknown,7,Thursday,1,3,3.0
Unknown,Unknown,7,Tuesday,1,1,1.0
Unknown,Unknown,8,Sunday,1,1,1.0
Unknown,Unknown,8,Tuesday,1,1,1.0
Unknown,Unknown,9,Friday,1,1,1.0
Unknown,Unknown,9,Monday,2,2,1.0
Unknown,Unknown,9,Saturday,1,1,1.0
Unknown,Unknown,9,Sunday,2,2,1.0
Unknown,Unknown,9,Tuesday,2,2,1.0
Unknown,Unknown,9,Wednesday,1,2,2.0
Unknown,Unknown,10,Friday,2,3,1.5
Unknown,Unknown,10,Thursday,2,2,1.0
Unknown,Unknown,10,Tuesday,3,3,1.0
Unknown,Unknown,11,Friday,2,2,1.0
Unknown,Unknown,11,Monday,2,2,1.0
Unknown,Unknown,11,Saturday,3,4,1.3333333333333333
Unknown,Unknown,11,Sunday,1,2,2.0
Unknown,Unknown,12,Friday,2,2,1.0
Unknown,Unknown,12,Saturday,2,2,1.0
Unknown,Unknown,12,Sunday,1,1,1.0
Unknown,Unknown,12,Thursday,2,2,1.0
Unknown,Unknown,12,Wednesday,1,1,1.0
Unknown,Unknown,13,Saturday,1,1,1.0
Unknown,Unknown,13,Thursday,1,1,1.0
Unknown,Unknown,14,Monday,2,3,1.5
Unknown,Unknown,14,Thursday,1,1,1.0
Unknown,Unknown,14,Tuesday,3,3,1.0
Unknown,Unknown,15,Saturday,1,1,1.0
Unknown,Unknown,15,Thursday,1,1,1.0
Unknown,Unknown,15,Wednesday,1,1,1.0
Unknown,Unknown,16,Friday,1,1,1.0
Unknown,Unknown,16,Monday,2,2,1.0
Unknown,Unknown,16,Sunday,1,1,1.0
Unknown,Unknown,16,Thursday,2,2,1.0
Unknown,Unknown,17,Saturday,1,1,1.0
Unknown,Unknown,17,Tuesday,1,1,1.0
Unknown,Unknown,17,Wednesday,1,1,1.0
Unknown,Unknown,18,Friday,1,1,1.0
Unknown,Unknown,18,Sunday,2,2,1.0
Unknown,Unknown,18,Thursday,1,1,1.0
Unknown,Unknown,18,Tuesday,3,3,1.0
Unknown,Unknown,18,Wednesday,1,1,1.0
Unknown,Unknown,19,Monday,1,1,1.0
Unknown,Unknown,19,Saturday,3,3,1.0
Unknown,Unknown,19,Sunday,3,4,1.3333333333333333
Unknown,Unknown,19,Thursday,2,2,1.0
Unknown,Unknown,20,Friday,1,1,1.0
Unknown,Unknown,20,Saturday,1,1,1.0
Unknown,Unknown,20,Thursday,1,1,1.0
Unknown,Unknown,21,Friday,1,1,1.0
Unknown,Unknown,21,Saturday,1,1,1.0
Unknown,Unknown,21,Tuesday,1,1,1.0
Unknown,Unknown,22,Saturday,3,3,1.0
Unknown,Unknown,23,Friday,1,2,2.0
Unknown,Unknown,99,Friday,4,4,1.0
Unknown,Unknown,99,Monday,14,14,1.0
Unknown,Unknown,99,Saturday,11,11,1.0
Unknown,Unknown,99,Sunday,14,15,1.0714285714285714
Unknown,Unknown,99,Thursday,10,10,1.0
Unknown,Unknown,99,Tuesday,13,14,1.0769230769230769
Unknown,Unknown,99,Wednesday,10,10,1.0
