Crash ID,CrashDate,CountyName,Fatals,Peds,Persons,State,StateName,TotalVehicles,Crash Date,Latitude,Longitude,Weather,Weather Name,Road Function,Road Function Name,Light Condition,Light Condition Name,Manner of Collision,Manner of Collision Name,Speed Limit,Speed Limit Name,Harmful Event,Harmful Event Name,Drunk Drivers,City,City Name,Functional System,Functional System Name,Work Zone,Work Zone Name
10015,/Date(1641590880000-0500)/,MONROE (99),1,0,2,1,Alabama,1,2022-01-07 16:28,31.48611389,-87.285933330,1,Clear,,,1,Daylight,0,The First Harmful Event was Not a Collision with a Motor Vehicle in Transport,0,No Special Jurisdiction,42,Tree (Standing Only),,0,NOT APPLICABLE,5,Major Collector,0,None
10020,/Date(1641773700000-0500)/,ELMORE (51),1,0,1,1,Alabama,1,2022-01-09 19:15,32.57847778,-86.121947220,1,Clear,,,2,Dark - Not Lighted,0,The First Harmful Event was Not a Collision with a Motor Vehicle in Transport,0,No Special Jurisdiction,34,Ditch,,0,NOT APPLICABLE,7,Local,0,None
10017,/Date(1641696900000-0500)/,LOWNDES (85),1,0,1,1,Alabama,1,2022-01-08 21:55,32.13576389,-86.442897220,1,Clear,,,2,Dark - Not Lighted,0,The First Harmful Event was Not a Collision with a Motor Vehicle in Transport,0,No Special Jurisdiction,35,Embankment,,0,NOT APPLICABLE,1,Interstate,0,None
10012,/Date(1641432300000-0500)/,TUSCALOOSA (125),2,0,2,1,Alabama,2,2022-01-05 20:25,33.23704167,-87.605330560,10,Cloudy,,,3,Dark - Lighted,0,The First Harmful Event was Not a Collision with a Motor Vehicle in Transport,0,No Special Jurisdiction,11,Live Animal,,2260,NORTHPORT,3,Principal Arterial - Other,0,None
10021,/Date(1641840600000-0500)/,MOBILE (97),1,0,1,1,Alabama,1,2022-01-10 13:50,31.09250833,-88.399522220,1,Clear,,,1,Daylight,0,The First Harmful Event was Not a Collision with a Motor Vehicle in Transport,0,No Special Jurisdiction,42,Tree (Standing Only),,0,NOT APPLICABLE,5,Major Collector,0,None
10014,/Date(1641553200000-0500)/,MOBILE (97),1,0,3,1,Alabama,2,2022-01-07 06:00,30.94694722,-88.220016670,1,Clear,,,4,Dawn,2,Front-to-Front,0,No Special Jurisdiction,12,Motor Vehicle In-Transport,,0,NOT APPLICABLE,3,Principal Arterial - Other,0,None
10013,/Date(1641509400000-0500)/,ST. CLAIR (115),1,0,4,1,Alabama,2,2022-01-06 17:50,33.59309722,-86.263825000,10,Cloudy,,,2,Dark - Not Lighted,2,Front-to-Front,0,No Special Jurisdiction,12,Motor Vehicle In-Transport,,2410,PELL CITY,4,Minor Arterial,0,None
10016,/Date(1641690900000-0500)/,WASHINGTON (129),1,0,1,1,Alabama,1,2022-01-08 20:15,31.45677500,-87.959591670,1,Clear,,,2,Dark - Not Lighted,0,The First Harmful Event was Not a Collision with a Motor Vehicle in Transport,0,No Special Jurisdiction,42,Tree (Standing Only),,0,NOT APPLICABLE,7,Local,0,None
10018,/Date(1641750780000-0500)/,LIMESTONE (83),1,0,1,1,Alabama,1,2022-01-09 12:53,34.63883056,-86.849597220,2,Rain,,,1,Daylight,0,The First Harmful Event was Not a Collision with a Motor Vehicle in Transport,0,No Special Jurisdiction,30,Utility Pole/Light Support,,9997,Other,1,Interstate,0,None
10019,/Date(1641706200000-0500)/,MOBILE (97),1,1,2,1,Alabama,1,2022-01-09 00:30,30.46496944,-88.116866670,10,Cloudy,,,2,Dark - Not Lighted,0,The First Harmful Event was Not a Collision with a Motor Vehicle in Transport,0,No Special Jurisdiction,8,Pedestrian,,0,NOT APPLICABLE,6,Minor Collector,0,None
10023,/Date(1642120200000-0500)/,DALE (45),1,0,2,1,Alabama,2,2022-01-13 19:30,31.30541111,-85.736783330,1,Clear,,,5,Dusk,6,Angle,0,No Special Jurisdiction,12,Motor Vehicle In-Transport,,845,DALEVILLE,3,Principal Arterial - Other,0,None
10024,/Date(1642296540000-0500)/,JEFFERSON (73),1,0,4,1,Alabama,3,2022-01-15 20:29,33.64117778,-86.725130560,2,Rain,,,2,Dark - Not Lighted,1,Front-to-Rear,0,No Special Jurisdiction,12,Motor Vehicle In-Transport,,0,NOT APPLICABLE,3,Principal Arterial - Other,0,None
10025,/Date(1642306140000-0500)/,JEFFERSON (73),1,1,1,1,Alabama,1,2022-01-15 23:09,33.59028333,-86.740366670,2,Rain,,,3,Dark - Lighted,0,The First Harmful Event was Not a Collision with a Motor Vehicle in Transport,0,No Special Jurisdiction,8,Pedestrian,,350,BIRMINGHAM,4,Minor Arterial,0,None
10022,/Date(1641931200000-0500)/,SHELBY (117),1,0,1,1,Alabama,1,2022-01-11 15:00,33.11705833,-86.861263890,10,Cloudy,,,1,Daylight,0,The First Harmful Event was Not a Collision with a Motor Vehicle in Transport,0,No Special Jurisdiction,1,Rollover/Overturn,,2120,MONTEVALLO,5,Major Collector,0,None
10026,/Date(1642392000000-0500)/,JEFFERSON (73),1,1,2,1,Alabama,2,2022-01-16 23:00,33.66512500,-87.049263890,10,Cloudy,,,2,Dark - Not Lighted,0,The First Harmful Event was Not a Collision with a Motor Vehicle in Transport,0,No Special Jurisdiction,8,Pedestrian,,0,NOT APPLICABLE,1,Interstate,0,None
10027,/Date(1646596680000-0500)/,JACKSON (71),1,0,1,1,Alabama,1,2022-03-06 14:58,34.86851389,-85.838483330,1,Clear,,,1,Daylight,0,The First Harmful Event was Not a Collision with a Motor Vehicle in Transport,0,No Special Jurisdiction,10,Railway Vehicle,,2850,STEVENSON,5,Major Collector,0,None
10030,/Date(1642418400000-0500)/,DEKALB (49),1,0,1,1,Alabama,1,2022-01-17 06:20,34.70282500,-85.671994440,11,Blowing Snow,,,4,Dawn,0,The First Harmful Event was Not a Collision with a Motor Vehicle in Transport,0,No Special Jurisdiction,34,Ditch,,1745,IDER,4,Minor Arterial,0,None
10028,/Date(1642481100000-0500)/,MONTGOMERY (101),1,1,1,1,Alabama,1,2022-01-17 23:45,32.38228056,-86.184902780,1,Clear,,,3,Dark - Lighted,0,The First Harmful Event was Not a Collision with a Motor Vehicle in Transport,0,No Special Jurisdiction,8,Pedestrian,,2130,MONTGOMERY,3,Principal Arterial - Other,0,None
10031,/Date(1642456800000-0500)/,CULLMAN (43),1,0,1,1,Alabama,1,2022-01-17 17:00,34.01850833,-86.963044440,1,Clear,,,5,Dusk,0,The First Harmful Event was Not a Collision with a Motor Vehicle in Transport,0,No Special Jurisdiction,32,Culvert,,0,NOT APPLICABLE,6,Minor Collector,0,None
10029,/Date(1642424940000-0500)/,MADISON (89),1,0,2,1,Alabama,2,2022-01-17 08:09,34.66798056,-86.752094440,10,Cloudy,,,1,Daylight,6,Angle,0,No Special Jurisdiction,12,Motor Vehicle In-Transport,,1730,HUNTSVILLE,4,Minor Arterial,0,None
10033,/Date(1642893480000-0500)/,CALHOUN (15),1,0,1,1,Alabama,1,2022-01-22 18:18,33.83731111,-85.671269440,1,Clear,,,2,Dark - Not Lighted,0,The First Harmful Event was Not a Collision with a Motor Vehicle in Transport,0,No Special Jurisdiction,1,Rollover/Overturn,,0,NOT APPLICABLE,4,Minor Arterial,0,None
10034,/Date(1642851360000-0500)/,JEFFERSON (73),1,0,1,1,Alabama,1,2022-01-22 06:36,33.58305833,-86.718238890,1,Clear,,,1,Daylight,0,The First Harmful Event was Not a Collision with a Motor Vehicle in Transport,0,No Special Jurisdiction,42,Tree (Standing Only),,350,BIRMINGHAM,4,Minor Arterial,0,None
10036,/Date(1642811160000-0500)/,MOBILE (97),1,0,1,1,Alabama,1,2022-01-21 19:26,30.66251389,-88.093497220,1,Clear,,,3,Dark - Lighted,0,The First Harmful Event was Not a Collision with a Motor Vehicle in Transport,0,No Special Jurisdiction,59,Traffic Sign Support ,,2100,MOBILE,4,Minor Arterial,0,None
10032,/Date(1642967340000-0500)/,BALDWIN (3),1,0,1,1,Alabama,1,2022-01-23 14:49,30.61838611,-87.725238890,1,Clear,,,1,Daylight,0,The First Harmful Event was Not a Collision with a Motor Vehicle in Transport,0,No Special Jurisdiction,42,Tree (Standing Only),,1943,LOXLEY,5,Major Collector,0,None
10035,/Date(1642768200000-0500)/,MORGAN (103),1,0,1,1,Alabama,1,2022-01-21 07:30,34.41721944,-87.020855560,10,Cloudy,,,1,Daylight,0,The First Harmful Event was Not a Collision with a Motor Vehicle in Transport,0,No Special Jurisdiction,1,Rollover/Overturn,,0,NOT APPLICABLE,7,Local,0,None
10040,/Date(1642496400000-0500)/,BUTLER (13),1,0,1,1,Alabama,1,2022-01-18 04:00,31.57203333,-86.851888890,1,Clear,,,2,Dark - Not Lighted,0,The First Harmful Event was Not a Collision with a Motor Vehicle in Transport,0,No Special Jurisdiction,18,Other Object (not fixed),,0,NOT APPLICABLE,1,Interstate,0,None
10038,/Date(1642507860000-0500)/,ST. CLAIR (115),1,0,1,1,Alabama,1,2022-01-18 07:11,33.56593056,-86.521772220,1,Clear,,,1,Daylight,0,The First Harmful Event was Not a Collision with a Motor Vehicle in Transport,0,No Special Jurisdiction,21,Bridge Pier or Support,,0,NOT APPLICABLE,1,Interstate,0,None
10041,/Date(1642595940000-0500)/,JEFFERSON (73),1,1,1,1,Alabama,1,2022-01-19 07:39,33.45934722,-86.839680560,1,Clear,,,1,Daylight,0,The First Harmful Event was Not a Collision with a Motor Vehicle in Transport,0,No Special Jurisdiction,8,Pedestrian,,1710,HOMEWOOD,4,Minor Arterial,0,None
10042,/Date(1642630500000-0500)/,ESCAMBIA (53),1,0,5,1,Alabama,2,2022-01-19 17:15,31.02589722,-87.325416670,1,Clear,,,2,Dark - Not Lighted,2,Front-to-Front,0,No Special Jurisdiction,12,Motor Vehicle In-Transport,,0,NOT APPLICABLE,4,Minor Arterial,0,None
10039,/Date(1642509540000-0500)/,MORGAN (103),1,0,5,1,Alabama,3,2022-01-18 07:39,34.44036389,-86.965133330,1,Clear,,,1,Daylight,6,Angle,0,No Special Jurisdiction,12,Motor Vehicle In-Transport,,1590,HARTSELLE,3,Principal Arterial - Other,0,None
10037,/Date(1642519800000-0500)/,CALHOUN (15),1,0,1,1,Alabama,1,2022-01-18 10:30,33.78313889,-86.010716670,1,Clear,,,1,Daylight,0,The First Harmful Event was Not a Collision with a Motor Vehicle in Transport,0,No Special Jurisdiction,30,Utility Pole/Light Support,,2325,OHATCHEE,7,Local,0,None
10043,/Date(1642970160000-0500)/,DALLAS (47),1,0,5,1,Alabama,1,2022-01-23 15:36,32.44075833,-87.215372220,1,Clear,,,1,Daylight,0,The First Harmful Event was Not a Collision with a Motor Vehicle in Transport,0,No Special Jurisdiction,10,Railway Vehicle,,0,NOT APPLICABLE,5,Major Collector,0,None
10046,/Date(1643142000000-0500)/,COVINGTON (39),2,0,2,1,Alabama,1,2022-01-25 15:20,31.47968611,-86.347869440,10,Cloudy,,,1,Daylight,0,The First Harmful Event was Not a Collision with a Motor Vehicle in Transport,0,No Special Jurisdiction,1,Rollover/Overturn,,0,NOT APPLICABLE,5,Major Collector,0,None
10045,/Date(1643073480000-0500)/,MORGAN (103),1,0,1,1,Alabama,1,2022-01-24 20:18,34.50578611,-86.984386110,1,Clear,,,2,Dark - Not Lighted,0,The First Harmful Event was Not a Collision with a Motor Vehicle in Transport,0,No Special Jurisdiction,42,Tree (Standing Only),,890,DECATUR,5,Major Collector,0,None
10044,/Date(1643070240000-0500)/,MOBILE (97),1,1,1,1,Alabama,1,2022-01-24 19:24,30.55628056,-88.185830560,2,Rain,,,2,Dark - Not Lighted,0,The First Harmful Event was Not a Collision with a Motor Vehicle in Transport,0,No Special Jurisdiction,8,Pedestrian,,0,NOT APPLICABLE,3,Principal Arterial - Other,0,None
10047,/Date(1643219400000-0500)/,COFFEE (31),1,0,3,1,Alabama,3,2022-01-26 12:50,31.32804722,-85.886950000,1,Clear,,,1,Daylight,8,Sideswipe - Opposite Direction,0,No Special Jurisdiction,12,Motor Vehicle In-Transport,,1030,ENTERPRISE,3,Principal Arterial - Other,0,None
10049,/Date(1643318880000-0500)/,CALHOUN (15),1,0,2,1,Alabama,2,2022-01-27 16:28,33.69978333,-85.808647220,1,Clear,,,1,Daylight,6,Angle,0,No Special Jurisdiction,12,Motor Vehicle In-Transport,,100,ANNISTON,3,Principal Arterial - Other,0,None
10048,/Date(1643281560000-0500)/,LAWRENCE (79),1,0,2,1,Alabama,2,2022-01-27 06:06,34.53784167,-87.159097220,1,Clear,,,2,Dark - Not Lighted,6,Angle,0,No Special Jurisdiction,12,Motor Vehicle In-Transport,,0,NOT APPLICABLE,3,Principal Arterial - Other,0,None
10051,/Date(1643551260000-0500)/,LEE (81),1,0,1,1,Alabama,1,2022-01-30 09:01,32.58450000,-85.432338890,1,Clear,,,1,Daylight,0,The First Harmful Event was Not a Collision with a Motor Vehicle in Transport,0,No Special Jurisdiction,21,Bridge Pier or Support,,200,AUBURN,4,Minor Arterial,0,None
10050,/Date(1643597160000-0500)/,JEFFERSON (73),1,0,2,1,Alabama,1,2022-01-30 21:46,33.55848611,-87.131522220,1,Clear,,,2,Dark - Not Lighted,0,The First Harmful Event was Not a Collision with a Motor Vehicle in Transport,0,No Special Jurisdiction,42,Tree (Standing Only),,0,NOT APPLICABLE,5,Major Collector,0,None
10053,/Date(1643575200000-0500)/,JEFFERSON (73),1,0,1,1,Alabama,1,2022-01-30 15:40,33.56942500,-86.820580560,1,Clear,,,1,Daylight,0,The First Harmful Event was Not a Collision with a Motor Vehicle in Transport,0,No Special Jurisdiction,24,Guardrail Face,,0,NOT APPLICABLE,1,Interstate,0,None
10052,/Date(1643539800000-0500)/,JEFFERSON (73),1,0,2,1,Alabama,2,2022-01-30 05:50,33.61327778,-86.707877780,1,Clear,,,1,Daylight,2,Front-to-Front,0,No Special Jurisdiction,12,Motor Vehicle In-Transport,,350,BIRMINGHAM,5,Major Collector,0,None
10054,/Date(1643572380000-0500)/,ST. CLAIR (115),1,0,1,1,Alabama,1,2022-01-30 14:53,33.57163611,-86.494622220,1,Clear,,,1,Daylight,0,The First Harmful Event was Not a Collision with a Motor Vehicle in Transport,0,No Special Jurisdiction,42,Tree (Standing Only),,0,NOT APPLICABLE,1,Interstate,0,None
10057,/Date(1643920200000-0500)/,DEKALB (49),1,0,1,1,Alabama,1,2022-02-03 15:30,34.33220556,-86.022650000,2,Rain,,,1,Daylight,0,The First Harmful Event was Not a Collision with a Motor Vehicle in Transport,0,No Special Jurisdiction,1,Rollover/Overturn,,0,NOT APPLICABLE,7,Local,0,None
10055,/Date(1643626200000-0500)/,TUSCALOOSA (125),1,1,1,1,Alabama,1,2022-01-31 05:50,33.04456944,-87.383672220,1,Clear,,,2,Dark - Not Lighted,0,The First Harmful Event was Not a Collision with a Motor Vehicle in Transport,0,No Special Jurisdiction,8,Pedestrian,,0,NOT APPLICABLE,3,Principal Arterial - Other,0,None
10056,/Date(1643760480000-0500)/,JEFFERSON (73),1,0,1,1,Alabama,1,2022-02-01 19:08,33.49687500,-86.908136110,1,Clear,,,2,Dark - Not Lighted,0,The First Harmful Event was Not a Collision with a Motor Vehicle in Transport,0,No Special Jurisdiction,34,Ditch,,0,NOT APPLICABLE,1,Interstate,0,None
10058,/Date(1643916060000-0500)/,MADISON (89),1,0,1,1,Alabama,1,2022-02-03 14:21,34.58376111,-86.555630560,2,Rain,,,1,Daylight,0,The First Harmful Event was Not a Collision with a Motor Vehicle in Transport,0,No Special Jurisdiction,23,Bridge Rail (Includes parapet),,1730,HUNTSVILLE,4,Minor Arterial,0,None
10059,/Date(1643941980000-0500)/,JEFFERSON (73),1,1,1,1,Alabama,1,2022-02-03 21:33,33.47926389,-86.901675000,2,Rain,,,2,Dark - Not Lighted,0,The First Harmful Event was Not a Collision with a Motor Vehicle in Transport,0,No Special Jurisdiction,8,Pedestrian,,350,BIRMINGHAM,7,Local,0,None
10061,/Date(1643965200000-0500)/,CRENSHAW (41),1,0,1,1,Alabama,1,2022-02-04 04:00,31.73043333,-86.186075000,2,Rain,,,2,Dark - Not Lighted,0,The First Harmful Event was Not a Collision with a Motor Vehicle in Transport,0,No Special Jurisdiction,18,Other Object (not fixed),,0,NOT APPLICABLE,5,Major Collector,0,None
10060,/Date(1643992860000-0500)/,MADISON (89),1,1,3,1,Alabama,3,2022-02-04 11:41,34.84658611,-86.571436110,10,Cloudy,,,1,Daylight,0,The First Harmful Event was Not a Collision with a Motor Vehicle in Transport,0,No Special Jurisdiction,33,Curb,,0,NOT APPLICABLE,3,Principal Arterial - Other,0,None
10062,/Date(1644052800000-0500)/,MOBILE (97),1,0,1,1,Alabama,1,2022-02-05 04:20,30.43118889,-88.159925000,1,Clear,,,1,Daylight,0,The First Harmful Event was Not a Collision with a Motor Vehicle in Transport,0,No Special Jurisdiction,42,Tree (Standing Only),,0,NOT APPLICABLE,5,Major Collector,0,None
10063,/Date(1644122100000-0500)/,COLBERT (33),1,0,3,1,Alabama,1,2022-02-05 23:35,34.62912500,-87.697611110,10,Cloudy,,,2,Dark - Not Lighted,0,The First Harmful Event was Not a Collision with a Motor Vehicle in Transport,0,No Special Jurisdiction,34,Ditch,,0,NOT APPLICABLE,7,Local,0,None
10064,/Date(1644189000000-0500)/,TUSCALOOSA (125),1,0,4,1,Alabama,3,2022-02-06 18:10,33.08685833,-87.678611110,1,Clear,,,2,Dark - Not Lighted,1,Front-to-Rear,0,No Special Jurisdiction,12,Motor Vehicle In-Transport,,0,NOT APPLICABLE,1,Interstate,0,None
10065,/Date(1644393300000-0500)/,RANDOLPH (111),1,0,2,1,Alabama,2,2022-02-09 02:55,33.43500833,-85.558183330,10,Cloudy,,,2,Dark - Not Lighted,2,Front-to-Front,0,No Special Jurisdiction,12,Motor Vehicle In-Transport,,0,NOT APPLICABLE,3,Principal Arterial - Other,0,None
10066,/Date(1644541200000-0500)/,TUSCALOOSA (125),1,0,2,1,Alabama,2,2022-02-10 20:00,33.21195000,-87.559688890,1,Clear,,,3,Dark - Lighted,0,The First Harmful Event was Not a Collision with a Motor Vehicle in Transport,0,No Special Jurisdiction,1,Rollover/Overturn,,3050,TUSCALOOSA,4,Minor Arterial,0,None
10067,/Date(1644507240000-0500)/,BLOUNT (9),1,0,1,1,Alabama,3,2022-02-10 10:34,33.97541944,-86.496261110,1,Clear,,,1,Daylight,0,The First Harmful Event was Not a Collision with a Motor Vehicle in Transport,0,No Special Jurisdiction,34,Ditch,,0,NOT APPLICABLE,4,Minor Arterial,0,None
10068,/Date(1644534720000-0500)/,RUSSELL (113),2,0,4,1,Alabama,2,2022-02-10 18:12,32.14725278,-85.062461110,1,Clear,,,5,Dusk,6,Angle,0,No Special Jurisdiction,12,Motor Vehicle In-Transport,,0,NOT APPLICABLE,5,Major Collector,0,None
10069,/Date(1644595200000-0500)/,CHEROKEE (19),1,0,2,1,Alabama,2,2022-02-11 11:00,34.17228611,-85.784594440,1,Clear,,,1,Daylight,7,Sideswipe - Same Direction,0,No Special Jurisdiction,12,Motor Vehicle In-Transport,,1852,LEESBURG,6,Minor Collector,0,None
10072,/Date(1644609600000-0500)/,COVINGTON (39),1,0,3,1,Alabama,2,2022-02-11 15:00,31.40540833,-86.598791670,1,Clear,,,1,Daylight,1,Front-to-Rear,0,No Special Jurisdiction,12,Motor Vehicle In-Transport,,0,NOT APPLICABLE,4,Minor Arterial,0,None
10071,/Date(1644603900000-0500)/,JEFFERSON (73),1,0,2,1,Alabama,2,2022-02-11 13:25,33.46196667,-86.943172220,1,Clear,,,1,Daylight,1,Front-to-Rear,0,No Special Jurisdiction,12,Motor Vehicle In-Transport,,0,NOT APPLICABLE,1,Interstate,0,None
10070,/Date(1644640200000-0500)/,ETOWAH (55),1,1,1,1,Alabama,1,2022-02-11 23:30,34.01848056,-86.062091670,1,Clear,,,3,Dark - Lighted,0,The First Harmful Event was Not a Collision with a Motor Vehicle in Transport,0,No Special Jurisdiction,8,Pedestrian,,1280,GADSDEN,4,Minor Arterial,0,None
10073,/Date(1644614400000-0500)/,MADISON (89),1,0,2,1,Alabama,2,2022-02-11 16:20,34.76810556,-86.440211110,1,Clear,,,5,Dusk,6,Angle,0,No Special Jurisdiction,12,Motor Vehicle In-Transport,,0,NOT APPLICABLE,5,Major Collector,0,None
10075,/Date(1644634320000-0500)/,WALKER (127),1,0,2,1,Alabama,1,2022-02-11 21:52,33.73998889,-87.040422220,1,Clear,,,2,Dark - Not Lighted,0,The First Harmful Event was Not a Collision with a Motor Vehicle in Transport,0,No Special Jurisdiction,42,Tree (Standing Only),,2880,SUMITON,7,Local,0,None
10076,/Date(1644646500000-0500)/,HOUSTON (69),1,0,4,1,Alabama,2,2022-02-12 01:15,31.16331389,-85.402075000,1,Clear,,,2,Dark - Not Lighted,0,The First Harmful Event was Not a Collision with a Motor Vehicle in Transport,0,No Special Jurisdiction,1,Rollover/Overturn,,930,DOTHAN,3,Principal Arterial - Other,0,None
10074,/Date(1644613080000-0500)/,MADISON (89),1,0,2,1,Alabama,2,2022-02-11 15:58,34.59643889,-86.754400000,1,Clear,,,1,Daylight,1,Front-to-Rear,0,No Special Jurisdiction,12,Motor Vehicle In-Transport,,3026,TRIANA,5,Major Collector,0,None
10077,/Date(1644707160000-0500)/,MONTGOMERY (101),1,1,1,1,Alabama,1,2022-02-12 18:06,32.32766389,-86.336869440,1,Clear,,,3,Dark - Lighted,0,The First Harmful Event was Not a Collision with a Motor Vehicle in Transport,0,No Special Jurisdiction,8,Pedestrian,,2130,MONTGOMERY,3,Principal Arterial - Other,0,None
10078,/Date(1644739560000-0500)/,CHILTON (21),1,0,1,1,Alabama,1,2022-02-13 03:06,32.73781111,-86.898752780,1,Clear,,,2,Dark - Not Lighted,0,The First Harmful Event was Not a Collision with a Motor Vehicle in Transport,0,No Special Jurisdiction,30,Utility Pole/Light Support,,0,NOT APPLICABLE,4,Minor Arterial,0,None
10079,/Date(-62135578800000-0500)/,MADISON (89),1,0,1,1,Alabama,1,2022-02-13 99:99,34.56522778,-86.547022220,10,Cloudy,,,2,Dark - Not Lighted,0,The First Harmful Event was Not a Collision with a Motor Vehicle in Transport,0,No Special Jurisdiction,59,Traffic Sign Support ,,1730,HUNTSVILLE,4,Minor Arterial,1,Construction
10081,/Date(1644862680000-0500)/,LEE (81),1,0,8,1,Alabama,5,2022-02-14 13:18,32.56503056,-85.494211110,1,Clear,,,1,Daylight,1,Front-to-Rear,0,No Special Jurisdiction,12,Motor Vehicle In-Transport,,200,AUBURN,1,Interstate,2,Maintenance
10080,/Date(1644842100000-0500)/,CULLMAN (43),2,0,3,1,Alabama,3,2022-02-14 07:35,34.28983889,-86.897761110,1,Clear,,,1,Daylight,8,Sideswipe - Opposite Direction,0,No Special Jurisdiction,12,Motor Vehicle In-Transport,,0,NOT APPLICABLE,4,Minor Arterial,0,None
10082,/Date(1644876420000-0500)/,LOWNDES (85),1,0,4,1,Alabama,3,2022-02-14 17:07,32.19472778,-86.417602780,1,Clear,,,1,Daylight,1,Front-to-Rear,0,No Special Jurisdiction,12,Motor Vehicle In-Transport,,0,NOT APPLICABLE,1,Interstate,0,None
10083,/Date(1645058760000-0500)/,HOUSTON (69),1,0,4,1,Alabama,2,2022-02-16 19:46,31.30443056,-85.355716670,1,Clear,,,2,Dark - Not Lighted,1,Front-to-Rear,0,No Special Jurisdiction,12,Motor Vehicle In-Transport,,0,NOT APPLICABLE,3,Principal Arterial - Other,0,None
10084,/Date(1645052100000-0500)/,ETOWAH (55),1,0,1,1,Alabama,1,2022-02-16 17:55,34.07614444,-86.121986110,1,Clear,,,2,Dark - Not Lighted,0,The First Harmful Event was Not a Collision with a Motor Vehicle in Transport,0,No Special Jurisdiction,42,Tree (Standing Only),,0,NOT APPLICABLE,3,Principal Arterial - Other,0,None
10086,/Date(1644974880000-0500)/,LIMESTONE (83),1,1,2,1,Alabama,1,2022-02-15 20:28,34.64304444,-86.838894440,1,Clear,,,3,Dark - Lighted,0,The First Harmful Event was Not a Collision with a Motor Vehicle in Transport,0,No Special Jurisdiction,8,Pedestrian,,9997,Other,1,Interstate,0,None
10085,/Date(1645039140000-0500)/,LIMESTONE (83),1,0,2,1,Alabama,2,2022-02-16 14:19,34.89972222,-86.819622220,1,Clear,,,1,Daylight,2,Front-to-Front,0,No Special Jurisdiction,12,Motor Vehicle In-Transport,,0,NOT APPLICABLE,4,Minor Arterial,0,None
10088,/Date(1644954060000-0500)/,MORGAN (103),1,1,2,1,Alabama,2,2022-02-15 14:41,34.56833056,-86.911133330,1,Clear,,,1,Daylight,0,The First Harmful Event was Not a Collision with a Motor Vehicle in Transport,0,No Special Jurisdiction,8,Pedestrian,,890,DECATUR,1,Interstate,0,None
10087,/Date(1644923340000-0500)/,MORGAN (103),1,1,1,1,Alabama,2,2022-02-15 06:09,34.49550833,-86.846144440,1,Clear,,,4,Dawn,6,Angle,0,No Special Jurisdiction,12,Motor Vehicle In-Transport,,2545,PRICEVILLE,3,Principal Arterial - Other,0,None
10089,/Date(1645026600000-0500)/,LAWRENCE (79),1,0,2,1,Alabama,2,2022-02-16 10:50,34.64899167,-87.168286110,1,Clear,,,1,Daylight,6,Angle,0,No Special Jurisdiction,12,Motor Vehicle In-Transport,,0,NOT APPLICABLE,3,Principal Arterial - Other,0,None
10090,/Date(1645123500000-0500)/,TUSCALOOSA (125),1,0,4,1,Alabama,2,2022-02-17 13:45,33.12255278,-87.658130560,1,Clear,,,1,Daylight,2,Front-to-Front,0,No Special Jurisdiction,12,Motor Vehicle In-Transport,,0,NOT APPLICABLE,5,Major Collector,0,None
10093,/Date(1645196580000-0500)/,LAUDERDALE (77),1,0,2,1,Alabama,2,2022-02-18 10:03,34.90004444,-87.531780560,1,Clear,,,1,Daylight,1,Front-to-Rear,0,No Special Jurisdiction,12,Motor Vehicle In-Transport,,0,NOT APPLICABLE,3,Principal Arterial - Other,0,None
10094,/Date(1645197720000-0500)/,JEFFERSON (73),1,1,3,1,Alabama,1,2022-02-18 10:22,33.60484722,-86.700233330,10,Cloudy,,,1,Daylight,0,The First Harmful Event was Not a Collision with a Motor Vehicle in Transport,0,No Special Jurisdiction,15,Non-Motorist on Personal Conveyance,,350,BIRMINGHAM,4,Minor Arterial,0,None
10091,/Date(1645140600000-0500)/,MOBILE (97),1,1,1,1,Alabama,1,2022-02-17 18:30,30.49632222,-88.217036110,10,Cloudy,,,2,Dark - Not Lighted,0,The First Harmful Event was Not a Collision with a Motor Vehicle in Transport,0,No Special Jurisdiction,8,Pedestrian,,0,NOT APPLICABLE,4,Minor Arterial,0,None
10092,/Date(1645182660000-0500)/,LEE (81),1,0,2,1,Alabama,2,2022-02-18 06:11,32.43865278,-85.377144440,10,Cloudy,,,4,Dawn,2,Front-to-Front,0,No Special Jurisdiction,12,Motor Vehicle In-Transport,,0,NOT APPLICABLE,3,Principal Arterial - Other,0,None
10097,/Date(1645394880000-0500)/,MONTGOMERY (101),1,0,3,1,Alabama,1,2022-02-20 17:08,32.39820833,-86.107825000,1,Clear,,,1,Daylight,0,The First Harmful Event was Not a Collision with a Motor Vehicle in Transport,0,No Special Jurisdiction,30,Utility Pole/Light Support,,0,NOT APPLICABLE,4,Minor Arterial,0,None
10096,/Date(1645355880000-0500)/,ST. CLAIR (115),1,0,1,1,Alabama,1,2022-02-20 06:18,33.56252222,-86.541430560,1,Clear,,,1,Daylight,0,The First Harmful Event was Not a Collision with a Motor Vehicle in Transport,0,No Special Jurisdiction,52,Guardrail End,,0,NOT APPLICABLE,1,Interstate,0,None
10095,/Date(1645324200000-0500)/,DALLAS (47),1,0,1,1,Alabama,1,2022-02-19 21:30,32.40913056,-87.083069440,1,Clear,,,2,Dark - Not Lighted,0,The First Harmful Event was Not a Collision with a Motor Vehicle in Transport,0,No Special Jurisdiction,32,Culvert,,0,NOT APPLICABLE,4,Minor Arterial,0,None
10098,/Date(1645455480000-0500)/,ELMORE (51),1,0,1,1,Alabama,1,2022-02-21 09:58,32.58481111,-85.939763890,2,Rain,,,1,Daylight,0,The First Harmful Event was Not a Collision with a Motor Vehicle in Transport,0,No Special Jurisdiction,35,Embankment,,2940,TALLASSEE,4,Minor Arterial,0,None
10100,/Date(1645477800000-0500)/,DEKALB (49),2,0,3,1,Alabama,1,2022-02-21 16:10,34.27925833,-85.877058330,2,Rain,,,1,Daylight,0,The First Harmful Event was Not a Collision with a Motor Vehicle in Transport,0,No Special Jurisdiction,42,Tree (Standing Only),,0,NOT APPLICABLE,1,Interstate,0,None
10099,/Date(1645456200000-0500)/,PICKENS (107),1,0,2,1,Alabama,2,2022-02-21 10:10,33.22170000,-88.096527780,2,Rain,,,1,Daylight,2,Front-to-Front,0,No Special Jurisdiction,12,Motor Vehicle In-Transport,,0,NOT APPLICABLE,4,Minor Arterial,0,None
10101,/Date(1645493340000-0500)/,CALHOUN (15),1,1,3,1,Alabama,2,2022-02-21 20:29,33.78220278,-85.896522220,2,Rain,,,3,Dark - Lighted,0,The First Harmful Event was Not a Collision with a Motor Vehicle in Transport,0,No Special Jurisdiction,8,Pedestrian,,0,NOT APPLICABLE,3,Principal Arterial - Other,0,None
10102,/Date(1645526700000-0500)/,MOBILE (97),1,0,2,1,Alabama,2,2022-02-22 05:45,30.89233056,-88.124461110,10,Cloudy,,,4,Dawn,6,Angle,0,No Special Jurisdiction,12,Motor Vehicle In-Transport,,2713,SARALAND,5,Major Collector,0,None
10103,/Date(1645672860000-0500)/,ETOWAH (55),1,0,1,1,Alabama,1,2022-02-23 22:21,33.94503056,-86.027911110,1,Clear,,,6,Dark - Unknown Lighting,0,The First Harmful Event was Not a Collision with a Motor Vehicle in Transport,0,No Special Jurisdiction,35,Embankment,,2562,RAINBOW CITY,3,Principal Arterial - Other,0,None
10104,/Date(1645680240000-0500)/,BALDWIN (3),1,0,2,1,Alabama,2,2022-02-24 00:24,30.63296389,-87.786594440,1,Clear,,,2,Dark - Not Lighted,1,Front-to-Rear,0,No Special Jurisdiction,12,Motor Vehicle In-Transport,,0,NOT APPLICABLE,4,Minor Arterial,0,None
10105,/Date(1645710360000-0500)/,HOUSTON (69),1,0,8,1,Alabama,2,2022-02-24 08:46,31.27207500,-85.432241670,10,Cloudy,,,1,Daylight,6,Angle,0,No Special Jurisdiction,12,Motor Vehicle In-Transport,,930,DOTHAN,4,Minor Arterial,0,None
10106,/Date(1645730400000-0500)/,CALHOUN (15),1,0,2,1,Alabama,2,2022-02-24 14:20,33.61908056,-85.924677780,1,Clear,,,1,Daylight,1,Front-to-Rear,0,No Special Jurisdiction,12,Motor Vehicle In-Transport,,2370,OXFORD,4,Minor Arterial,0,None
10107,/Date(1645743600000-0500)/,LAUDERDALE (77),1,0,2,1,Alabama,2,2022-02-24 18:00,34.88615556,-87.613613890,10,Cloudy,,,5,Dusk,1,Front-to-Rear,0,No Special Jurisdiction,12,Motor Vehicle In-Transport,,0,NOT APPLICABLE,5,Major Collector,0,None
10109,/Date(1645753200000-0500)/,CULLMAN (43),1,0,1,1,Alabama,1,2022-02-24 20:40,34.06514722,-86.921416670,10,Cloudy,,,2,Dark - Not Lighted,0,The First Harmful Event was Not a Collision with a Motor Vehicle in Transport,0,No Special Jurisdiction,34,Ditch,,0,NOT APPLICABLE,5,Major Collector,0,None
10108,/Date(1645750500000-0500)/,DEKALB (49),1,0,1,1,Alabama,1,2022-02-24 19:55,34.33880000,-86.081150000,10,Cloudy,,,2,Dark - Not Lighted,0,The First Harmful Event was Not a Collision with a Motor Vehicle in Transport,0,No Special Jurisdiction,35,Embankment,,0,NOT APPLICABLE,6,Minor Collector,0,None
10110,/Date(1645841400000-0500)/,LOWNDES (85),1,1,1,1,Alabama,1,2022-02-25 21:10,32.00650000,-86.522202780,1,Clear,,,2,Dark - Not Lighted,0,The First Harmful Event was Not a Collision with a Motor Vehicle in Transport,0,No Special Jurisdiction,8,Pedestrian,,0,NOT APPLICABLE,1,Interstate,0,None
10111,/Date(1645848900000-0500)/,MORGAN (103),1,0,3,1,Alabama,2,2022-02-25 23:15,34.50842222,-86.898950000,1,Clear,,,2,Dark - Not Lighted,6,Angle,0,No Special Jurisdiction,12,Motor Vehicle In-Transport,,0,NOT APPLICABLE,1,Interstate,0,None
10112,/Date(1645847100000-0500)/,COOSA (37),1,0,1,1,Alabama,1,2022-02-25 22:45,32.98411667,-86.065691670,1,Clear,,,3,Dark - Lighted,0,The First Harmful Event was Not a Collision with a Motor Vehicle in Transport,0,No Special Jurisdiction,35,Embankment,,0,NOT APPLICABLE,3,Principal Arterial - Other,0,None
10113,/Date(1645857300000-0500)/,ELMORE (51),2,0,4,1,Alabama,2,2022-02-26 01:35,32.53178333,-86.325488890,1,Clear,,,3,Dark - Lighted,2,Front-to-Front,0,No Special Jurisdiction,12,Motor Vehicle In-Transport,,0,NOT APPLICABLE,4,Minor Arterial,0,None
10114,/Date(1645875540000-0500)/,CULLMAN (43),1,0,2,1,Alabama,2,2022-02-26 06:39,34.17120000,-86.687375000,1,Clear,,,4,Dawn,2,Front-to-Front,0,No Special Jurisdiction,12,Motor Vehicle In-Transport,,0,NOT APPLICABLE,3,Principal Arterial - Other,0,None
10117,/Date(1645943100000-0500)/,FRANKLIN (59),1,0,1,1,Alabama,1,2022-02-27 01:25,34.47198889,-87.697647220,2,Rain,,,2,Dark - Not Lighted,0,The First Harmful Event was Not a Collision with a Motor Vehicle in Transport,0,No Special Jurisdiction,52,Guardrail End,,0,NOT APPLICABLE,5,Major Collector,0,None
10115,/Date(1645921500000-0500)/,BALDWIN (3),1,0,1,1,Alabama,1,2022-02-26 19:25,30.46563889,-87.509913890,1,Clear,,,2,Dark - Not Lighted,0,The First Harmful Event was Not a Collision with a Motor Vehicle in Transport,0,No Special Jurisdiction,1,Rollover/Overturn,,0,NOT APPLICABLE,7,Local,0,None
10116,/Date(1645854000000-0500)/,JEFFERSON (73),1,0,1,1,Alabama,3,2022-02-26 00:40,33.51233611,-86.810261110,1,Clear,,,3,Dark - Lighted,0,The First Harmful Event was Not a Collision with a Motor Vehicle in Transport,0,No Special Jurisdiction,14,Parked Motor Vehicle,,350,BIRMINGHAM,3,Principal Arterial - Other,0,None
10118,/Date(1645956600000-0500)/,LAMAR (75),1,0,1,1,Alabama,1,2022-02-27 05:10,33.93662778,-88.005683330,2,Rain,,,2,Dark - Not Lighted,0,The First Harmful Event was Not a Collision with a Motor Vehicle in Transport,0,No Special Jurisdiction,34,Ditch,,290,BEAVERTON,4,Minor Arterial,0,None
10119,/Date(1646140260000-0500)/,DALE (45),1,0,1,1,Alabama,1,2022-03-01 08:11,31.29242500,-85.489569440,1,Clear,,,1,Daylight,0,The First Harmful Event was Not a Collision with a Motor Vehicle in Transport,0,No Special Jurisdiction,34,Ditch,,0,NOT APPLICABLE,4,Minor Arterial,0,None
10121,/Date(1646290800000-0500)/,COFFEE (31),1,0,1,1,Alabama,1,2022-03-03 02:00,31.35221389,-86.127486110,1,Clear,,,2,Dark - Not Lighted,0,The First Harmful Event was Not a Collision with a Motor Vehicle in Transport,0,No Special Jurisdiction,59,Traffic Sign Support ,,0,NOT APPLICABLE,5,Major Collector,0,None
10120,/Date(1646213400000-0500)/,LIMESTONE (83),2,0,2,1,Alabama,1,2022-03-02 04:30,34.90630833,-86.906769440,1,Clear,,,2,Dark - Not Lighted,0,The First Harmful Event was Not a Collision with a Motor Vehicle in Transport,0,No Special Jurisdiction,52,Guardrail End,,0,NOT APPLICABLE,1,Interstate,0,None
10122,/Date(1646348520000-0500)/,MONTGOMERY (101),1,1,1,1,Alabama,1,2022-03-03 18:02,32.39997500,-86.281941670,1,Clear,,,5,Dusk,0,The First Harmful Event was Not a Collision with a Motor Vehicle in Transport,0,No Special Jurisdiction,8,Pedestrian,,2130,MONTGOMERY,7,Local,0,None
10123,/Date(1646356680000-0500)/,MADISON (89),2,2,1,1,Alabama,1,2022-03-03 20:18,34.72006389,-86.600072220,1,Clear,,,1,Daylight,0,The First Harmful Event was Not a Collision with a Motor Vehicle in Transport,0,No Special Jurisdiction,8,Pedestrian,,1730,HUNTSVILLE,3,Principal Arterial - Other,0,None
10125,/Date(1646355600000-0500)/,MARSHALL (95),1,0,1,1,Alabama,1,2022-03-03 20:00,34.22226389,-86.288936110,1,Clear,,,2,Dark - Not Lighted,0,The First Harmful Event was Not a Collision with a Motor Vehicle in Transport,0,No Special Jurisdiction,59,Traffic Sign Support ,,0,NOT APPLICABLE,7,Local,0,None
10124,/Date(1646311140000-0500)/,CALHOUN (15),1,0,5,1,Alabama,1,2022-03-03 07:39,33.79625556,-86.008211110,1,Clear,,,2,Dark - Not Lighted,0,The First Harmful Event was Not a Collision with a Motor Vehicle in Transport,0,No Special Jurisdiction,1,Rollover/Overturn,,2325,OHATCHEE,5,Major Collector,0,None
10126,/Date(1646424720000-0500)/,CULLMAN (43),1,0,1,1,Alabama,1,2022-03-04 15:12,33.98395833,-86.899091670,1,Clear,,,1,Daylight,0,The First Harmful Event was Not a Collision with a Motor Vehicle in Transport,0,No Special Jurisdiction,34,Ditch,,0,NOT APPLICABLE,7,Local,0,None
10128,/Date(1646483520000-0500)/,JACKSON (71),1,0,2,1,Alabama,2,2022-03-05 07:32,34.65650000,-86.021325000,1,Clear,,,1,Daylight,2,Front-to-Front,0,No Special Jurisdiction,12,Motor Vehicle In-Transport,,2720,SCOTTSBORO,3,Principal Arterial - Other,0,None
10127,/Date(1646422620000-0500)/,TUSCALOOSA (125),1,0,1,1,Alabama,1,2022-03-04 14:37,33.23767778,-87.633836110,1,Clear,,,1,Daylight,0,The First Harmful Event was Not a Collision with a Motor Vehicle in Transport,0,No Special Jurisdiction,34,Ditch,,2260,NORTHPORT,5,Major Collector,0,None
10129,/Date(1646471700000-0500)/,TALLAPOOSA (123),1,0,4,1,Alabama,1,2022-03-05 04:15,32.76313333,-85.626141670,1,Clear,,,6,Dark - Unknown Lighting,0,The First Harmful Event was Not a Collision with a Motor Vehicle in Transport,0,No Special Jurisdiction,1,Rollover/Overturn,,550,CAMP HILL,3,Principal Arterial - Other,0,None
10130,/Date(1646650860000-0500)/,JEFFERSON (73),1,0,4,1,Alabama,3,2022-03-07 06:01,33.54556389,-86.593163890,1,Clear,,,1,Daylight,6,Angle,0,No Special Jurisdiction,12,Motor Vehicle In-Transport,,1850,LEEDS,3,Principal Arterial - Other,0,None
10133,/Date(1646969880000-0500)/,TALLADEGA (121),1,0,2,1,Alabama,2,2022-03-10 22:38,33.31866111,-86.196308330,1,Clear,,,2,Dark - Not Lighted,2,Front-to-Front,0,No Special Jurisdiction,12,Motor Vehicle In-Transport,,0,NOT APPLICABLE,3,Principal Arterial - Other,0,None
10132,/Date(1646834400000-0500)/,TUSCALOOSA (125),1,0,2,1,Alabama,2,2022-03-09 09:00,33.16611667,-87.540113890,1,Clear,,,1,Daylight,6,Angle,0,No Special Jurisdiction,12,Motor Vehicle In-Transport,,3050,TUSCALOOSA,3,Principal Arterial - Other,0,None
10134,/Date(1646966700000-0500)/,LAWRENCE (79),1,0,2,1,Alabama,2,2022-03-10 21:45,34.58912222,-87.424144440,1,Clear,,,2,Dark - Not Lighted,6,Angle,0,No Special Jurisdiction,12,Motor Vehicle In-Transport,,0,NOT APPLICABLE,3,Principal Arterial - Other,0,None
10135,/Date(1646684100000-0500)/,MONTGOMERY (101),1,0,2,1,Alabama,2,2022-03-07 15:15,32.35619167,-86.390141670,10,Cloudy,,,1,Daylight,8,Sideswipe - Opposite Direction,0,No Special Jurisdiction,12,Motor Vehicle In-Transport,,2130,MONTGOMERY,5,Major Collector,0,None
10136,/Date(1646984640000-0500)/,RUSSELL (113),1,1,1,1,Alabama,1,2022-03-11 02:44,32.45285000,-84.998638890,1,Clear,,,2,Dark - Not Lighted,0,The First Harmful Event was Not a Collision with a Motor Vehicle in Transport,0,No Special Jurisdiction,9,Pedalcyclist,,2440,PHENIX CITY,3,Principal Arterial - Other,0,None
10131,/Date(1646734500000-0500)/,DEKALB (49),1,0,2,1,Alabama,2,2022-03-08 05:15,34.46688889,-85.785338890,1,Clear,,,4,Dawn,1,Front-to-Rear,0,No Special Jurisdiction,12,Motor Vehicle In-Transport,,2564,RAINSVILLE,3,Principal Arterial - Other,0,None
10139,/Date(1647080280000-0500)/,MOBILE (97),1,0,1,1,Alabama,1,2022-03-12 05:18,30.71036944,-88.121347220,1,Clear,,,2,Dark - Not Lighted,0,The First Harmful Event was Not a Collision with a Motor Vehicle in Transport,0,No Special Jurisdiction,38,Fence,,2100,MOBILE,5,Major Collector,0,None
10138,/Date(1647017700000-0500)/,COLBERT (33),1,0,3,1,Alabama,2,2022-03-11 11:55,34.68556389,-87.600936110,1,Clear,,,1,Daylight,2,Front-to-Front,0,No Special Jurisdiction,12,Motor Vehicle In-Transport,,0,NOT APPLICABLE,3,Principal Arterial - Other,0,None
10137,/Date(1646983800000-0500)/,CLARKE (25),1,0,1,1,Alabama,1,2022-03-11 02:30,31.66864444,-88.034191670,1,Clear,,,2,Dark - Not Lighted,0,The First Harmful Event was Not a Collision with a Motor Vehicle in Transport,0,No Special Jurisdiction,1,Rollover/Overturn,,0,NOT APPLICABLE,4,Minor Arterial,0,None
10140,/Date(1647143700000-0500)/,MONTGOMERY (101),1,0,7,1,Alabama,4,2022-03-12 22:55,32.36776111,-86.067958330,1,Clear,,,2,Dark - Not Lighted,0,The First Harmful Event was Not a Collision with a Motor Vehicle in Transport,0,No Special Jurisdiction,24,Guardrail Face,,0,NOT APPLICABLE,4,Minor Arterial,0,None
10142,/Date(1647203100000-0400)/,BLOUNT (9),1,0,3,1,Alabama,2,2022-03-13 16:25,34.00723333,-86.447061110,1,Clear,,,1,Daylight,2,Front-to-Front,0,No Special Jurisdiction,12,Motor Vehicle In-Transport,,0,NOT APPLICABLE,4,Minor Arterial,0,None
10141,/Date(1647153000000-0500)/,CLARKE (25),1,0,1,1,Alabama,1,2022-03-13 01:30,31.81569444,-87.534319440,1,Clear,,,2,Dark - Not Lighted,0,The First Harmful Event was Not a Collision with a Motor Vehicle in Transport,0,No Special Jurisdiction,30,Utility Pole/Light Support,,0,NOT APPLICABLE,6,Minor Collector,0,None
10143,/Date(1647200640000-0400)/,LOWNDES (85),1,0,12,1,Alabama,6,2022-03-13 15:44,32.13953889,-86.441138890,1,Clear,,,1,Daylight,1,Front-to-Rear,0,No Special Jurisdiction,12,Motor Vehicle In-Transport,,0,NOT APPLICABLE,1,Interstate,0,None
10144,/Date(1647229500000-0400)/,MOBILE (97),1,0,2,1,Alabama,2,2022-03-13 23:45,30.70870000,-88.276225000,1,Clear,,,3,Dark - Lighted,2,Front-to-Front,0,No Special Jurisdiction,12,Motor Vehicle In-Transport,,0,NOT APPLICABLE,4,Minor Arterial,0,None
10146,/Date(1647327540000-0400)/,MARSHALL (95),1,1,1,1,Alabama,1,2022-03-15 02:59,34.49117222,-86.384544440,1,Clear,,,2,Dark - Not Lighted,0,The First Harmful Event was Not a Collision with a Motor Vehicle in Transport,0,No Special Jurisdiction,8,Pedestrian,,0,NOT APPLICABLE,3,Principal Arterial - Other,0,None
10145,/Date(1647283200000-0400)/,MADISON (89),1,0,2,1,Alabama,2,2022-03-14 14:40,34.97529722,-86.569169440,1,Clear,,,1,Daylight,1,Front-to-Rear,0,No Special Jurisdiction,12,Motor Vehicle In-Transport,,0,NOT APPLICABLE,3,Principal Arterial - Other,0,None
10149,/Date(1647446100000-0400)/,CULLMAN (43),1,0,3,1,Alabama,2,2022-03-16 11:55,34.17314444,-86.700533330,2,Rain,,,1,Daylight,6,Angle,0,No Special Jurisdiction,12,Motor Vehicle In-Transport,,0,NOT APPLICABLE,3,Principal Arterial - Other,0,None
10147,/Date(1647383940000-0400)/,MOBILE (97),1,0,3,1,Alabama,2,2022-03-15 18:39,30.69247778,-88.092877780,1,Clear,,,5,Dusk,1,Front-to-Rear,0,No Special Jurisdiction,12,Motor Vehicle In-Transport,,2100,MOBILE,3,Principal Arterial - Other,0,None
10148,/Date(1647322920000-0400)/,PERRY (105),2,0,4,1,Alabama,1,2022-03-15 01:42,32.63299722,-87.316541670,1,Clear,,,6,Dark - Unknown Lighting,0,The First Harmful Event was Not a Collision with a Motor Vehicle in Transport,0,No Special Jurisdiction,42,Tree (Standing Only),,2020,MARION,4,Minor Arterial,0,None
10150,/Date(1647468000000-0400)/,ELMORE (51),1,0,1,1,Alabama,1,2022-03-16 18:00,32.61045833,-86.072688890,2,Rain,,,1,Daylight,0,The First Harmful Event was Not a Collision with a Motor Vehicle in Transport,0,No Special Jurisdiction,42,Tree (Standing Only),,0,NOT APPLICABLE,6,Minor Collector,0,None
10153,/Date(1647529740000-0400)/,GENEVA (61),2,0,4,1,Alabama,2,2022-03-17 11:09,31.11303611,-86.111058330,1,Clear,,,1,Daylight,6,Angle,0,No Special Jurisdiction,12,Motor Vehicle In-Transport,,0,NOT APPLICABLE,4,Minor Arterial,0,None
10151,/Date(1647469320000-0400)/,BALDWIN (3),1,1,1,1,Alabama,1,2022-03-16 18:22,30.26940000,-87.683038890,1,Clear,,,1,Daylight,0,The First Harmful Event was Not a Collision with a Motor Vehicle in Transport,0,No Special Jurisdiction,15,Non-Motorist on Personal Conveyance,,1493,GULF SHORES,4,Minor Arterial,0,None
10152,/Date(1647500400000-0400)/,MOBILE (97),1,0,1,1,Alabama,1,2022-03-17 03:00,30.55073889,-88.215127780,1,Clear,,,2,Dark - Not Lighted,0,The First Harmful Event was Not a Collision with a Motor Vehicle in Transport,0,No Special Jurisdiction,59,Traffic Sign Support ,,0,NOT APPLICABLE,1,Interstate,0,None
10154,/Date(1647600000000-0400)/,LIMESTONE (83),1,0,2,1,Alabama,2,2022-03-18 06:40,34.86120833,-86.875725000,2,Rain,,,4,Dawn,6,Angle,0,No Special Jurisdiction,12,Motor Vehicle In-Transport,,0,NOT APPLICABLE,5,Major Collector,0,None
10155,/Date(1647728400000-0400)/,CHILTON (21),1,0,1,1,Alabama,1,2022-03-19 18:20,32.78284722,-86.777122220,1,Clear,,,1,Daylight,0,The First Harmful Event was Not a Collision with a Motor Vehicle in Transport,0,No Special Jurisdiction,42,Tree (Standing Only),,0,NOT APPLICABLE,5,Major Collector,0,None
10157,/Date(1647886320000-0400)/,MONTGOMERY (101),1,0,1,1,Alabama,1,2022-03-21 14:12,32.10409722,-86.065630560,1,Clear,,,1,Daylight,0,The First Harmful Event was Not a Collision with a Motor Vehicle in Transport,0,No Special Jurisdiction,53,Mail Box,,0,NOT APPLICABLE,3,Principal Arterial - Other,2,Maintenance
10158,/Date(1647853200000-0400)/,DEKALB (49),1,0,1,1,Alabama,1,2022-03-21 05:00,34.66320833,-85.696650000,1,Clear,,,2,Dark - Not Lighted,0,The First Harmful Event was Not a Collision with a Motor Vehicle in Transport,0,No Special Jurisdiction,35,Embankment,,1632,HENAGAR,4,Minor Arterial,0,None
10156,/Date(1647751920000-0400)/,MOBILE (97),1,1,1,1,Alabama,2,2022-03-20 00:52,30.68181111,-88.198613890,1,Clear,,,3,Dark - Lighted,0,The First Harmful Event was Not a Collision with a Motor Vehicle in Transport,0,No Special Jurisdiction,45,Working Motor Vehicle ,,2100,MOBILE,3,Principal Arterial - Other,2,Maintenance
10160,/Date(1647709080000-0400)/,ST. CLAIR (115),1,0,1,1,Alabama,1,2022-03-19 12:58,33.61950833,-86.252941670,1,Clear,,,1,Daylight,0,The First Harmful Event was Not a Collision with a Motor Vehicle in Transport,0,No Special Jurisdiction,34,Ditch,,0,NOT APPLICABLE,5,Major Collector,0,None
10159,/Date(1647980820000-0400)/,MOBILE (97),1,0,1,1,Alabama,1,2022-03-22 16:27,30.87173333,-88.298316670,10,Cloudy,,,1,Daylight,0,The First Harmful Event was Not a Collision with a Motor Vehicle in Transport,0,No Special Jurisdiction,1,Rollover/Overturn,,0,NOT APPLICABLE,7,Local,0,None
10161,/Date(1650747600000-0400)/,ESCAMBIA (53),1,0,1,1,Alabama,1,2022-04-23 17:00,31.03704722,-87.405544440,1,Clear,,,1,Daylight,0,The First Harmful Event was Not a Collision with a Motor Vehicle in Transport,0,No Special Jurisdiction,34,Ditch,,0,NOT APPLICABLE,7,Local,0,None
10164,/Date(1645858440000-0500)/,MONTGOMERY (101),1,0,5,1,Alabama,2,2022-02-26 01:54,32.41580000,-86.234497220,1,Clear,,,3,Dark - Lighted,6,Angle,0,No Special Jurisdiction,12,Motor Vehicle In-Transport,,2130,MONTGOMERY,3,Principal Arterial - Other,0,None
10162,/Date(1652270220000-0400)/,LIMESTONE (83),1,0,2,1,Alabama,2,2022-05-11 07:57,34.77399444,-86.974708330,1,Clear,,,1,Daylight,0,The First Harmful Event was Not a Collision with a Motor Vehicle in Transport,0,No Special Jurisdiction,1,Rollover/Overturn,,170,ATHENS,7,Local,0,None
10163,/Date(1649262420000-0400)/,MOBILE (97),1,0,3,1,Alabama,2,2022-04-06 12:27,31.00977778,-88.153180560,1,Clear,,,1,Daylight,2,Front-to-Front,0,No Special Jurisdiction,12,Motor Vehicle In-Transport,,0,NOT APPLICABLE,5,Major Collector,0,None
10165,/Date(1647967200000-0400)/,JEFFERSON (73),1,0,2,1,Alabama,2,2022-03-22 12:40,33.53839444,-86.986288890,1,Clear,,,1,Daylight,6,Angle,0,No Special Jurisdiction,12,Motor Vehicle In-Transport,,0,NOT APPLICABLE,4,Minor Arterial,0,None
10166,/Date(1648117800000-0400)/,CHOCTAW (23),1,0,1,1,Alabama,1,2022-03-24 06:30,32.23840556,-88.237894440,1,Clear,,,2,Dark - Not Lighted,0,The First Harmful Event was Not a Collision with a Motor Vehicle in Transport,0,No Special Jurisdiction,35,Embankment,,0,NOT APPLICABLE,5,Major Collector,0,None
10167,/Date(1648258800000-0400)/,PIKE (109),1,0,2,1,Alabama,1,2022-03-25 21:40,31.89932222,-86.010716670,1,Clear,,,2,Dark - Not Lighted,0,The First Harmful Event was Not a Collision with a Motor Vehicle in Transport,0,No Special Jurisdiction,1,Rollover/Overturn,,0,NOT APPLICABLE,3,Principal Arterial - Other,0,None
10168,/Date(1648253700000-0400)/,DALE (45),1,0,2,1,Alabama,1,2022-03-25 20:15,31.43419167,-85.490202780,1,Clear,,,2,Dark - Not Lighted,0,The First Harmful Event was Not a Collision with a Motor Vehicle in Transport,0,No Special Jurisdiction,34,Ditch,,0,NOT APPLICABLE,6,Minor Collector,0,None
10169,/Date(1648330440000-0400)/,CLEBURNE (29),2,0,2,1,Alabama,1,2022-03-26 17:34,33.64154444,-85.515219440,1,Clear,,,1,Daylight,0,The First Harmful Event was Not a Collision with a Motor Vehicle in Transport,0,No Special Jurisdiction,35,Embankment,,0,NOT APPLICABLE,1,Interstate,0,None
10170,/Date(1648303020000-0400)/,COFFEE (31),1,0,2,1,Alabama,2,2022-03-26 09:57,31.29150833,-85.848561110,1,Clear,,,1,Daylight,6,Angle,0,No Special Jurisdiction,12,Motor Vehicle In-Transport,,1030,ENTERPRISE,3,Principal Arterial - Other,0,None
10171,/Date(1648330020000-0400)/,MONTGOMERY (101),1,1,1,1,Alabama,1,2022-03-26 17:27,32.36333333,-86.214250000,1,Clear,,,1,Daylight,0,The First Harmful Event was Not a Collision with a Motor Vehicle in Transport,0,No Special Jurisdiction,8,Pedestrian,,2130,MONTGOMERY,1,Interstate,0,None
10173,/Date(1648498920000-0400)/,MARSHALL (95),1,0,1,1,Alabama,1,2022-03-28 16:22,34.34028611,-86.310113890,1,Clear,,,1,Daylight,0,The First Harmful Event was Not a Collision with a Motor Vehicle in Transport,0,No Special Jurisdiction,30,Utility Pole/Light Support,,1500,GUNTERSVILLE,3,Principal Arterial - Other,0,None
10172,/Date(1648379220000-0400)/,RUSSELL (113),1,0,1,1,Alabama,1,2022-03-27 07:07,32.43627778,-85.061352780,1,Clear,,,4,Dawn,0,The First Harmful Event was Not a Collision with a Motor Vehicle in Transport,0,No Special Jurisdiction,42,Tree (Standing Only),,0,NOT APPLICABLE,5,Major Collector,0,None
10176,/Date(1648585560000-0400)/,BLOUNT (9),1,0,2,1,Alabama,2,2022-03-29 16:26,33.87899722,-86.873838890,1,Clear,,,1,Daylight,2,Front-to-Front,0,No Special Jurisdiction,12,Motor Vehicle In-Transport,,0,NOT APPLICABLE,6,Minor Collector,0,None
10174,/Date(1648474500000-0400)/,MORGAN (103),1,0,4,1,Alabama,2,2022-03-28 09:35,34.53621944,-86.905847220,1,Clear,,,1,Daylight,7,Sideswipe - Same Direction,0,No Special Jurisdiction,12,Motor Vehicle In-Transport,,0,NOT APPLICABLE,1,Interstate,0,None
10177,/Date(1648647000000-0400)/,LAMAR (75),1,0,2,1,Alabama,2,2022-03-30 09:30,33.80549722,-88.116805560,10,Cloudy,,,1,Daylight,1,Front-to-Rear,0,No Special Jurisdiction,12,Motor Vehicle In-Transport,,0,NOT APPLICABLE,4,Minor Arterial,0,None
10180,/Date(1648808880000-0400)/,CHAMBERS (17),1,1,1,1,Alabama,1,2022-04-01 06:28,32.85245833,-85.199541670,1,Clear,,,2,Dark - Not Lighted,0,The First Harmful Event was Not a Collision with a Motor Vehicle in Transport,0,No Special Jurisdiction,8,Pedestrian,,1830,LANETT,4,Minor Arterial,0,None
10175,/Date(1648606200000-0400)/,LAWRENCE (79),1,0,1,1,Alabama,1,2022-03-29 22:10,34.34535833,-87.339611110,1,Clear,,,2,Dark - Not Lighted,0,The First Harmful Event was Not a Collision with a Motor Vehicle in Transport,0,No Special Jurisdiction,42,Tree (Standing Only),,0,NOT APPLICABLE,5,Major Collector,0,None
10179,/Date(1648718400000-0400)/,CHEROKEE (19),1,0,2,1,Alabama,1,2022-03-31 05:20,33.97954167,-85.500744440,1,Clear,,,2,Dark - Not Lighted,0,The First Harmful Event was Not a Collision with a Motor Vehicle in Transport,0,No Special Jurisdiction,18,Other Object (not fixed),,0,NOT APPLICABLE,3,Principal Arterial - Other,0,None
10178,/Date(1648663800000-0400)/,CONECUH (35),1,0,2,1,Alabama,2,2022-03-30 14:10,31.42985833,-87.109075000,1,Clear,,,1,Daylight,6,Angle,0,No Special Jurisdiction,12,Motor Vehicle In-Transport,,0,NOT APPLICABLE,3,Principal Arterial - Other,0,None
10183,/Date(1648790520000-0400)/,MACON (87),1,0,1,1,Alabama,1,2022-04-01 01:22,32.42094444,-85.695066670,1,Clear,,,6,Dark - Unknown Lighting,0,The First Harmful Event was Not a Collision with a Motor Vehicle in Transport,0,No Special Jurisdiction,30,Utility Pole/Light Support,,3070,TUSKEGEE,4,Minor Arterial,0,None
10182,/Date(1648818120000-0400)/,JEFFERSON (73),1,0,5,1,Alabama,2,2022-04-01 09:02,33.50044722,-86.866850000,1,Clear,,,1,Daylight,2,Front-to-Front,0,No Special Jurisdiction,12,Motor Vehicle In-Transport,,350,BIRMINGHAM,4,Minor Arterial,0,None
10181,/Date(1648825080000-0400)/,MARSHALL (95),1,0,3,1,Alabama,3,2022-04-01 10:58,34.19550278,-86.149297220,1,Clear,,,1,Daylight,6,Angle,0,No Special Jurisdiction,12,Motor Vehicle In-Transport,,400,BOAZ,3,Principal Arterial - Other,0,None
10186,/Date(1648931940000-0400)/,ELMORE (51),1,0,3,1,Alabama,2,2022-04-02 16:39,32.45678611,-86.403830560,1,Clear,,,1,Daylight,6,Angle,0,No Special Jurisdiction,12,Motor Vehicle In-Transport,,9997,Other,3,Principal Arterial - Other,0,None
10189,/Date(1648797720000-0400)/,GREENE (63),1,1,5,1,Alabama,4,2022-04-01 03:22,32.99910000,-87.772355560,1,Clear,,,6,Dark - Unknown Lighting,1,Front-to-Rear,0,No Special Jurisdiction,12,Motor Vehicle In-Transport,,0,NOT APPLICABLE,1,Interstate,0,None
10187,/Date(1648952400000-0400)/,DEKALB (49),1,0,2,1,Alabama,2,2022-04-02 22:20,34.33244444,-86.052286110,1,Clear,,,2,Dark - Not Lighted,1,Front-to-Rear,0,No Special Jurisdiction,12,Motor Vehicle In-Transport,,0,NOT APPLICABLE,4,Minor Arterial,0,None
10185,/Date(1648954380000-0400)/,JEFFERSON (73),1,1,3,1,Alabama,1,2022-04-02 22:53,33.39145000,-86.790066670,1,Clear,,,3,Dark - Lighted,0,The First Harmful Event was Not a Collision with a Motor Vehicle in Transport,0,No Special Jurisdiction,8,Pedestrian,,1716,HOOVER,1,Interstate,0,None
10184,/Date(1648972560000-0400)/,MONTGOMERY (101),1,0,1,1,Alabama,1,2022-04-03 03:56,32.42174444,-86.235500000,1,Clear,,,3,Dark - Lighted,0,The First Harmful Event was Not a Collision with a Motor Vehicle in Transport,0,No Special Jurisdiction,42,Tree (Standing Only),,2130,MONTGOMERY,2,Principal Arterial - Other Freeways and Expressways,0,None
10188,/Date(1649028600000-0400)/,TUSCALOOSA (125),1,0,2,1,Alabama,2,2022-04-03 19:30,33.13967778,-87.543800000,1,Clear,,,3,Dark - Lighted,6,Angle,0,No Special Jurisdiction,12,Motor Vehicle In-Transport,,0,NOT APPLICABLE,3,Principal Arterial - Other,0,None
10190,/Date(1649034480000-0400)/,TUSCALOOSA (125),1,0,4,1,Alabama,2,2022-04-03 21:08,33.17566389,-87.488463890,10,Cloudy,,,2,Dark - Not Lighted,1,Front-to-Rear,0,No Special Jurisdiction,12,Motor Vehicle In-Transport,,0,NOT APPLICABLE,1,Interstate,0,None
10191,/Date(1649126880000-0400)/,AUTAUGA (1),1,0,1,1,Alabama,1,2022-04-04 22:48,32.43060000,-86.523272220,1,Clear,,,2,Dark - Not Lighted,0,The First Harmful Event was Not a Collision with a Motor Vehicle in Transport,0,No Special Jurisdiction,42,Tree (Standing Only),,0,NOT APPLICABLE,4,Minor Arterial,0,None
10192,/Date(1649062200000-0400)/,WILCOX (131),1,0,4,1,Alabama,2,2022-04-04 04:50,32.16828611,-87.493202780,1,Clear,,,2,Dark - Not Lighted,2,Front-to-Front,0,No Special Jurisdiction,12,Motor Vehicle In-Transport,,0,NOT APPLICABLE,3,Principal Arterial - Other,0,None
10194,/Date(1649100540000-0400)/,CALHOUN (15),1,0,3,1,Alabama,2,2022-04-04 15:29,33.92802500,-85.624150000,1,Clear,,,1,Daylight,2,Front-to-Front,0,No Special Jurisdiction,12,Motor Vehicle In-Transport,,2460,PIEDMONT,3,Principal Arterial - Other,0,None
10193,/Date(1649111940000-0400)/,MOBILE (97),1,0,4,1,Alabama,2,2022-04-04 18:39,30.67598056,-88.159738890,1,Clear,,,1,Daylight,6,Angle,0,No Special Jurisdiction,12,Motor Vehicle In-Transport,,2100,MOBILE,3,Principal Arterial - Other,0,None
10197,/Date(1649201400000-0400)/,MARSHALL (95),1,0,2,1,Alabama,1,2022-04-05 19:30,34.19838056,-86.226608330,1,Clear,,,5,Dusk,0,The First Harmful Event was Not a Collision with a Motor Vehicle in Transport,0,No Special Jurisdiction,35,Embankment,,0,NOT APPLICABLE,7,Local,0,None
10196,/Date(1649165400000-0400)/,HALE (65),1,0,1,1,Alabama,1,2022-04-05 09:30,32.50917500,-87.596838890,2,Rain,,,1,Daylight,0,The First Harmful Event was Not a Collision with a Motor Vehicle in Transport,0,No Special Jurisdiction,42,Tree (Standing Only),,0,NOT APPLICABLE,5,Major Collector,0,None
10198,/Date(1649448900000-0400)/,BUTLER (13),1,0,2,1,Alabama,1,2022-04-08 16:15,31.92768333,-86.538997220,1,Clear,,,1,Daylight,0,The First Harmful Event was Not a Collision with a Motor Vehicle in Transport,0,No Special Jurisdiction,42,Tree (Standing Only),,0,NOT APPLICABLE,5,Major Collector,0,None
10195,/Date(1649154600000-0400)/,JEFFERSON (73),2,0,4,1,Alabama,2,2022-04-05 06:30,33.54531944,-86.651855560,2,Rain,,,4,Dawn,1,Front-to-Rear,0,No Special Jurisdiction,12,Motor Vehicle In-Transport,,0,NOT APPLICABLE,1,Interstate,0,None
10199,/Date(1649476260000-0400)/,MONTGOMERY (101),1,1,1,1,Alabama,2,2022-04-08 23:51,32.36778333,-86.139136110,1,Clear,,,3,Dark - Lighted,0,The First Harmful Event was Not a Collision with a Motor Vehicle in Transport,0,No Special Jurisdiction,8,Pedestrian,,2130,MONTGOMERY,1,Interstate,0,None
10200,/Date(1649453400000-0400)/,CLARKE (25),1,1,1,1,Alabama,1,2022-04-08 17:30,31.51485278,-87.869622220,1,Clear,,,1,Daylight,0,The First Harmful Event was Not a Collision with a Motor Vehicle in Transport,0,No Special Jurisdiction,8,Pedestrian,,1760,JACKSON,7,Local,0,None
10202,/Date(1649575800000-0400)/,MADISON (89),1,0,1,1,Alabama,1,2022-04-10 03:30,34.95076389,-86.571747220,1,Clear,,,2,Dark - Not Lighted,0,The First Harmful Event was Not a Collision with a Motor Vehicle in Transport,0,No Special Jurisdiction,38,Fence,,0,NOT APPLICABLE,3,Principal Arterial - Other,0,None
10201,/Date(1649485200000-0400)/,DEKALB (49),3,0,3,1,Alabama,1,2022-04-09 02:20,34.75064167,-85.637947220,10,Cloudy,,,2,Dark - Not Lighted,0,The First Harmful Event was Not a Collision with a Motor Vehicle in Transport,0,No Special Jurisdiction,42,Tree (Standing Only),,0,NOT APPLICABLE,5,Major Collector,0,None
10203,/Date(1649598000000-0400)/,JACKSON (71),1,0,1,1,Alabama,1,2022-04-10 09:40,34.64485278,-86.271183330,1,Clear,,,1,Daylight,0,The First Harmful Event was Not a Collision with a Motor Vehicle in Transport,0,No Special Jurisdiction,19,Building,,0,NOT APPLICABLE,5,Major Collector,0,None
10204,/Date(1649624580000-0400)/,TALLAPOOSA (123),1,0,1,1,Alabama,1,2022-04-10 17:03,32.60375556,-85.805161110,1,Clear,,,1,Daylight,0,The First Harmful Event was Not a Collision with a Motor Vehicle in Transport,0,No Special Jurisdiction,59,Traffic Sign Support ,,0,NOT APPLICABLE,5,Major Collector,0,None
10205,/Date(1649631180000-0400)/,BLOUNT (9),1,0,5,1,Alabama,2,2022-04-10 18:53,33.81638611,-86.599536110,1,Clear,,,5,Dusk,6,Angle,0,No Special Jurisdiction,12,Motor Vehicle In-Transport,,0,NOT APPLICABLE,3,Principal Arterial - Other,0,None
10207,/Date(1649689200000-0400)/,MARSHALL (95),1,0,2,1,Alabama,2,2022-04-11 11:00,34.15788611,-86.356022220,10,Cloudy,,,1,Daylight,2,Front-to-Front,0,No Special Jurisdiction,12,Motor Vehicle In-Transport,,0,NOT APPLICABLE,4,Minor Arterial,1,Construction
10209,/Date(1649898780000-0400)/,BALDWIN (3),1,0,2,1,Alabama,1,2022-04-13 21:13,30.25185833,-87.756022220,10,Cloudy,,,3,Dark - Lighted,0,The First Harmful Event was Not a Collision with a Motor Vehicle in Transport,0,No Special Jurisdiction,42,Tree (Standing Only),,1493,GULF SHORES,5,Major Collector,0,None
10206,/Date(1649714760000-0400)/,MADISON (89),2,0,3,1,Alabama,1,2022-04-11 18:06,34.82942500,-86.595783330,10,Cloudy,,,1,Daylight,0,The First Harmful Event was Not a Collision with a Motor Vehicle in Transport,0,No Special Jurisdiction,43,Other Fixed Object,,1730,HUNTSVILLE,4,Minor Arterial,0,None
10210,/Date(1649849400000-0400)/,CULLMAN (43),1,0,1,1,Alabama,1,2022-04-13 07:30,33.93090833,-86.897822220,1,Clear,,,1,Daylight,0,The First Harmful Event was Not a Collision with a Motor Vehicle in Transport,0,No Special Jurisdiction,42,Tree (Standing Only),,0,NOT APPLICABLE,5,Major Collector,0,None
10211,/Date(1649881200000-0400)/,LIMESTONE (83),1,0,2,1,Alabama,2,2022-04-13 16:20,34.75908889,-86.832966670,1,Clear,,,1,Daylight,0,The First Harmful Event was Not a Collision with a Motor Vehicle in Transport,0,No Special Jurisdiction,1,Rollover/Overturn,,0,NOT APPLICABLE,5,Major Collector,0,None
10212,/Date(1649971260000-0400)/,TALLADEGA (121),1,0,1,1,Alabama,1,2022-04-14 17:21,33.14618056,-86.335894440,1,Clear,,,1,Daylight,0,The First Harmful Event was Not a Collision with a Motor Vehicle in Transport,0,No Special Jurisdiction,42,Tree (Standing Only),,0,NOT APPLICABLE,5,Major Collector,0,None
10208,/Date(1649767080000-0400)/,LIMESTONE (83),1,0,1,1,Alabama,1,2022-04-12 08:38,34.76510000,-86.875763890,1,Clear,,,1,Daylight,0,The First Harmful Event was Not a Collision with a Motor Vehicle in Transport,0,No Special Jurisdiction,34,Ditch,,170,ATHENS,3,Principal Arterial - Other,0,None
10214,/Date(1650090000000-0400)/,MONTGOMERY (101),1,0,1,1,Alabama,1,2022-04-16 02:20,32.42221111,-86.246086110,2,Rain,,,2,Dark - Not Lighted,0,The First Harmful Event was Not a Collision with a Motor Vehicle in Transport,0,No Special Jurisdiction,42,Tree (Standing Only),,2130,MONTGOMERY,2,Principal Arterial - Other Freeways and Expressways,0,None
10213,/Date(1650036720000-0400)/,TUSCALOOSA (125),1,1,1,1,Alabama,1,2022-04-15 11:32,33.26788333,-87.109052780,1,Clear,,,1,Daylight,0,The First Harmful Event was Not a Collision with a Motor Vehicle in Transport,0,No Special Jurisdiction,8,Pedestrian,,0,NOT APPLICABLE,1,Interstate,0,None
10215,/Date(1650138300000-0400)/,HOUSTON (69),1,0,3,1,Alabama,2,2022-04-16 15:45,31.25246667,-85.416875000,1,Clear,,,1,Daylight,6,Angle,0,No Special Jurisdiction,12,Motor Vehicle In-Transport,,930,DOTHAN,3,Principal Arterial - Other,0,None
10218,/Date(1650244800000-0400)/,TALLADEGA (121),1,0,1,1,Alabama,1,2022-04-17 21:20,33.43611944,-86.193213890,2,Rain,,,2,Dark - Not Lighted,0,The First Harmful Event was Not a Collision with a Motor Vehicle in Transport,0,No Special Jurisdiction,43,Other Fixed Object,,0,NOT APPLICABLE,7,Local,0,None
10216,/Date(1650145020000-0400)/,MOBILE (97),1,0,5,1,Alabama,2,2022-04-16 17:37,30.66090556,-88.096155560,2,Rain,,,3,Dark - Lighted,2,Front-to-Front,0,No Special Jurisdiction,12,Motor Vehicle In-Transport,,2100,MOBILE,4,Minor Arterial,0,None
10217,/Date(1650184200000-0400)/,MOBILE (97),1,1,1,1,Alabama,1,2022-04-17 04:30,30.69067222,-88.125986110,1,Clear,,,2,Dark - Not Lighted,0,The First Harmful Event was Not a Collision with a Motor Vehicle in Transport,0,No Special Jurisdiction,8,Pedestrian,,2100,MOBILE,1,Interstate,0,None
10219,/Date(1650169500000-0400)/,MARSHALL (95),2,0,2,1,Alabama,2,2022-04-17 00:25,34.24198889,-86.171227780,5,"Fog, Smog, Smoke",,,3,Dark - Lighted,2,Front-to-Front,0,No Special Jurisdiction,12,Motor Vehicle In-Transport,,50,ALBERTVILLE,3,Principal Arterial - Other,0,None
10221,/Date(1650319740000-0400)/,CLEBURNE (29),1,0,3,1,Alabama,3,2022-04-18 18:09,33.61074444,-85.598125000,1,Clear,,,1,Daylight,2,Front-to-Front,0,No Special Jurisdiction,12,Motor Vehicle In-Transport,,1620,HEFLIN,4,Minor Arterial,0,None
10220,/Date(1650217440000-0400)/,BULLOCK (11),1,0,3,1,Alabama,1,2022-04-17 13:44,32.15262222,-85.713502780,2,Rain,,,1,Daylight,0,The First Harmful Event was Not a Collision with a Motor Vehicle in Transport,0,No Special Jurisdiction,42,Tree (Standing Only),,3090,UNION SPRINGS,4,Minor Arterial,0,None
10224,/Date(1650510600000-0400)/,LAUDERDALE (77),1,0,1,1,Alabama,1,2022-04-20 23:10,34.93451667,-87.501663890,2,Rain,,,2,Dark - Not Lighted,0,The First Harmful Event was Not a Collision with a Motor Vehicle in Transport,0,No Special Jurisdiction,1,Rollover/Overturn,,0,NOT APPLICABLE,5,Major Collector,0,None
10222,/Date(1650407280000-0400)/,JEFFERSON (73),1,0,2,1,Alabama,2,2022-04-19 18:28,33.63309722,-86.623102780,1,Clear,,,3,Dark - Lighted,2,Front-to-Front,0,No Special Jurisdiction,12,Motor Vehicle In-Transport,,350,BIRMINGHAM,7,Local,0,None
10223,/Date(1650447300000-0400)/,MOBILE (97),2,0,4,1,Alabama,2,2022-04-20 05:35,30.50710556,-88.368613890,10,Cloudy,,,2,Dark - Not Lighted,2,Front-to-Front,0,No Special Jurisdiction,12,Motor Vehicle In-Transport,,0,NOT APPLICABLE,6,Minor Collector,0,None
10225,/Date(1650445620000-0400)/,LIMESTONE (83),1,0,2,1,Alabama,2,2022-04-20 05:07,34.83564444,-86.936808330,1,Clear,,,2,Dark - Not Lighted,6,Angle,0,No Special Jurisdiction,12,Motor Vehicle In-Transport,,0,NOT APPLICABLE,1,Interstate,0,None
10227,/Date(1650587400000-0400)/,MOBILE (97),1,1,1,1,Alabama,1,2022-04-21 20:30,30.75175000,-88.116147220,1,Clear,,,3,Dark - Lighted,0,The First Harmful Event was Not a Collision with a Motor Vehicle in Transport,0,No Special Jurisdiction,8,Pedestrian,,2550,PRICHARD,3,Principal Arterial - Other,0,None
10229,/Date(1650532440000-0400)/,MOBILE (97),1,1,1,1,Alabama,1,2022-04-21 05:14,31.02618056,-88.231736110,10,Cloudy,,,2,Dark - Not Lighted,0,The First Harmful Event was Not a Collision with a Motor Vehicle in Transport,0,No Special Jurisdiction,8,Pedestrian,,0,NOT APPLICABLE,3,Principal Arterial - Other,0,None
10226,/Date(1650455100000-0400)/,FAYETTE (57),1,0,1,1,Alabama,1,2022-04-20 07:45,33.76878611,-87.893783330,1,Clear,,,1,Daylight,0,The First Harmful Event was Not a Collision with a Motor Vehicle in Transport,0,No Special Jurisdiction,43,Other Fixed Object,,0,NOT APPLICABLE,5,Major Collector,0,None
10228,/Date(1650562200000-0400)/,PICKENS (107),1,0,2,1,Alabama,1,2022-04-21 13:30,33.40502500,-88.094419440,1,Clear,,,1,Daylight,0,The First Harmful Event was Not a Collision with a Motor Vehicle in Transport,0,No Special Jurisdiction,21,Bridge Pier or Support,,0,NOT APPLICABLE,3,Principal Arterial - Other,0,None
10230,/Date(1650634260000-0400)/,ETOWAH (55),1,0,1,1,Alabama,1,2022-04-22 09:31,33.98266944,-85.812050000,1,Clear,,,1,Daylight,0,The First Harmful Event was Not a Collision with a Motor Vehicle in Transport,0,No Special Jurisdiction,1,Rollover/Overturn,,1670,HOKES BLUFF,3,Principal Arterial - Other,0,None
10231,/Date(1650635700000-0400)/,LEE (81),1,0,2,1,Alabama,2,2022-04-22 09:55,32.69233056,-85.508133330,1,Clear,,,1,Daylight,6,Angle,0,No Special Jurisdiction,12,Motor Vehicle In-Transport,,0,NOT APPLICABLE,3,Principal Arterial - Other,0,None
10233,/Date(1650790800000-0400)/,DALLAS (47),1,0,1,1,Alabama,1,2022-04-24 05:00,32.12212778,-87.092572220,1,Clear,,,2,Dark - Not Lighted,0,The First Harmful Event was Not a Collision with a Motor Vehicle in Transport,0,No Special Jurisdiction,34,Ditch,,0,NOT APPLICABLE,4,Minor Arterial,0,None
10232,/Date(1650852600000-0400)/,CALHOUN (15),1,0,1,1,Alabama,1,2022-04-24 22:10,33.69021389,-85.867066670,1,Clear,,,2,Dark - Not Lighted,0,The First Harmful Event was Not a Collision with a Motor Vehicle in Transport,0,No Special Jurisdiction,34,Ditch,,0,NOT APPLICABLE,5,Major Collector,0,None
10234,/Date(1650813600000-0400)/,WASHINGTON (129),1,0,1,1,Alabama,1,2022-04-24 11:20,31.56375556,-88.414683330,1,Clear,,,1,Daylight,0,The First Harmful Event was Not a Collision with a Motor Vehicle in Transport,0,No Special Jurisdiction,42,Tree (Standing Only),,0,NOT APPLICABLE,5,Major Collector,0,None
10235,/Date(1650821280000-0400)/,MOBILE (97),1,0,1,1,Alabama,1,2022-04-24 13:28,30.75243333,-88.310116670,1,Clear,,,1,Daylight,0,The First Harmful Event was Not a Collision with a Motor Vehicle in Transport,0,No Special Jurisdiction,42,Tree (Standing Only),,0,NOT APPLICABLE,7,Local,0,None
10236,/Date(1650861900000-0400)/,ETOWAH (55),1,0,1,1,Alabama,1,2022-04-25 00:45,34.06698056,-86.011788890,1,Clear,,,2,Dark - Not Lighted,0,The First Harmful Event was Not a Collision with a Motor Vehicle in Transport,0,No Special Jurisdiction,32,Culvert,,0,NOT APPLICABLE,5,Major Collector,0,None
10239,/Date(1650996000000-0400)/,AUTAUGA (1),1,0,4,1,Alabama,3,2022-04-26 14:00,32.45001111,-86.725463890,2,Rain,,,1,Daylight,2,Front-to-Front,0,No Special Jurisdiction,12,Motor Vehicle In-Transport,,0,NOT APPLICABLE,4,Minor Arterial,0,None
10237,/Date(1650866400000-0400)/,MADISON (89),1,0,3,1,Alabama,3,2022-04-25 02:00,34.76676944,-86.554366670,1,Clear,,,3,Dark - Lighted,1,Front-to-Rear,0,No Special Jurisdiction,12,Motor Vehicle In-Transport,,1730,HUNTSVILLE,3,Principal Arterial - Other,0,None
10238,/Date(1650990600000-0400)/,BUTLER (13),2,0,2,1,Alabama,2,2022-04-26 12:30,31.92795000,-86.538833330,10,Cloudy,,,1,Daylight,2,Front-to-Front,0,No Special Jurisdiction,12,Motor Vehicle In-Transport,,0,NOT APPLICABLE,5,Major Collector,0,None
10241,/Date(1651142400000-0400)/,JEFFERSON (73),1,0,2,1,Alabama,2,2022-04-28 06:40,33.60593056,-86.741377780,10,Cloudy,,,4,Dawn,2,Front-to-Front,0,No Special Jurisdiction,12,Motor Vehicle In-Transport,,350,BIRMINGHAM,5,Major Collector,0,None
10240,/Date(1650999480000-0400)/,MARSHALL (95),1,0,3,1,Alabama,2,2022-04-26 14:58,34.23095278,-86.403480560,1,Clear,,,1,Daylight,2,Front-to-Front,0,No Special Jurisdiction,12,Motor Vehicle In-Transport,,0,NOT APPLICABLE,4,Minor Arterial,0,None
10242,/Date(1651282200000-0400)/,TALLADEGA (121),1,0,2,1,Alabama,2,2022-04-29 21:30,33.48965278,-86.014052780,1,Clear,,,2,Dark - Not Lighted,2,Front-to-Front,0,No Special Jurisdiction,12,Motor Vehicle In-Transport,,0,NOT APPLICABLE,3,Principal Arterial - Other,0,None
10243,/Date(1651212780000-0400)/,LIMESTONE (83),1,0,1,1,Alabama,1,2022-04-29 02:13,34.74638889,-86.983758330,1,Clear,,,2,Dark - Not Lighted,0,The First Harmful Event was Not a Collision with a Motor Vehicle in Transport,0,No Special Jurisdiction,34,Ditch,,170,ATHENS,5,Major Collector,0,None
10245,/Date(1651267500000-0400)/,TUSCALOOSA (125),1,0,1,1,Alabama,1,2022-04-29 17:25,33.33021667,-87.592575000,1,Clear,,,1,Daylight,0,The First Harmful Event was Not a Collision with a Motor Vehicle in Transport,0,No Special Jurisdiction,42,Tree (Standing Only),,0,NOT APPLICABLE,5,Major Collector,0,None
10244,/Date(1651224540000-0400)/,MOBILE (97),1,1,1,1,Alabama,1,2022-04-29 05:29,30.68258333,-88.127177780,2,Rain,,,3,Dark - Lighted,0,The First Harmful Event was Not a Collision with a Motor Vehicle in Transport,0,No Special Jurisdiction,8,Pedestrian,,2100,MOBILE,1,Interstate,0,None
10246,/Date(1651351020000-0400)/,ELMORE (51),2,0,6,1,Alabama,3,2022-04-30 16:37,32.66493333,-86.251844440,10,Cloudy,,,1,Daylight,8,Sideswipe - Opposite Direction,0,No Special Jurisdiction,12,Motor Vehicle In-Transport,,0,NOT APPLICABLE,3,Principal Arterial - Other,0,None
10248,/Date(1651336200000-0400)/,MOBILE (97),1,0,3,1,Alabama,2,2022-04-30 12:30,30.47263056,-88.233894440,1,Clear,,,1,Daylight,6,Angle,0,No Special Jurisdiction,12,Motor Vehicle In-Transport,,0,NOT APPLICABLE,5,Major Collector,0,None
10247,/Date(1651363920000-0400)/,WALKER (127),1,0,1,1,Alabama,1,2022-04-30 20:12,33.95617500,-87.194694440,1,Clear,,,2,Dark - Not Lighted,0,The First Harmful Event was Not a Collision with a Motor Vehicle in Transport,0,No Special Jurisdiction,35,Embankment,,0,NOT APPLICABLE,7,Local,0,None
10249,/Date(1651358100000-0400)/,CONECUH (35),1,0,1,1,Alabama,1,2022-04-30 18:35,31.50578611,-86.999655560,1,Clear,,,1,Daylight,0,The First Harmful Event was Not a Collision with a Motor Vehicle in Transport,0,No Special Jurisdiction,42,Tree (Standing Only),,0,NOT APPLICABLE,7,Local,0,None
10250,/Date(1651301400000-0400)/,DALLAS (47),1,0,1,1,Alabama,1,2022-04-30 02:50,32.31808889,-86.895125000,1,Clear,,,2,Dark - Not Lighted,0,The First Harmful Event was Not a Collision with a Motor Vehicle in Transport,0,No Special Jurisdiction,35,Embankment,,0,NOT APPLICABLE,3,Principal Arterial - Other,0,None
10253,/Date(1651528800000-0400)/,JACKSON (71),2,0,2,1,Alabama,1,2022-05-02 18:00,34.62550000,-85.844397220,1,Clear,,,1,Daylight,0,The First Harmful Event was Not a Collision with a Motor Vehicle in Transport,0,No Special Jurisdiction,38,Fence,,0,NOT APPLICABLE,4,Minor Arterial,0,None
10254,/Date(1651597020000-0400)/,COFFEE (31),1,0,3,1,Alabama,1,2022-05-03 12:57,31.52128611,-85.959227780,10,Cloudy,,,1,Daylight,0,The First Harmful Event was Not a Collision with a Motor Vehicle in Transport,0,No Special Jurisdiction,42,Tree (Standing Only),,0,NOT APPLICABLE,4,Minor Arterial,1,Construction
10251,/Date(1651452000000-0400)/,WALKER (127),1,1,4,1,Alabama,1,2022-05-01 20:40,33.87284722,-87.163163890,1,Clear,,,2,Dark - Not Lighted,0,The First Harmful Event was Not a Collision with a Motor Vehicle in Transport,0,No Special Jurisdiction,8,Pedestrian,,0,NOT APPLICABLE,4,Minor Arterial,0,None
10252,/Date(1651427700000-0400)/,ETOWAH (55),1,0,2,1,Alabama,1,2022-05-01 13:55,34.00035278,-85.835827780,1,Clear,,,1,Daylight,0,The First Harmful Event was Not a Collision with a Motor Vehicle in Transport,0,No Special Jurisdiction,30,Utility Pole/Light Support,,1670,HOKES BLUFF,6,Minor Collector,0,None
10255,/Date(1651151280000-0400)/,MONTGOMERY (101),1,0,2,1,Alabama,2,2022-04-28 09:08,32.36833889,-86.071091670,1,Clear,,,1,Daylight,1,Front-to-Rear,0,No Special Jurisdiction,12,Motor Vehicle In-Transport,,2130,MONTGOMERY,1,Interstate,0,None
10258,/Date(1651597200000-0400)/,DEKALB (49),1,0,3,1,Alabama,2,2022-05-03 13:00,34.35651111,-86.014497220,1,Clear,,,1,Daylight,6,Angle,0,No Special Jurisdiction,12,Motor Vehicle In-Transport,,1351,GERALDINE,4,Minor Arterial,0,None
10257,/Date(1651561560000-0400)/,ST. CLAIR (115),1,0,3,1,Alabama,2,2022-05-03 03:06,33.59885278,-86.337725000,10,Cloudy,,,2,Dark - Not Lighted,7,Sideswipe - Same Direction,0,No Special Jurisdiction,12,Motor Vehicle In-Transport,,0,NOT APPLICABLE,1,Interstate,0,None
10256,/Date(1651564200000-0400)/,ST. CLAIR (115),1,0,5,1,Alabama,5,2022-05-03 03:50,33.60226667,-86.307605560,10,Cloudy,,,2,Dark - Not Lighted,1,Front-to-Rear,0,No Special Jurisdiction,12,Motor Vehicle In-Transport,,0,NOT APPLICABLE,1,Interstate,0,None
10259,/Date(1651682700000-0400)/,RANDOLPH (111),2,0,4,1,Alabama,3,2022-05-04 12:45,33.17320833,-85.382088890,1,Clear,,,1,Daylight,1,Front-to-Rear,0,No Special Jurisdiction,12,Motor Vehicle In-Transport,,2640,ROANOKE,3,Principal Arterial - Other,0,None
10262,/Date(1651769280000-0400)/,MONTGOMERY (101),1,0,3,1,Alabama,2,2022-05-05 12:48,32.04515000,-86.037194440,10,Cloudy,,,1,Daylight,6,Angle,0,No Special Jurisdiction,12,Motor Vehicle In-Transport,,0,NOT APPLICABLE,3,Principal Arterial - Other,0,None
10261,/Date(1651793760000-0400)/,COVINGTON (39),1,0,1,1,Alabama,1,2022-05-05 19:36,31.33737222,-86.199991670,1,Clear,,,5,Dusk,0,The First Harmful Event was Not a Collision with a Motor Vehicle in Transport,0,No Special Jurisdiction,24,Guardrail Face,,0,NOT APPLICABLE,3,Principal Arterial - Other,0,None
10264,/Date(1651799640000-0400)/,MADISON (89),1,0,2,1,Alabama,2,2022-05-05 21:14,34.76572500,-86.572513890,10,Cloudy,,,3,Dark - Lighted,6,Angle,0,No Special Jurisdiction,12,Motor Vehicle In-Transport,,1730,HUNTSVILLE,4,Minor Arterial,0,None
10263,/Date(1651723200000-0400)/,MONTGOMERY (101),1,0,2,1,Alabama,2,2022-05-05 00:00,32.29096944,-86.469055560,1,Clear,,,2,Dark - Not Lighted,7,Sideswipe - Same Direction,0,No Special Jurisdiction,12,Motor Vehicle In-Transport,,0,NOT APPLICABLE,3,Principal Arterial - Other,0,None
10265,/Date(1651970820000-0400)/,LOWNDES (85),1,0,5,1,Alabama,2,2022-05-07 20:47,32.05089444,-86.807522220,1,Clear,,,2,Dark - Not Lighted,6,Angle,0,No Special Jurisdiction,12,Motor Vehicle In-Transport,,0,NOT APPLICABLE,4,Minor Arterial,0,None
10260,/Date(1651676280000-0400)/,WALKER (127),2,0,2,1,Alabama,2,2022-05-04 10:58,33.90985556,-87.500700000,1,Clear,,,1,Daylight,1,Front-to-Rear,0,No Special Jurisdiction,12,Motor Vehicle In-Transport,,0,NOT APPLICABLE,1,Interstate,0,None
10267,/Date(1651937640000-0400)/,RANDOLPH (111),1,0,1,1,Alabama,1,2022-05-07 11:34,33.19617778,-85.263555560,1,Clear,,,1,Daylight,0,The First Harmful Event was Not a Collision with a Motor Vehicle in Transport,0,No Special Jurisdiction,34,Ditch,,0,NOT APPLICABLE,4,Minor Arterial,0,None
10268,/Date(1651947240000-0400)/,LIMESTONE (83),1,0,3,1,Alabama,2,2022-05-07 14:14,34.93030556,-87.121461110,10,Cloudy,,,1,Daylight,6,Angle,0,No Special Jurisdiction,12,Motor Vehicle In-Transport,,0,NOT APPLICABLE,4,Minor Arterial,0,None
10266,/Date(1651909440000-0400)/,TUSCALOOSA (125),1,0,1,1,Alabama,1,2022-05-07 03:44,33.26769167,-87.081452780,1,Clear,,,2,Dark - Not Lighted,0,The First Harmful Event was Not a Collision with a Motor Vehicle in Transport,0,No Special Jurisdiction,30,Utility Pole/Light Support,,0,NOT APPLICABLE,5,Major Collector,0,None
10270,/Date(1652028900000-0400)/,CLAY (27),1,0,1,1,Alabama,1,2022-05-08 12:55,33.23074167,-85.761819440,1,Clear,,,1,Daylight,0,The First Harmful Event was Not a Collision with a Motor Vehicle in Transport,0,No Special Jurisdiction,42,Tree (Standing Only),,0,NOT APPLICABLE,4,Minor Arterial,0,None
10269,/Date(1652067600000-0400)/,SHELBY (117),1,0,2,1,Alabama,2,2022-05-08 23:40,33.30359167,-86.904591670,1,Clear,,,2,Dark - Not Lighted,0,The First Harmful Event was Not a Collision with a Motor Vehicle in Transport,0,No Special Jurisdiction,1,Rollover/Overturn,,0,NOT APPLICABLE,4,Minor Arterial,0,None
10271,/Date(1652127720000-0400)/,MARION (93),1,0,2,1,Alabama,1,2022-05-09 16:22,34.03094722,-87.866461110,1,Clear,,,1,Daylight,0,The First Harmful Event was Not a Collision with a Motor Vehicle in Transport,0,No Special Jurisdiction,52,Guardrail End,,0,NOT APPLICABLE,1,Interstate,0,None
10273,/Date(1651307400000-0400)/,COOSA (37),1,0,1,1,Alabama,1,2022-04-30 04:30,32.96676111,-86.009066670,1,Clear,,,9,Reported as Unknown,0,The First Harmful Event was Not a Collision with a Motor Vehicle in Transport,0,No Special Jurisdiction,42,Tree (Standing Only),,0,NOT APPLICABLE,3,Principal Arterial - Other,0,None
10272,/Date(1657079400000-0400)/,LIMESTONE (83),1,1,2,1,Alabama,1,2022-07-05 23:50,34.79034722,-86.984902780,1,Clear,,,2,Dark - Not Lighted,0,The First Harmful Event was Not a Collision with a Motor Vehicle in Transport,0,No Special Jurisdiction,9,Pedalcyclist,,170,ATHENS,3,Principal Arterial - Other,0,None
10274,/Date(1651968000000-0400)/,JACKSON (71),1,1,1,1,Alabama,1,2022-05-07 20:00,34.67301944,-85.847697220,1,Clear,,,2,Dark - Not Lighted,0,The First Harmful Event was Not a Collision with a Motor Vehicle in Transport,0,No Special Jurisdiction,8,Pedestrian,,0,NOT APPLICABLE,5,Major Collector,0,None
10275,/Date(1652061060000-0400)/,DALE (45),1,0,1,1,Alabama,1,2022-05-08 21:51,31.31753611,-85.491530560,1,Clear,,,3,Dark - Lighted,0,The First Harmful Event was Not a Collision with a Motor Vehicle in Transport,0,No Special Jurisdiction,10,Railway Vehicle,,2050,MIDLAND CITY,7,Local,0,None
10276,/Date(1652118300000-0400)/,TUSCALOOSA (125),1,0,3,1,Alabama,2,2022-05-09 13:45,33.23699722,-87.560966670,1,Clear,,,1,Daylight,6,Angle,0,No Special Jurisdiction,12,Motor Vehicle In-Transport,,2260,NORTHPORT,3,Principal Arterial - Other,1,Construction
10277,/Date(1652236560000-0400)/,HOUSTON (69),1,1,1,1,Alabama,1,2022-05-10 22:36,31.19477222,-85.399616670,1,Clear,,,2,Dark - Not Lighted,0,The First Harmful Event was Not a Collision with a Motor Vehicle in Transport,0,No Special Jurisdiction,8,Pedestrian,,930,DOTHAN,3,Principal Arterial - Other,0,None
10278,/Date(1652181000000-0400)/,COLBERT (33),1,0,4,1,Alabama,2,2022-05-10 07:10,34.65659444,-87.885325000,1,Clear,,,1,Daylight,2,Front-to-Front,0,No Special Jurisdiction,12,Motor Vehicle In-Transport,,0,NOT APPLICABLE,5,Major Collector,0,None
10279,/Date(1652304600000-0400)/,LAWRENCE (79),1,0,2,1,Alabama,2,2022-05-11 17:30,34.50291389,-87.200447220,1,Clear,,,1,Daylight,2,Front-to-Front,0,No Special Jurisdiction,12,Motor Vehicle In-Transport,,0,NOT APPLICABLE,5,Major Collector,0,None
10280,/Date(1652514600000-0400)/,MONTGOMERY (101),1,0,2,1,Alabama,2,2022-05-14 03:50,32.38014167,-86.299844440,1,Clear,,,3,Dark - Lighted,1,Front-to-Rear,0,No Special Jurisdiction,12,Motor Vehicle In-Transport,,2130,MONTGOMERY,3,Principal Arterial - Other,0,None
10282,/Date(1652250900000-0400)/,COFFEE (31),1,0,3,1,Alabama,1,2022-05-11 02:35,31.49305556,-85.910197220,1,Clear,,,2,Dark - Not Lighted,0,The First Harmful Event was Not a Collision with a Motor Vehicle in Transport,0,No Special Jurisdiction,59,Traffic Sign Support ,,0,NOT APPLICABLE,5,Major Collector,0,None
10283,/Date(1652392200000-0400)/,MONTGOMERY (101),1,0,5,1,Alabama,2,2022-05-12 17:50,32.36238889,-86.102022220,1,Clear,,,1,Daylight,2,Front-to-Front,0,No Special Jurisdiction,12,Motor Vehicle In-Transport,,0,NOT APPLICABLE,5,Major Collector,0,None
10285,/Date(1652419620000-0400)/,ESCAMBIA (53),1,0,2,1,Alabama,1,2022-05-13 01:27,31.00570278,-87.307466670,1,Clear,,,3,Dark - Lighted,0,The First Harmful Event was Not a Collision with a Motor Vehicle in Transport,0,No Special Jurisdiction,42,Tree (Standing Only),,1180,FLOMATON,7,Local,0,None
10284,/Date(1652395200000-0400)/,HENRY (67),1,0,1,1,Alabama,1,2022-05-12 18:40,31.32938333,-85.125802780,1,Clear,,,1,Daylight,0,The First Harmful Event was Not a Collision with a Motor Vehicle in Transport,0,No Special Jurisdiction,35,Embankment,,0,NOT APPLICABLE,5,Major Collector,0,None
10286,/Date(1652475600000-0400)/,COVINGTON (39),1,0,2,1,Alabama,2,2022-05-13 17:00,31.34283611,-86.330766670,1,Clear,,,1,Daylight,2,Front-to-Front,0,No Special Jurisdiction,12,Motor Vehicle In-Transport,,0,NOT APPLICABLE,5,Major Collector,0,None
10288,/Date(1652551200000-0400)/,LIMESTONE (83),1,0,6,1,Alabama,2,2022-05-14 14:00,34.74702222,-87.001597220,1,Clear,,,1,Daylight,6,Angle,0,No Special Jurisdiction,12,Motor Vehicle In-Transport,,0,NOT APPLICABLE,7,Local,0,None
10287,/Date(1652503800000-0400)/,SUMTER (119),1,0,2,1,Alabama,1,2022-05-14 00:50,32.81112222,-88.244208330,1,Clear,,,2,Dark - Not Lighted,0,The First Harmful Event was Not a Collision with a Motor Vehicle in Transport,0,No Special Jurisdiction,59,Traffic Sign Support ,,1920,LIVINGSTON,5,Major Collector,0,None
10289,/Date(1652531940000-0400)/,MADISON (89),1,0,1,1,Alabama,1,2022-05-14 08:39,34.71170556,-86.539111110,1,Clear,,,1,Daylight,0,The First Harmful Event was Not a Collision with a Motor Vehicle in Transport,0,No Special Jurisdiction,35,Embankment,,1730,HUNTSVILLE,3,Principal Arterial - Other,0,None
10291,/Date(1652573400000-0400)/,MARSHALL (95),1,0,3,1,Alabama,2,2022-05-14 20:10,34.36343333,-86.352936110,10,Cloudy,,,3,Dark - Lighted,6,Angle,0,No Special Jurisdiction,12,Motor Vehicle In-Transport,,1500,GUNTERSVILLE,4,Minor Arterial,0,None
10290,/Date(1652550000000-0400)/,LIMESTONE (83),1,0,3,1,Alabama,2,2022-05-14 13:40,34.79159722,-87.054230560,1,Clear,,,1,Daylight,6,Angle,0,No Special Jurisdiction,12,Motor Vehicle In-Transport,,0,NOT APPLICABLE,3,Principal Arterial - Other,0,None
10293,/Date(1652637480000-0400)/,COFFEE (31),1,0,6,1,Alabama,2,2022-05-15 13:58,31.27925556,-86.157402780,10,Cloudy,,,1,Daylight,2,Front-to-Front,0,No Special Jurisdiction,12,Motor Vehicle In-Transport,,0,NOT APPLICABLE,5,Major Collector,0,None
10292,/Date(1652655900000-0400)/,PIKE (109),1,0,3,1,Alabama,2,2022-05-15 19:05,31.80967500,-86.020813890,10,Cloudy,,,1,Daylight,2,Front-to-Front,0,No Special Jurisdiction,12,Motor Vehicle In-Transport,,0,NOT APPLICABLE,4,Minor Arterial,0,None
10295,/Date(1652755800000-0400)/,CULLMAN (43),1,0,1,1,Alabama,1,2022-05-16 22:50,34.07990278,-86.739877780,1,Clear,,,2,Dark - Not Lighted,0,The First Harmful Event was Not a Collision with a Motor Vehicle in Transport,0,No Special Jurisdiction,18,Other Object (not fixed),,0,NOT APPLICABLE,4,Minor Arterial,0,None
10294,/Date(1652666100000-0400)/,JEFFERSON (73),1,0,1,1,Alabama,1,2022-05-15 21:55,33.73966111,-86.989277780,1,Clear,,,2,Dark - Not Lighted,0,The First Harmful Event was Not a Collision with a Motor Vehicle in Transport,0,No Special Jurisdiction,42,Tree (Standing Only),,0,NOT APPLICABLE,5,Major Collector,0,None
10296,/Date(1652703600000-0400)/,TALLAPOOSA (123),1,0,1,1,Alabama,1,2022-05-16 08:20,33.00659444,-85.817502780,1,Clear,,,1,Daylight,0,The First Harmful Event was Not a Collision with a Motor Vehicle in Transport,0,No Special Jurisdiction,1,Rollover/Overturn,,0,NOT APPLICABLE,4,Minor Arterial,0,None
10299,/Date(1652676300000-0400)/,WINSTON (133),1,0,1,1,Alabama,1,2022-05-16 00:45,34.06043889,-87.389016670,2,Rain,,,2,Dark - Not Lighted,0,The First Harmful Event was Not a Collision with a Motor Vehicle in Transport,0,No Special Jurisdiction,1,Rollover/Overturn,,0,NOT APPLICABLE,5,Major Collector,0,None
10297,/Date(1652730660000-0400)/,CHOCTAW (23),2,0,4,1,Alabama,2,2022-05-16 15:51,31.77981667,-88.240155560,1,Clear,,,1,Daylight,1,Front-to-Rear,0,No Special Jurisdiction,12,Motor Vehicle In-Transport,,0,NOT APPLICABLE,3,Principal Arterial - Other,1,Construction
10298,/Date(1652719800000-0400)/,MORGAN (103),1,0,4,1,Alabama,2,2022-05-16 12:50,34.37919167,-87.093066670,1,Clear,,,1,Daylight,6,Angle,0,No Special Jurisdiction,12,Motor Vehicle In-Transport,,0,NOT APPLICABLE,3,Principal Arterial - Other,0,None
10300,/Date(1652694000000-0400)/,JEFFERSON (73),1,0,2,1,Alabama,2,2022-05-16 05:40,33.60517500,-86.700208330,1,Clear,,,4,Dawn,2,Front-to-Front,0,No Special Jurisdiction,12,Motor Vehicle In-Transport,,350,BIRMINGHAM,4,Minor Arterial,0,None
10301,/Date(1652739180000-0400)/,LIMESTONE (83),1,0,2,1,Alabama,1,2022-05-16 18:13,34.60838611,-86.843711110,1,Clear,,,1,Daylight,0,The First Harmful Event was Not a Collision with a Motor Vehicle in Transport,0,No Special Jurisdiction,42,Tree (Standing Only),,0,NOT APPLICABLE,5,Major Collector,0,None
10302,/Date(1652748960000-0400)/,RANDOLPH (111),1,1,2,1,Alabama,1,2022-05-16 20:56,33.11803056,-85.560313890,1,Clear,,,2,Dark - Not Lighted,0,The First Harmful Event was Not a Collision with a Motor Vehicle in Transport,0,No Special Jurisdiction,8,Pedestrian,,3160,WADLEY,4,Minor Arterial,0,None
10303,/Date(1652765400000-0400)/,LIMESTONE (83),1,0,1,1,Alabama,1,2022-05-17 01:30,34.65688889,-86.912913890,1,Clear,,,2,Dark - Not Lighted,0,The First Harmful Event was Not a Collision with a Motor Vehicle in Transport,0,No Special Jurisdiction,24,Guardrail Face,,0,NOT APPLICABLE,1,Interstate,0,None
10304,/Date(1652905380000-0400)/,FAYETTE (57),1,0,1,1,Alabama,1,2022-05-18 16:23,33.54025833,-87.825627780,1,Clear,,,1,Daylight,0,The First Harmful Event was Not a Collision with a Motor Vehicle in Transport,0,No Special Jurisdiction,42,Tree (Standing Only),,0,NOT APPLICABLE,5,Major Collector,0,None
10305,/Date(1652930340000-0400)/,ETOWAH (55),1,0,1,1,Alabama,1,2022-05-18 23:19,33.96975833,-85.967902780,1,Clear,,,2,Dark - Not Lighted,0,The First Harmful Event was Not a Collision with a Motor Vehicle in Transport,0,No Special Jurisdiction,1,Rollover/Overturn,,1280,GADSDEN,5,Major Collector,0,None
10307,/Date(1652890140000-0400)/,ST. CLAIR (115),1,0,2,1,Alabama,2,2022-05-18 12:09,33.57188889,-86.482141670,1,Clear,,,1,Daylight,1,Front-to-Rear,0,No Special Jurisdiction,12,Motor Vehicle In-Transport,,2136,MOODY,4,Minor Arterial,0,None
10309,/Date(1653068400000-0400)/,JEFFERSON (73),1,0,1,1,Alabama,1,2022-05-20 13:40,33.53168333,-86.539702780,1,Clear,,,1,Daylight,0,The First Harmful Event was Not a Collision with a Motor Vehicle in Transport,0,No Special Jurisdiction,1,Rollover/Overturn,,1850,LEEDS,4,Minor Arterial,0,None
10306,/Date(1652883660000-0400)/,ST. CLAIR (115),1,0,4,1,Alabama,3,2022-05-18 10:21,33.63581944,-86.324502780,1,Clear,,,1,Daylight,6,Angle,0,No Special Jurisdiction,12,Motor Vehicle In-Transport,,0,NOT APPLICABLE,5,Major Collector,0,None
10311,/Date(1653073200000-0400)/,DEKALB (49),1,0,2,1,Alabama,1,2022-05-20 15:00,34.38096944,-85.656213890,1,Clear,,,1,Daylight,0,The First Harmful Event was Not a Collision with a Motor Vehicle in Transport,0,No Special Jurisdiction,1,Rollover/Overturn,,0,NOT APPLICABLE,5,Major Collector,0,None
10310,/Date(1653067620000-0400)/,SHELBY (117),1,0,5,1,Alabama,2,2022-05-20 13:27,33.21538611,-86.840247220,10,Cloudy,,,1,Daylight,1,Front-to-Rear,0,No Special Jurisdiction,12,Motor Vehicle In-Transport,,47,ALABASTER,5,Major Collector,0,None
10312,/Date(1653097200000-0400)/,LEE (81),1,0,2,1,Alabama,2,2022-05-20 21:40,32.62977222,-85.469075000,1,Clear,,,3,Dark - Lighted,1,Front-to-Rear,0,No Special Jurisdiction,12,Motor Vehicle In-Transport,,200,AUBURN,4,Minor Arterial,0,None
10308,/Date(1653007200000-0400)/,CHAMBERS (17),1,0,1,1,Alabama,1,2022-05-19 20:40,32.98525000,-85.230808330,1,Clear,,,2,Dark - Not Lighted,0,The First Harmful Event was Not a Collision with a Motor Vehicle in Transport,0,No Special Jurisdiction,35,Embankment,,0,NOT APPLICABLE,5,Major Collector,0,None
10313,/Date(1653079500000-0400)/,CALHOUN (15),1,1,2,1,Alabama,3,2022-05-20 16:45,33.92231944,-85.613511110,1,Clear,,,1,Daylight,6,Angle,0,No Special Jurisdiction,12,Motor Vehicle In-Transport,,2460,PIEDMONT,4,Minor Arterial,0,None
10314,/Date(1653104400000-0400)/,DALLAS (47),1,0,1,1,Alabama,1,2022-05-20 23:40,32.46538611,-86.898111110,1,Clear,,,2,Dark - Not Lighted,0,The First Harmful Event was Not a Collision with a Motor Vehicle in Transport,0,No Special Jurisdiction,42,Tree (Standing Only),,0,NOT APPLICABLE,4,Minor Arterial,0,None
10315,/Date(1653091500000-0400)/,CHILTON (21),1,1,1,1,Alabama,1,2022-05-20 20:05,32.81892222,-86.628366670,10,Cloudy,,,2,Dark - Not Lighted,0,The First Harmful Event was Not a Collision with a Motor Vehicle in Transport,0,No Special Jurisdiction,8,Pedestrian,,700,CLANTON,7,Local,0,None
10317,/Date(1653160200000-0400)/,MARION (93),1,0,1,1,Alabama,1,2022-05-21 15:10,34.00915278,-87.830547220,1,Clear,,,1,Daylight,0,The First Harmful Event was Not a Collision with a Motor Vehicle in Transport,0,No Special Jurisdiction,42,Tree (Standing Only),,0,NOT APPLICABLE,1,Interstate,0,None
10320,/Date(1653259080000-0400)/,JEFFERSON (73),1,0,4,1,Alabama,1,2022-05-22 18:38,33.62232500,-86.634816670,10,Cloudy,,,1,Daylight,0,The First Harmful Event was Not a Collision with a Motor Vehicle in Transport,0,No Special Jurisdiction,30,Utility Pole/Light Support,,3080,TRUSSVILLE,1,Interstate,0,None
10319,/Date(1653185760000-0400)/,CALHOUN (15),1,0,1,1,Alabama,1,2022-05-21 22:16,33.62434167,-85.716708330,10,Cloudy,,,2,Dark - Not Lighted,0,The First Harmful Event was Not a Collision with a Motor Vehicle in Transport,0,No Special Jurisdiction,35,Embankment,,0,NOT APPLICABLE,4,Minor Arterial,0,None
10322,/Date(1653329100000-0400)/,BALDWIN (3),1,0,1,1,Alabama,1,2022-05-23 14:05,30.63349167,-87.635877780,10,Cloudy,,,1,Daylight,0,The First Harmful Event was Not a Collision with a Motor Vehicle in Transport,0,No Special Jurisdiction,24,Guardrail Face,,0,NOT APPLICABLE,1,Interstate,0,None
10318,/Date(1653179340000-0400)/,JACKSON (71),2,0,2,1,Alabama,1,2022-05-21 20:29,34.67618056,-86.015472220,10,Cloudy,,,3,Dark - Lighted,0,The First Harmful Event was Not a Collision with a Motor Vehicle in Transport,0,No Special Jurisdiction,34,Ditch,,2720,SCOTTSBORO,4,Minor Arterial,0,None
10316,/Date(1653041400000-0400)/,CULLMAN (43),1,0,2,1,Alabama,2,2022-05-20 06:10,33.88675556,-86.987894440,1,Clear,,,1,Daylight,6,Angle,0,No Special Jurisdiction,12,Motor Vehicle In-Transport,,0,NOT APPLICABLE,5,Major Collector,0,None
10323,/Date(1653338700000-0400)/,MORGAN (103),1,0,2,1,Alabama,2,2022-05-23 16:45,34.47390833,-87.103411110,1,Clear,,,1,Daylight,6,Angle,0,No Special Jurisdiction,12,Motor Vehicle In-Transport,,0,NOT APPLICABLE,5,Major Collector,0,None
10325,/Date(1653296880000-0400)/,DALLAS (47),1,0,1,1,Alabama,1,2022-05-23 05:08,32.30830556,-86.834508330,2,Rain,,,2,Dark - Not Lighted,0,The First Harmful Event was Not a Collision with a Motor Vehicle in Transport,0,No Special Jurisdiction,18,Other Object (not fixed),,0,NOT APPLICABLE,3,Principal Arterial - Other,0,None
10321,/Date(1652977800000-0400)/,MARSHALL (95),1,0,4,1,Alabama,4,2022-05-19 12:30,34.35637778,-86.325905560,1,Clear,,,1,Daylight,2,Front-to-Front,0,No Special Jurisdiction,12,Motor Vehicle In-Transport,,1500,GUNTERSVILLE,4,Minor Arterial,0,None
10326,/Date(1653309900000-0400)/,BLOUNT (9),1,0,3,1,Alabama,2,2022-05-23 08:45,33.85666389,-86.836191670,2,Rain,,,1,Daylight,6,Angle,0,No Special Jurisdiction,12,Motor Vehicle In-Transport,,1600,HAYDEN,5,Major Collector,0,None
10324,/Date(1653257100000-0400)/,HOUSTON (69),1,0,10,1,Alabama,6,2022-05-22 18:05,31.28379167,-85.464302780,2,Rain,,,1,Daylight,0,The First Harmful Event was Not a Collision with a Motor Vehicle in Transport,0,No Special Jurisdiction,30,Utility Pole/Light Support,,930,DOTHAN,3,Principal Arterial - Other,0,None
10327,/Date(1647364320000-0400)/,RUSSELL (113),1,0,2,1,Alabama,2,2022-03-15 13:12,32.44798333,-85.017055560,2,Rain,,,1,Daylight,6,Angle,0,No Special Jurisdiction,12,Motor Vehicle In-Transport,,2440,PHENIX CITY,3,Principal Arterial - Other,0,None
10330,/Date(1644357060000-0500)/,BALDWIN (3),1,0,1,1,Alabama,1,2022-02-08 16:51,30.38710000,-87.647858330,1,Clear,,,1,Daylight,0,The First Harmful Event was Not a Collision with a Motor Vehicle in Transport,0,No Special Jurisdiction,1,Rollover/Overturn,,1210,FOLEY,4,Minor Arterial,0,None
10328,/Date(1649212980000-0400)/,CHILTON (21),1,1,1,1,Alabama,1,2022-04-05 22:43,32.82958611,-86.626261110,1,Clear,,,3,Dark - Lighted,0,The First Harmful Event was Not a Collision with a Motor Vehicle in Transport,0,No Special Jurisdiction,8,Pedestrian,,700,CLANTON,4,Minor Arterial,0,None
10329,/Date(1647211020000-0400)/,BUTLER (13),1,0,1,1,Alabama,1,2022-03-13 18:37,31.80210556,-86.642350000,1,Clear,,,1,Daylight,0,The First Harmful Event was Not a Collision with a Motor Vehicle in Transport,0,No Special Jurisdiction,42,Tree (Standing Only),,1460,GREENVILLE,5,Major Collector,0,None
10332,/Date(1653388200000-0400)/,CHOCTAW (23),1,0,2,1,Alabama,2,2022-05-24 06:30,32.09702778,-88.166605560,2,Rain,,,1,Daylight,2,Front-to-Front,0,No Special Jurisdiction,12,Motor Vehicle In-Transport,,520,BUTLER,4,Minor Arterial,1,Construction
10331,/Date(1653281940000-0400)/,WALKER (127),2,0,4,1,Alabama,2,2022-05-23 00:59,33.74582778,-87.270250000,2,Rain,,,3,Dark - Lighted,2,Front-to-Front,0,No Special Jurisdiction,12,Motor Vehicle In-Transport,,2400,PARRISH,5,Major Collector,0,None
10334,/Date(1653424500000-0400)/,MOBILE (97),3,0,6,1,Alabama,2,2022-05-24 16:35,30.78363889,-88.195563890,10,Cloudy,,,1,Daylight,2,Front-to-Front,0,No Special Jurisdiction,12,Motor Vehicle In-Transport,,0,NOT APPLICABLE,4,Minor Arterial,0,None
10333,/Date(1644132300000-0500)/,JEFFERSON (73),1,0,2,1,Alabama,2,2022-02-06 02:25,33.53163056,-86.824555560,1,Clear,,,3,Dark - Lighted,2,Front-to-Front,0,No Special Jurisdiction,12,Motor Vehicle In-Transport,,350,BIRMINGHAM,1,Interstate,0,None
10335,/Date(1653524400000-0400)/,DALLAS (47),1,0,1,1,Alabama,1,2022-05-25 20:20,32.58364167,-86.968475000,2,Rain,,,2,Dark - Not Lighted,0,The First Harmful Event was Not a Collision with a Motor Vehicle in Transport,0,No Special Jurisdiction,42,Tree (Standing Only),,0,NOT APPLICABLE,4,Minor Arterial,0,None
10337,/Date(1653515100000-0400)/,MOBILE (97),1,0,2,1,Alabama,1,2022-05-25 17:45,30.49641944,-88.233938890,10,Cloudy,,,1,Daylight,0,The First Harmful Event was Not a Collision with a Motor Vehicle in Transport,0,No Special Jurisdiction,34,Ditch,,0,NOT APPLICABLE,5,Major Collector,0,None
10336,/Date(1653455700000-0400)/,MARENGO (91),1,1,1,1,Alabama,1,2022-05-25 01:15,32.41952222,-87.597675000,10,Cloudy,,,2,Dark - Not Lighted,0,The First Harmful Event was Not a Collision with a Motor Vehicle in Transport,0,No Special Jurisdiction,8,Pedestrian,,0,NOT APPLICABLE,5,Major Collector,0,None
10338,/Date(-62135578800000-0500)/,JEFFERSON (73),1,0,1,1,Alabama,1,2022-05-26 99:99,33.79280833,-86.935297220,1,Clear,,,2,Dark - Not Lighted,0,The First Harmful Event was Not a Collision with a Motor Vehicle in Transport,0,No Special Jurisdiction,42,Tree (Standing Only),,0,NOT APPLICABLE,7,Local,0,None
10339,/Date(1653621900000-0400)/,CULLMAN (43),1,0,2,1,Alabama,1,2022-05-26 23:25,34.17838333,-86.655916670,10,Cloudy,,,2,Dark - Not Lighted,0,The First Harmful Event was Not a Collision with a Motor Vehicle in Transport,0,No Special Jurisdiction,53,Mail Box,,0,NOT APPLICABLE,7,Local,0,None
10341,/Date(1653589500000-0400)/,SHELBY (117),1,0,6,1,Alabama,3,2022-05-26 14:25,33.25132778,-86.799444440,2,Rain,,,1,Daylight,7,Sideswipe - Same Direction,0,No Special Jurisdiction,12,Motor Vehicle In-Transport,,0,NOT APPLICABLE,1,Interstate,0,None
10340,/Date(1653565200000-0400)/,MOBILE (97),1,0,4,1,Alabama,2,2022-05-26 07:40,30.63759167,-88.370891670,10,Cloudy,,,1,Daylight,6,Angle,0,No Special Jurisdiction,12,Motor Vehicle In-Transport,,0,NOT APPLICABLE,4,Minor Arterial,0,None
10343,/Date(1653648780000-0400)/,BULLOCK (11),1,0,2,1,Alabama,2,2022-05-27 06:53,32.15243889,-85.702877780,1,Clear,,,1,Daylight,6,Angle,0,No Special Jurisdiction,12,Motor Vehicle In-Transport,,3090,UNION SPRINGS,5,Major Collector,0,None
10345,/Date(1653763440000-0400)/,CULLMAN (43),1,0,2,1,Alabama,2,2022-05-28 14:44,34.16788889,-86.847975000,1,Clear,,,1,Daylight,6,Angle,0,No Special Jurisdiction,12,Motor Vehicle In-Transport,,830,CULLMAN,5,Major Collector,0,None
10342,/Date(1653699360000-0400)/,MOBILE (97),1,0,3,1,Alabama,2,2022-05-27 20:56,30.71244444,-88.130327780,1,Clear,,,3,Dark - Lighted,2,Front-to-Front,0,No Special Jurisdiction,12,Motor Vehicle In-Transport,,2100,MOBILE,3,Principal Arterial - Other,0,None
10346,/Date(1653741660000-0400)/,LEE (81),1,0,6,1,Alabama,3,2022-05-28 08:41,32.67538056,-85.326619440,1,Clear,,,1,Daylight,2,Front-to-Front,0,No Special Jurisdiction,12,Motor Vehicle In-Transport,,2340,OPELIKA,5,Major Collector,0,None
10344,/Date(1653795060000-0400)/,DALLAS (47),1,0,1,1,Alabama,1,2022-05-28 23:31,32.24255556,-87.407572220,1,Clear,,,2,Dark - Not Lighted,0,The First Harmful Event was Not a Collision with a Motor Vehicle in Transport,0,No Special Jurisdiction,42,Tree (Standing Only),,0,NOT APPLICABLE,3,Principal Arterial - Other,0,None
10347,/Date(1653723480000-0400)/,TALLADEGA (121),1,0,2,1,Alabama,2,2022-05-28 03:38,33.46353611,-86.098066670,1,Clear,,,2,Dark - Not Lighted,2,Front-to-Front,0,No Special Jurisdiction,12,Motor Vehicle In-Transport,,2910,TALLADEGA,3,Principal Arterial - Other,1,Construction
10348,/Date(1653754800000-0400)/,CALHOUN (15),1,0,2,1,Alabama,2,2022-05-28 12:20,33.59405556,-85.906855560,1,Clear,,,1,Daylight,6,Angle,0,No Special Jurisdiction,12,Motor Vehicle In-Transport,,2370,OXFORD,4,Minor Arterial,0,None
10349,/Date(1653848340000-0400)/,MADISON (89),1,0,4,1,Alabama,1,2022-05-29 14:19,34.75335278,-86.625241670,1,Clear,,,1,Daylight,0,The First Harmful Event was Not a Collision with a Motor Vehicle in Transport,0,No Special Jurisdiction,1,Rollover/Overturn,,1730,HUNTSVILLE,7,Local,0,None
10350,/Date(1653860400000-0400)/,ST. CLAIR (115),1,0,3,1,Alabama,2,2022-05-29 17:40,33.59295278,-86.418202780,1,Clear,,,1,Daylight,1,Front-to-Rear,0,No Special Jurisdiction,12,Motor Vehicle In-Transport,,0,NOT APPLICABLE,1,Interstate,0,None
10351,/Date(1653895500000-0400)/,ETOWAH (55),1,0,3,1,Alabama,2,2022-05-30 03:25,34.03546111,-85.966252780,1,Clear,,,2,Dark - Not Lighted,6,Angle,0,No Special Jurisdiction,12,Motor Vehicle In-Transport,,1280,GADSDEN,4,Minor Arterial,0,None
10354,/Date(1653933600000-0400)/,JACKSON (71),1,0,4,1,Alabama,3,2022-05-30 14:00,34.59860556,-86.080847220,1,Clear,,,1,Daylight,2,Front-to-Front,0,No Special Jurisdiction,12,Motor Vehicle In-Transport,,2720,SCOTTSBORO,4,Minor Arterial,0,None
10353,/Date(1653889800000-0400)/,TUSCALOOSA (125),1,0,1,1,Alabama,1,2022-05-30 01:50,33.14801944,-87.621711110,1,Clear,,,2,Dark - Not Lighted,0,The First Harmful Event was Not a Collision with a Motor Vehicle in Transport,0,No Special Jurisdiction,34,Ditch,,0,NOT APPLICABLE,5,Major Collector,0,None
10352,/Date(1653964740000-0400)/,MONTGOMERY (101),1,1,1,1,Alabama,1,2022-05-30 22:39,32.35165556,-86.316575000,1,Clear,,,3,Dark - Lighted,0,The First Harmful Event was Not a Collision with a Motor Vehicle in Transport,0,No Special Jurisdiction,8,Pedestrian,,2130,MONTGOMERY,4,Minor Arterial,0,None
10355,/Date(1653945600000-0400)/,SHELBY (117),1,0,2,1,Alabama,2,2022-05-30 17:20,33.35582500,-86.651016670,1,Clear,,,1,Daylight,6,Angle,0,No Special Jurisdiction,12,Motor Vehicle In-Transport,,0,NOT APPLICABLE,5,Major Collector,0,None
10356,/Date(1654036200000-0400)/,LAUDERDALE (77),1,0,1,1,Alabama,1,2022-05-31 18:30,34.84397222,-87.372519440,1,Clear,,,1,Daylight,0,The First Harmful Event was Not a Collision with a Motor Vehicle in Transport,0,No Special Jurisdiction,52,Guardrail End,,0,NOT APPLICABLE,3,Principal Arterial - Other,0,None
10357,/Date(1654125900000-0400)/,COOSA (37),1,0,2,1,Alabama,1,2022-06-01 19:25,32.99905556,-86.489775000,1,Clear,,,2,Dark - Not Lighted,0,The First Harmful Event was Not a Collision with a Motor Vehicle in Transport,0,No Special Jurisdiction,42,Tree (Standing Only),,0,NOT APPLICABLE,7,Local,0,None
10358,/Date(1654156440000-0400)/,TUSCALOOSA (125),1,1,1,1,Alabama,1,2022-06-02 03:54,33.16969167,-87.552400000,1,Clear,,,3,Dark - Lighted,0,The First Harmful Event was Not a Collision with a Motor Vehicle in Transport,0,No Special Jurisdiction,8,Pedestrian,,3050,TUSCALOOSA,1,Interstate,0,None
10359,/Date(1654081200000-0400)/,BULLOCK (11),1,0,1,1,Alabama,1,2022-06-01 07:00,32.10631389,-85.888477780,1,Clear,,,1,Daylight,0,The First Harmful Event was Not a Collision with a Motor Vehicle in Transport,0,No Special Jurisdiction,42,Tree (Standing Only),,0,NOT APPLICABLE,4,Minor Arterial,0,None
10361,/Date(1654304520000-0400)/,JEFFERSON (73),1,0,3,1,Alabama,2,2022-06-03 21:02,33.48123889,-86.787261110,1,Clear,,,3,Dark - Lighted,1,Front-to-Rear,0,No Special Jurisdiction,12,Motor Vehicle In-Transport,,1710,HOMEWOOD,3,Principal Arterial - Other,0,None
10360,/Date(1654304940000-0400)/,BLOUNT (9),1,0,1,1,Alabama,1,2022-06-03 21:09,33.93442778,-86.660405560,1,Clear,,,2,Dark - Not Lighted,0,The First Harmful Event was Not a Collision with a Motor Vehicle in Transport,0,No Special Jurisdiction,42,Tree (Standing Only),,0,NOT APPLICABLE,5,Major Collector,0,None
10363,/Date(1654371600000-0400)/,BALDWIN (3),1,0,1,1,Alabama,1,2022-06-04 15:40,30.89905556,-87.850966670,1,Clear,,,1,Daylight,0,The First Harmful Event was Not a Collision with a Motor Vehicle in Transport,0,No Special Jurisdiction,59,Traffic Sign Support ,,0,NOT APPLICABLE,4,Minor Arterial,0,None
10364,/Date(1654365600000-0400)/,JACKSON (71),1,0,1,1,Alabama,1,2022-06-04 14:00,34.96735000,-86.222230560,1,Clear,,,1,Daylight,0,The First Harmful Event was Not a Collision with a Motor Vehicle in Transport,0,No Special Jurisdiction,42,Tree (Standing Only),,0,NOT APPLICABLE,5,Major Collector,0,None
10362,/Date(1654368600000-0400)/,MOBILE (97),1,1,2,1,Alabama,1,2022-06-04 14:50,30.65477500,-88.136655560,1,Clear,,,1,Daylight,0,The First Harmful Event was Not a Collision with a Motor Vehicle in Transport,0,No Special Jurisdiction,9,Pedalcyclist,,2100,MOBILE,4,Minor Arterial,0,None
10365,/Date(1654394520000-0400)/,RUSSELL (113),1,0,3,1,Alabama,3,2022-06-04 22:02,32.47533333,-85.040383330,1,Clear,,,3,Dark - Lighted,2,Front-to-Front,0,No Special Jurisdiction,12,Motor Vehicle In-Transport,,2440,PHENIX CITY,3,Principal Arterial - Other,0,None
10366,/Date(1654417800000-0400)/,GREENE (63),1,0,3,1,Alabama,1,2022-06-05 04:30,32.70032778,-88.091666670,1,Clear,,,1,Daylight,0,The First Harmful Event was Not a Collision with a Motor Vehicle in Transport,0,No Special Jurisdiction,24,Guardrail Face,,0,NOT APPLICABLE,5,Major Collector,0,None
10367,/Date(1654566900000-0400)/,MOBILE (97),1,1,1,1,Alabama,1,2022-06-06 21:55,30.56111667,-88.209611110,10,Cloudy,,,3,Dark - Lighted,0,The First Harmful Event was Not a Collision with a Motor Vehicle in Transport,0,No Special Jurisdiction,8,Pedestrian,,0,NOT APPLICABLE,3,Principal Arterial - Other,0,None
10368,/Date(1654543800000-0400)/,BUTLER (13),1,0,1,1,Alabama,1,2022-06-06 15:30,31.83789444,-86.878905560,1,Clear,,,1,Daylight,0,The First Harmful Event was Not a Collision with a Motor Vehicle in Transport,0,No Special Jurisdiction,35,Embankment,,0,NOT APPLICABLE,4,Minor Arterial,0,None
10369,/Date(1654535220000-0400)/,CLEBURNE (29),1,0,1,1,Alabama,1,2022-06-06 13:07,33.60351389,-85.604325000,1,Clear,,,1,Daylight,0,The First Harmful Event was Not a Collision with a Motor Vehicle in Transport,0,No Special Jurisdiction,5,Fell/Jumped from Vehicle,,0,NOT APPLICABLE,4,Minor Arterial,0,None
10370,/Date(1654527300000-0400)/,AUTAUGA (1),1,0,1,1,Alabama,1,2022-06-06 10:55,32.49026944,-86.545941670,10,Cloudy,,,1,Daylight,0,The First Harmful Event was Not a Collision with a Motor Vehicle in Transport,0,No Special Jurisdiction,42,Tree (Standing Only),,0,NOT APPLICABLE,3,Principal Arterial - Other,0,None
10371,/Date(1654552680000-0400)/,BALDWIN (3),1,0,3,1,Alabama,2,2022-06-06 17:58,30.24742778,-87.831255560,1,Clear,,,1,Daylight,2,Front-to-Front,0,No Special Jurisdiction,12,Motor Vehicle In-Transport,,1493,GULF SHORES,5,Major Collector,0,None
10372,/Date(1654647720000-0400)/,MONTGOMERY (101),1,1,1,1,Alabama,1,2022-06-07 20:22,32.37096667,-86.209625000,1,Clear,,,3,Dark - Lighted,0,The First Harmful Event was Not a Collision with a Motor Vehicle in Transport,0,No Special Jurisdiction,8,Pedestrian,,2130,MONTGOMERY,3,Principal Arterial - Other,0,None
10373,/Date(1654701240000-0400)/,TALLAPOOSA (123),1,0,2,1,Alabama,2,2022-06-08 11:14,32.90604444,-85.900930560,2,Rain,,,1,Daylight,7,Sideswipe - Same Direction,0,No Special Jurisdiction,12,Motor Vehicle In-Transport,,60,ALEXANDER CITY,3,Principal Arterial - Other,0,None
10374,/Date(1654719120000-0400)/,MONTGOMERY (101),1,0,4,1,Alabama,4,2022-06-08 16:12,32.33537500,-86.228694440,1,Clear,,,1,Daylight,1,Front-to-Rear,0,No Special Jurisdiction,12,Motor Vehicle In-Transport,,2130,MONTGOMERY,3,Principal Arterial - Other,0,None
10375,/Date(1654798800000-0400)/,MOBILE (97),1,0,1,1,Alabama,1,2022-06-09 14:20,30.66867222,-88.133188890,10,Cloudy,,,1,Daylight,0,The First Harmful Event was Not a Collision with a Motor Vehicle in Transport,0,No Special Jurisdiction,30,Utility Pole/Light Support,,2100,MOBILE,4,Minor Arterial,0,None
10377,/Date(1654806420000-0400)/,RUSSELL (113),1,0,3,1,Alabama,3,2022-06-09 16:27,32.40380556,-85.034897220,1,Clear,,,1,Daylight,1,Front-to-Rear,0,No Special Jurisdiction,12,Motor Vehicle In-Transport,,2440,PHENIX CITY,4,Minor Arterial,0,None
10378,/Date(1654834380000-0400)/,MADISON (89),1,0,1,1,Alabama,1,2022-06-10 00:13,34.80050000,-86.749133330,1,Clear,,,3,Dark - Lighted,0,The First Harmful Event was Not a Collision with a Motor Vehicle in Transport,0,No Special Jurisdiction,34,Ditch,,0,NOT APPLICABLE,5,Major Collector,0,None
10376,/Date(1654824540000-0400)/,BALDWIN (3),1,0,3,1,Alabama,3,2022-06-09 21:29,30.61097500,-87.852066670,1,Clear,,,2,Dark - Not Lighted,8,Sideswipe - Opposite Direction,0,No Special Jurisdiction,12,Motor Vehicle In-Transport,,860,DAPHNE,4,Minor Arterial,0,None
10379,/Date(1654897800000-0400)/,COFFEE (31),1,0,2,1,Alabama,2,2022-06-10 17:50,31.55326944,-85.852025000,1,Clear,,,1,Daylight,2,Front-to-Front,0,No Special Jurisdiction,12,Motor Vehicle In-Transport,,0,NOT APPLICABLE,5,Major Collector,0,None
10380,/Date(1654910100000-0400)/,DALLAS (47),1,0,2,1,Alabama,1,2022-06-10 21:15,32.34055833,-87.199280560,10,Cloudy,,,2,Dark - Not Lighted,0,The First Harmful Event was Not a Collision with a Motor Vehicle in Transport,0,No Special Jurisdiction,5,Fell/Jumped from Vehicle,,0,NOT APPLICABLE,4,Minor Arterial,0,None
10381,/Date(1654943340000-0400)/,TALLAPOOSA (123),1,0,1,1,Alabama,1,2022-06-11 06:29,32.73938056,-85.594494440,1,Clear,,,1,Daylight,0,The First Harmful Event was Not a Collision with a Motor Vehicle in Transport,0,No Special Jurisdiction,59,Traffic Sign Support ,,0,NOT APPLICABLE,3,Principal Arterial - Other,0,None
10382,/Date(1654931820000-0400)/,MOBILE (97),1,0,4,1,Alabama,2,2022-06-11 03:17,30.56879444,-88.219494440,1,Clear,,,2,Dark - Not Lighted,2,Front-to-Front,0,No Special Jurisdiction,12,Motor Vehicle In-Transport,,0,NOT APPLICABLE,3,Principal Arterial - Other,0,None
10383,/Date(1655056560000-0400)/,PICKENS (107),1,0,1,1,Alabama,2,2022-06-12 13:56,33.27111667,-88.094391670,1,Clear,,,1,Daylight,0,The First Harmful Event was Not a Collision with a Motor Vehicle in Transport,0,No Special Jurisdiction,19,Building,,580,CARROLLTON,4,Minor Arterial,0,None
10384,/Date(1655080800000-0400)/,ST. CLAIR (115),1,0,1,1,Alabama,1,2022-06-12 20:40,33.70495278,-86.199275000,1,Clear,,,2,Dark - Not Lighted,0,The First Harmful Event was Not a Collision with a Motor Vehicle in Transport,0,No Special Jurisdiction,53,Mail Box,,0,NOT APPLICABLE,4,Minor Arterial,0,None
10385,/Date(1655156820000-0400)/,GENEVA (61),1,0,1,1,Alabama,1,2022-06-13 17:47,31.16579722,-85.739158330,10,Cloudy,,,1,Daylight,0,The First Harmful Event was Not a Collision with a Motor Vehicle in Transport,0,No Special Jurisdiction,42,Tree (Standing Only),,0,NOT APPLICABLE,4,Minor Arterial,0,None
10387,/Date(1655251320000-0400)/,MOBILE (97),1,0,1,1,Alabama,1,2022-06-14 20:02,30.75739167,-88.093150000,10,Cloudy,,,3,Dark - Lighted,0,The First Harmful Event was Not a Collision with a Motor Vehicle in Transport,0,No Special Jurisdiction,52,Guardrail End,,2100,MOBILE,1,Interstate,0,None
10386,/Date(1655234100000-0400)/,CLEBURNE (29),1,0,5,1,Alabama,3,2022-06-14 15:15,33.58721389,-85.682280560,1,Clear,,,1,Daylight,1,Front-to-Rear,0,No Special Jurisdiction,12,Motor Vehicle In-Transport,,0,NOT APPLICABLE,3,Principal Arterial - Other,0,None
10389,/Date(1655344800000-0400)/,WALKER (127),1,0,1,1,Alabama,1,2022-06-15 22:00,33.84495833,-87.233344440,99,Reported as Unknown,,,9,Reported as Unknown,0,The First Harmful Event was Not a Collision with a Motor Vehicle in Transport,0,No Special Jurisdiction,17,Boulder,,1780,JASPER,7,Local,0,None
10388,/Date(1655287620000-0400)/,FRANKLIN (59),1,0,1,1,Alabama,1,2022-06-15 06:07,34.42492222,-88.153383330,1,Clear,,,4,Dawn,0,The First Harmful Event was Not a Collision with a Motor Vehicle in Transport,0,No Special Jurisdiction,42,Tree (Standing Only),,2570,RED BAY,7,Local,0,None
10392,/Date(1655373600000-0400)/,WILCOX (131),1,0,2,1,Alabama,1,2022-06-16 06:00,31.97968056,-87.210555560,1,Clear,,,4,Dawn,0,The First Harmful Event was Not a Collision with a Motor Vehicle in Transport,0,No Special Jurisdiction,32,Culvert,,0,NOT APPLICABLE,4,Minor Arterial,0,None
10390,/Date(1655277300000-0400)/,DALLAS (47),1,1,1,1,Alabama,1,2022-06-15 03:15,32.41289444,-86.987622220,1,Clear,,,2,Dark - Not Lighted,0,The First Harmful Event was Not a Collision with a Motor Vehicle in Transport,0,No Special Jurisdiction,8,Pedestrian,,0,NOT APPLICABLE,5,Major Collector,0,None
10391,/Date(1655299800000-0400)/,DALLAS (47),1,0,1,1,Alabama,1,2022-06-15 09:30,32.55988611,-86.946919440,10,Cloudy,,,1,Daylight,0,The First Harmful Event was Not a Collision with a Motor Vehicle in Transport,0,No Special Jurisdiction,38,Fence,,0,NOT APPLICABLE,5,Major Collector,0,None
10395,/Date(1655532420000-0400)/,TUSCALOOSA (125),1,0,1,1,Alabama,1,2022-06-18 02:07,33.22250000,-87.540183330,1,Clear,,,3,Dark - Lighted,0,The First Harmful Event was Not a Collision with a Motor Vehicle in Transport,0,No Special Jurisdiction,30,Utility Pole/Light Support,,3050,TUSCALOOSA,4,Minor Arterial,0,None
10394,/Date(1655531880000-0400)/,MOBILE (97),1,0,1,1,Alabama,1,2022-06-18 01:58,31.12489167,-88.099750000,1,Clear,,,2,Dark - Not Lighted,0,The First Harmful Event was Not a Collision with a Motor Vehicle in Transport,0,No Special Jurisdiction,1,Rollover/Overturn,,0,NOT APPLICABLE,5,Major Collector,0,None
10393,/Date(1655607840000-0400)/,TUSCALOOSA (125),1,1,10,1,Alabama,3,2022-06-18 23:04,33.24389722,-87.668958330,1,Clear,,,2,Dark - Not Lighted,0,The First Harmful Event was Not a Collision with a Motor Vehicle in Transport,0,No Special Jurisdiction,8,Pedestrian,,2260,NORTHPORT,3,Principal Arterial - Other,0,None
10396,/Date(1655584260000-0400)/,ETOWAH (55),1,0,1,1,Alabama,1,2022-06-18 16:31,33.99975556,-86.085411110,1,Clear,,,1,Daylight,0,The First Harmful Event was Not a Collision with a Motor Vehicle in Transport,0,No Special Jurisdiction,57,Cable Barrier,,0,NOT APPLICABLE,1,Interstate,0,None
10399,/Date(1655752920000-0400)/,BALDWIN (3),1,0,2,1,Alabama,2,2022-06-20 15:22,30.92634444,-87.694108330,2,Rain,,,1,Daylight,6,Angle,0,No Special Jurisdiction,12,Motor Vehicle In-Transport,,0,NOT APPLICABLE,4,Minor Arterial,0,None
10397,/Date(1655622000000-0400)/,PIKE (109),1,1,1,1,Alabama,1,2022-06-19 03:00,31.84450000,-85.764836110,1,Clear,,,2,Dark - Not Lighted,0,The First Harmful Event was Not a Collision with a Motor Vehicle in Transport,0,No Special Jurisdiction,8,Pedestrian,,0,NOT APPLICABLE,5,Major Collector,0,None
10398,/Date(1655617380000-0400)/,JEFFERSON (73),1,0,2,1,Alabama,2,2022-06-19 01:43,33.52070833,-86.802633330,1,Clear,,,3,Dark - Lighted,6,Angle,0,No Special Jurisdiction,12,Motor Vehicle In-Transport,,330,BESSEMER,5,Major Collector,0,None
10400,/Date(1655712000000-0400)/,MONTGOMERY (101),1,0,1,1,Alabama,1,2022-06-20 04:00,31.98164722,-86.157955560,1,Clear,,,2,Dark - Not Lighted,0,The First Harmful Event was Not a Collision with a Motor Vehicle in Transport,0,No Special Jurisdiction,1,Rollover/Overturn,,0,NOT APPLICABLE,6,Minor Collector,0,None
10402,/Date(1655928180000-0400)/,LEE (81),1,1,2,1,Alabama,1,2022-06-22 16:03,32.63504722,-85.423761110,1,Clear,,,1,Daylight,0,The First Harmful Event was Not a Collision with a Motor Vehicle in Transport,0,No Special Jurisdiction,8,Pedestrian,,2340,OPELIKA,3,Principal Arterial - Other,0,None
10401,/Date(1655753880000-0400)/,CHAMBERS (17),1,0,1,1,Alabama,1,2022-06-20 15:38,33.09245278,-85.277619440,1,Clear,,,1,Daylight,0,The First Harmful Event was Not a Collision with a Motor Vehicle in Transport,0,No Special Jurisdiction,34,Ditch,,0,NOT APPLICABLE,5,Major Collector,0,None
10403,/Date(1656008220000-0400)/,TALLADEGA (121),1,0,1,1,Alabama,1,2022-06-23 14:17,33.49496944,-86.170747220,1,Clear,,,1,Daylight,0,The First Harmful Event was Not a Collision with a Motor Vehicle in Transport,0,No Special Jurisdiction,1,Rollover/Overturn,,0,NOT APPLICABLE,7,Local,0,None
10404,/Date(1656016800000-0400)/,LAUDERDALE (77),2,0,3,1,Alabama,2,2022-06-23 16:40,34.81287778,-87.250516670,1,Clear,,,1,Daylight,6,Angle,0,No Special Jurisdiction,12,Motor Vehicle In-Transport,,2670,ROGERSVILLE,3,Principal Arterial - Other,0,None
10405,/Date(1656071700000-0400)/,SHELBY (117),1,0,1,1,Alabama,1,2022-06-24 07:55,33.34995278,-86.585011110,1,Clear,,,1,Daylight,0,The First Harmful Event was Not a Collision with a Motor Vehicle in Transport,0,No Special Jurisdiction,33,Curb,,0,NOT APPLICABLE,3,Principal Arterial - Other,1,Construction
10406,/Date(1656074160000-0400)/,JACKSON (71),1,0,1,1,Alabama,1,2022-06-24 08:36,34.80109444,-85.870272220,1,Clear,,,1,Daylight,0,The First Harmful Event was Not a Collision with a Motor Vehicle in Transport,0,No Special Jurisdiction,35,Embankment,,2850,STEVENSON,3,Principal Arterial - Other,0,None
10410,/Date(1656258600000-0400)/,MORGAN (103),1,0,1,1,Alabama,1,2022-06-26 11:50,34.33191389,-86.847430560,1,Clear,,,1,Daylight,0,The First Harmful Event was Not a Collision with a Motor Vehicle in Transport,0,No Special Jurisdiction,42,Tree (Standing Only),,0,NOT APPLICABLE,7,Local,0,None
10407,/Date(1656202620000-0400)/,RUSSELL (113),1,0,2,1,Alabama,2,2022-06-25 20:17,32.25259444,-85.003302780,1,Clear,,,2,Dark - Not Lighted,6,Angle,0,No Special Jurisdiction,12,Motor Vehicle In-Transport,,0,NOT APPLICABLE,5,Major Collector,0,None
10408,/Date(1656186960000-0400)/,TALLADEGA (121),1,0,3,1,Alabama,3,2022-06-25 15:56,33.16391389,-86.291286110,10,Cloudy,,,1,Daylight,2,Front-to-Front,0,No Special Jurisdiction,12,Motor Vehicle In-Transport,,0,NOT APPLICABLE,5,Major Collector,0,None
10413,/Date(1656184200000-0400)/,RUSSELL (113),1,1,1,1,Alabama,1,2022-06-25 15:10,32.46017500,-85.145605560,1,Clear,,,1,Daylight,0,The First Harmful Event was Not a Collision with a Motor Vehicle in Transport,0,No Special Jurisdiction,8,Pedestrian,,0,NOT APPLICABLE,3,Principal Arterial - Other,0,None
10414,/Date(1656199200000-0400)/,FRANKLIN (59),1,0,1,1,Alabama,1,2022-06-25 19:20,34.42435833,-87.580363890,1,Clear,,,1,Daylight,0,The First Harmful Event was Not a Collision with a Motor Vehicle in Transport,0,No Special Jurisdiction,1,Rollover/Overturn,,0,NOT APPLICABLE,5,Major Collector,0,None
10412,/Date(1656211320000-0400)/,TALLADEGA (121),1,0,2,1,Alabama,1,2022-06-25 22:42,33.28031944,-86.301186110,10,Cloudy,,,2,Dark - Not Lighted,0,The First Harmful Event was Not a Collision with a Motor Vehicle in Transport,0,No Special Jurisdiction,1,Rollover/Overturn,,0,NOT APPLICABLE,5,Major Collector,0,None
10415,/Date(1659320940000-0400)/,RUSSELL (113),1,0,1,1,Alabama,1,2022-07-31 22:29,32.26304444,-85.270988890,10,Cloudy,,,2,Dark - Not Lighted,0,The First Harmful Event was Not a Collision with a Motor Vehicle in Transport,0,No Special Jurisdiction,42,Tree (Standing Only),,0,NOT APPLICABLE,7,Local,0,None
10417,/Date(1655416020000-0400)/,JEFFERSON (73),1,0,1,1,Alabama,1,2022-06-16 17:47,33.48373333,-86.860544440,1,Clear,,,1,Daylight,0,The First Harmful Event was Not a Collision with a Motor Vehicle in Transport,0,No Special Jurisdiction,10,Railway Vehicle,,350,BIRMINGHAM,5,Major Collector,0,None
10416,/Date(1660666920000-0400)/,LIMESTONE (83),1,0,2,1,Alabama,2,2022-08-16 12:22,34.77773889,-86.918194440,10,Cloudy,,,1,Daylight,6,Angle,0,No Special Jurisdiction,12,Motor Vehicle In-Transport,,170,ATHENS,3,Principal Arterial - Other,0,None
10418,/Date(1655881200000-0400)/,TUSCALOOSA (125),1,0,1,1,Alabama,1,2022-06-22 03:00,33.18625833,-87.584211110,1,Clear,,,3,Dark - Lighted,0,The First Harmful Event was Not a Collision with a Motor Vehicle in Transport,0,No Special Jurisdiction,33,Curb,,3050,TUSCALOOSA,5,Major Collector,0,None
10419,/Date(1656291600000-0400)/,JEFFERSON (73),1,0,1,1,Alabama,1,2022-06-26 21:00,33.52536944,-86.970088890,10,Cloudy,,,2,Dark - Not Lighted,0,The First Harmful Event was Not a Collision with a Motor Vehicle in Transport,0,No Special Jurisdiction,1,Rollover/Overturn,,350,BIRMINGHAM,7,Local,0,None
10420,/Date(1656079800000-0400)/,GENEVA (61),1,0,3,1,Alabama,2,2022-06-24 10:10,31.18992500,-85.837358330,1,Clear,,,1,Daylight,0,The First Harmful Event was Not a Collision with a Motor Vehicle in Transport,0,No Special Jurisdiction,1,Rollover/Overturn,,0,NOT APPLICABLE,5,Major Collector,0,None
10421,/Date(1656282420000-0400)/,JEFFERSON (73),1,0,1,1,Alabama,1,2022-06-26 18:27,33.46876667,-86.882986110,10,Cloudy,,,1,Daylight,0,The First Harmful Event was Not a Collision with a Motor Vehicle in Transport,0,No Special Jurisdiction,10,Railway Vehicle,,350,BIRMINGHAM,4,Minor Arterial,0,None
10422,/Date(1656319500000-0400)/,ST. CLAIR (115),1,0,3,1,Alabama,3,2022-06-27 04:45,33.57836389,-86.471227780,10,Cloudy,,,2,Dark - Not Lighted,0,The First Harmful Event was Not a Collision with a Motor Vehicle in Transport,0,No Special Jurisdiction,25,Concrete Traffic Barrier,,0,NOT APPLICABLE,1,Interstate,0,None
10423,/Date(1656368220000-0400)/,LIMESTONE (83),1,1,1,1,Alabama,1,2022-06-27 18:17,34.84999167,-87.071083330,1,Clear,,,1,Daylight,0,The First Harmful Event was Not a Collision with a Motor Vehicle in Transport,0,No Special Jurisdiction,8,Pedestrian,,0,NOT APPLICABLE,5,Major Collector,0,None
10424,/Date(1656437400000-0400)/,JEFFERSON (73),1,0,3,1,Alabama,2,2022-06-28 13:30,33.57834722,-86.711658330,1,Clear,,,1,Daylight,1,Front-to-Rear,0,No Special Jurisdiction,12,Motor Vehicle In-Transport,,350,BIRMINGHAM,1,Interstate,0,None
10425,/Date(1656495600000-0400)/,DEKALB (49),1,0,1,1,Alabama,1,2022-06-29 05:40,34.36415556,-85.765991670,10,Cloudy,,,1,Daylight,0,The First Harmful Event was Not a Collision with a Motor Vehicle in Transport,0,No Special Jurisdiction,11,Live Animal,,0,NOT APPLICABLE,5,Major Collector,0,None
10428,/Date(1656584820000-0400)/,JEFFERSON (73),1,0,1,1,Alabama,2,2022-06-30 06:27,33.47522500,-86.875522220,10,Cloudy,,,1,Daylight,0,The First Harmful Event was Not a Collision with a Motor Vehicle in Transport,0,No Special Jurisdiction,33,Curb,,350,BIRMINGHAM,4,Minor Arterial,0,None
10427,/Date(1656531240000-0400)/,LIMESTONE (83),1,0,3,1,Alabama,1,2022-06-29 15:34,34.66330000,-86.950261110,1,Clear,,,1,Daylight,0,The First Harmful Event was Not a Collision with a Motor Vehicle in Transport,0,No Special Jurisdiction,59,Traffic Sign Support ,,0,NOT APPLICABLE,3,Principal Arterial - Other,0,None
10429,/Date(1656644400000-0400)/,BALDWIN (3),1,0,8,1,Alabama,4,2022-06-30 23:00,30.23372500,-87.935869440,1,Clear,,,2,Dark - Not Lighted,2,Front-to-Front,0,No Special Jurisdiction,12,Motor Vehicle In-Transport,,0,NOT APPLICABLE,5,Major Collector,0,None
10430,/Date(1656700920000-0400)/,GENEVA (61),1,0,3,1,Alabama,2,2022-07-01 14:42,31.02199167,-85.891469440,1,Clear,,,1,Daylight,2,Front-to-Front,0,No Special Jurisdiction,12,Motor Vehicle In-Transport,,1340,GENEVA,5,Major Collector,0,None
10426,/Date(1656507600000-0400)/,WALKER (127),1,0,2,1,Alabama,2,2022-06-29 09:00,33.63586111,-87.152077780,1,Clear,,,1,Daylight,2,Front-to-Front,0,No Special Jurisdiction,12,Motor Vehicle In-Transport,,0,NOT APPLICABLE,5,Major Collector,0,None
10432,/Date(1656816600000-0400)/,LAWRENCE (79),2,0,4,1,Alabama,2,2022-07-02 22:50,34.48454444,-87.433752780,1,Clear,,,2,Dark - Not Lighted,6,Angle,0,No Special Jurisdiction,12,Motor Vehicle In-Transport,,0,NOT APPLICABLE,3,Principal Arterial - Other,0,None
10433,/Date(1656747000000-0400)/,JEFFERSON (73),1,0,2,1,Alabama,2,2022-07-02 03:30,33.52272222,-86.849488890,1,Clear,,,3,Dark - Lighted,1,Front-to-Rear,0,No Special Jurisdiction,12,Motor Vehicle In-Transport,,350,BIRMINGHAM,1,Interstate,0,None
10431,/Date(1656678600000-0400)/,LAWRENCE (79),1,0,2,1,Alabama,2,2022-07-01 08:30,34.67222500,-87.291830560,10,Cloudy,,,1,Daylight,1,Front-to-Rear,0,No Special Jurisdiction,12,Motor Vehicle In-Transport,,800,COURTLAND,3,Principal Arterial - Other,0,None
10434,/Date(1656742500000-0400)/,LAWRENCE (79),1,0,1,1,Alabama,1,2022-07-02 02:15,34.57177500,-87.370352780,1,Clear,,,2,Dark - Not Lighted,0,The First Harmful Event was Not a Collision with a Motor Vehicle in Transport,0,No Special Jurisdiction,42,Tree (Standing Only),,0,NOT APPLICABLE,7,Local,0,None
10435,/Date(1656744600000-0400)/,LOWNDES (85),1,0,2,1,Alabama,2,2022-07-02 02:50,32.12626111,-86.449405560,10,Cloudy,,,2,Dark - Not Lighted,1,Front-to-Rear,0,No Special Jurisdiction,12,Motor Vehicle In-Transport,,0,NOT APPLICABLE,1,Interstate,0,None
10437,/Date(1656825600000-0400)/,JEFFERSON (73),1,0,1,1,Alabama,1,2022-07-03 01:20,33.44212500,-86.890513890,1,Clear,,,3,Dark - Lighted,0,The First Harmful Event was Not a Collision with a Motor Vehicle in Transport,0,No Special Jurisdiction,42,Tree (Standing Only),,350,BIRMINGHAM,4,Minor Arterial,0,None
10436,/Date(1656757740000-0400)/,MADISON (89),1,0,10,1,Alabama,3,2022-07-02 06:29,34.66399167,-86.781455560,1,Clear,,,1,Daylight,1,Front-to-Rear,0,No Special Jurisdiction,12,Motor Vehicle In-Transport,,1730,HUNTSVILLE,1,Interstate,0,None
10439,/Date(1656846600000-0400)/,COFFEE (31),1,0,1,1,Alabama,1,2022-07-03 07:10,31.31125556,-85.818355560,1,Clear,,,1,Daylight,0,The First Harmful Event was Not a Collision with a Motor Vehicle in Transport,0,No Special Jurisdiction,42,Tree (Standing Only),,1030,ENTERPRISE,5,Major Collector,0,None
10440,/Date(1656878400000-0400)/,JACKSON (71),1,0,2,1,Alabama,1,2022-07-03 16:00,34.88742778,-85.810858330,2,Rain,,,1,Daylight,0,The First Harmful Event was Not a Collision with a Motor Vehicle in Transport,0,No Special Jurisdiction,32,Culvert,,480,BRIDGEPORT,3,Principal Arterial - Other,0,None
10438,/Date(1656834000000-0400)/,TUSCALOOSA (125),2,0,6,1,Alabama,3,2022-07-03 03:40,33.18801944,-87.329933330,1,Clear,,,2,Dark - Not Lighted,2,Front-to-Front,0,No Special Jurisdiction,12,Motor Vehicle In-Transport,,0,NOT APPLICABLE,1,Interstate,0,None
10441,/Date(1656833400000-0400)/,CALHOUN (15),1,0,2,1,Alabama,1,2022-07-03 03:30,33.84524444,-85.758658330,1,Clear,,,2,Dark - Not Lighted,0,The First Harmful Event was Not a Collision with a Motor Vehicle in Transport,0,No Special Jurisdiction,53,Mail Box,,0,NOT APPLICABLE,5,Major Collector,0,None
10442,/Date(1656894360000-0400)/,MADISON (89),1,0,4,1,Alabama,2,2022-07-03 20:26,34.77132778,-86.621138890,2,Rain,,,3,Dark - Lighted,2,Front-to-Front,0,No Special Jurisdiction,12,Motor Vehicle In-Transport,,1730,HUNTSVILLE,5,Major Collector,0,None
10443,/Date(1657060920000-0400)/,MADISON (89),1,0,1,1,Alabama,1,2022-07-05 18:42,34.70314722,-86.598836110,1,Clear,,,1,Daylight,0,The First Harmful Event was Not a Collision with a Motor Vehicle in Transport,0,No Special Jurisdiction,42,Tree (Standing Only),,1730,HUNTSVILLE,5,Major Collector,0,None
10444,/Date(1656988980000-0400)/,MOBILE (97),1,0,1,1,Alabama,1,2022-07-04 22:43,30.62901389,-88.083358330,10,Cloudy,,,3,Dark - Lighted,0,The First Harmful Event was Not a Collision with a Motor Vehicle in Transport,0,No Special Jurisdiction,18,Other Object (not fixed),,2100,MOBILE,7,Local,0,None
10446,/Date(1657182660000-0400)/,COLBERT (33),1,0,1,1,Alabama,1,2022-07-07 04:31,34.77473611,-87.446311110,1,Clear,,,2,Dark - Not Lighted,0,The First Harmful Event was Not a Collision with a Motor Vehicle in Transport,0,No Special Jurisdiction,42,Tree (Standing Only),,0,NOT APPLICABLE,5,Major Collector,0,None
10445,/Date(1656830400000-0400)/,ESCAMBIA (53),1,1,3,1,Alabama,2,2022-07-03 02:40,31.02627778,-87.414066670,5,"Fog, Smog, Smoke",,,2,Dark - Not Lighted,0,The First Harmful Event was Not a Collision with a Motor Vehicle in Transport,0,No Special Jurisdiction,14,Parked Motor Vehicle,,0,NOT APPLICABLE,4,Minor Arterial,0,None
10447,/Date(1656996660000-0400)/,TUSCALOOSA (125),1,0,3,1,Alabama,2,2022-07-05 00:51,33.16651944,-87.525708330,1,Clear,,,2,Dark - Not Lighted,6,Angle,0,No Special Jurisdiction,12,Motor Vehicle In-Transport,,3050,TUSCALOOSA,3,Principal Arterial - Other,0,None
10449,/Date(1657191540000-0400)/,BALDWIN (3),1,0,2,1,Alabama,2,2022-07-07 06:59,30.56773056,-87.611247220,1,Clear,,,1,Daylight,2,Front-to-Front,0,No Special Jurisdiction,12,Motor Vehicle In-Transport,,0,NOT APPLICABLE,4,Minor Arterial,0,None
10450,/Date(1657186500000-0400)/,TUSCALOOSA (125),1,0,1,1,Alabama,1,2022-07-07 05:35,33.21280556,-87.200316670,1,Clear,,,4,Dawn,0,The First Harmful Event was Not a Collision with a Motor Vehicle in Transport,0,No Special Jurisdiction,34,Ditch,,0,NOT APPLICABLE,1,Interstate,0,None
10448,/Date(1657225800000-0400)/,MONROE (99),1,0,1,1,Alabama,1,2022-07-07 16:30,31.77688056,-86.994011110,1,Clear,,,1,Daylight,0,The First Harmful Event was Not a Collision with a Motor Vehicle in Transport,0,No Special Jurisdiction,42,Tree (Standing Only),,0,NOT APPLICABLE,5,Major Collector,0,None
10453,/Date(1657252800000-0400)/,ETOWAH (55),1,1,3,1,Alabama,1,2022-07-08 00:00,34.18293611,-86.144411110,1,Clear,,,3,Dark - Lighted,0,The First Harmful Event was Not a Collision with a Motor Vehicle in Transport,0,No Special Jurisdiction,9,Pedalcyclist,,2719,SARDIS CITY,3,Principal Arterial - Other,0,None
10454,/Date(1657330200000-0400)/,LAWRENCE (79),1,0,1,1,Alabama,1,2022-07-08 21:30,34.45861944,-87.436966670,1,Clear,,,2,Dark - Not Lighted,0,The First Harmful Event was Not a Collision with a Motor Vehicle in Transport,0,No Special Jurisdiction,34,Ditch,,0,NOT APPLICABLE,5,Major Collector,0,None
10451,/Date(1657213920000-0400)/,CHEROKEE (19),1,0,3,1,Alabama,2,2022-07-07 13:12,34.25984167,-85.579416670,1,Clear,,,1,Daylight,1,Front-to-Rear,0,No Special Jurisdiction,12,Motor Vehicle In-Transport,,0,NOT APPLICABLE,4,Minor Arterial,0,None
10452,/Date(1657236300000-0400)/,JEFFERSON (73),1,0,4,1,Alabama,1,2022-07-07 19:25,33.55886389,-86.820463890,1,Clear,,,5,Dusk,0,The First Harmful Event was Not a Collision with a Motor Vehicle in Transport,0,No Special Jurisdiction,33,Curb,,350,BIRMINGHAM,4,Minor Arterial,0,None
10455,/Date(1657337700000-0400)/,LOWNDES (85),1,0,3,1,Alabama,1,2022-07-08 23:35,32.33000278,-86.535600000,10,Cloudy,,,2,Dark - Not Lighted,0,The First Harmful Event was Not a Collision with a Motor Vehicle in Transport,0,No Special Jurisdiction,42,Tree (Standing Only),,0,NOT APPLICABLE,5,Major Collector,0,None
10456,/Date(1657306200000-0400)/,MONROE (99),1,0,4,1,Alabama,1,2022-07-08 14:50,31.44038611,-87.293727780,1,Clear,,,1,Daylight,0,The First Harmful Event was Not a Collision with a Motor Vehicle in Transport,0,No Special Jurisdiction,1,Rollover/Overturn,,0,NOT APPLICABLE,7,Local,0,None
10457,/Date(1657343400000-0400)/,MOBILE (97),1,0,3,1,Alabama,2,2022-07-09 01:10,30.74137500,-88.058447220,1,Clear,,,3,Dark - Lighted,6,Angle,0,No Special Jurisdiction,12,Motor Vehicle In-Transport,,2100,MOBILE,4,Minor Arterial,0,None
10458,/Date(1657389600000-0400)/,JEFFERSON (73),1,0,2,1,Alabama,2,2022-07-09 14:00,33.54451111,-86.758938890,1,Clear,,,1,Daylight,7,Sideswipe - Same Direction,0,No Special Jurisdiction,12,Motor Vehicle In-Transport,,350,BIRMINGHAM,1,Interstate,0,None
10460,/Date(1657411260000-0400)/,TUSCALOOSA (125),1,0,4,1,Alabama,2,2022-07-09 20:01,33.18859722,-87.299491670,2,Rain,,,2,Dark - Not Lighted,1,Front-to-Rear,0,No Special Jurisdiction,12,Motor Vehicle In-Transport,,0,NOT APPLICABLE,1,Interstate,0,None
10459,/Date(1657390380000-0400)/,TALLAPOOSA (123),1,0,1,1,Alabama,1,2022-07-09 14:13,33.09719722,-85.921469440,10,Cloudy,,,1,Daylight,0,The First Harmful Event was Not a Collision with a Motor Vehicle in Transport,0,No Special Jurisdiction,42,Tree (Standing Only),,0,NOT APPLICABLE,5,Major Collector,0,None
10461,/Date(1657339500000-0400)/,CULLMAN (43),1,0,1,1,Alabama,1,2022-07-09 00:05,34.04926667,-86.835983330,1,Clear,,,2,Dark - Not Lighted,0,The First Harmful Event was Not a Collision with a Motor Vehicle in Transport,0,No Special Jurisdiction,1,Rollover/Overturn,,0,NOT APPLICABLE,5,Major Collector,0,None
10462,/Date(1657491600000-0400)/,LAUDERDALE (77),1,0,2,1,Alabama,2,2022-07-10 18:20,34.93185000,-87.784766670,1,Clear,,,1,Daylight,1,Front-to-Rear,0,No Special Jurisdiction,12,Motor Vehicle In-Transport,,0,NOT APPLICABLE,5,Major Collector,0,None
10464,/Date(1657518720000-0400)/,WALKER (127),1,0,1,1,Alabama,1,2022-07-11 01:52,33.69588611,-87.253886110,1,Clear,,,2,Dark - Not Lighted,0,The First Harmful Event was Not a Collision with a Motor Vehicle in Transport,0,No Special Jurisdiction,32,Culvert,,0,NOT APPLICABLE,5,Major Collector,0,None
10463,/Date(1657491600000-0400)/,CHEROKEE (19),1,0,1,1,Alabama,1,2022-07-10 18:20,34.18128333,-85.524138890,10,Cloudy,,,1,Daylight,0,The First Harmful Event was Not a Collision with a Motor Vehicle in Transport,0,No Special Jurisdiction,32,Culvert,,0,NOT APPLICABLE,5,Major Collector,0,None
10466,/Date(1657518960000-0400)/,MARSHALL (95),1,1,1,1,Alabama,1,2022-07-11 01:56,34.26540000,-86.191980560,1,Clear,,,2,Dark - Not Lighted,0,The First Harmful Event was Not a Collision with a Motor Vehicle in Transport,0,No Special Jurisdiction,8,Pedestrian,,50,ALBERTVILLE,3,Principal Arterial - Other,0,None
10465,/Date(1657568100000-0400)/,LEE (81),1,2,2,1,Alabama,2,2022-07-11 15:35,32.61624167,-85.371419440,1,Clear,,,1,Daylight,0,The First Harmful Event was Not a Collision with a Motor Vehicle in Transport,0,No Special Jurisdiction,45,Working Motor Vehicle ,,2340,OPELIKA,4,Minor Arterial,1,Construction
10467,/Date(1657561140000-0400)/,ETOWAH (55),1,0,3,1,Alabama,3,2022-07-11 13:39,34.03778611,-86.022075000,1,Clear,,,1,Daylight,0,The First Harmful Event was Not a Collision with a Motor Vehicle in Transport,0,No Special Jurisdiction,1,Rollover/Overturn,,1280,GADSDEN,4,Minor Arterial,0,None
10469,/Date(1657686720000-0400)/,TUSCALOOSA (125),1,0,1,1,Alabama,1,2022-07-13 00:32,33.19850278,-87.560400000,1,Clear,,,3,Dark - Lighted,0,The First Harmful Event was Not a Collision with a Motor Vehicle in Transport,0,No Special Jurisdiction,10,Railway Vehicle,,3050,TUSCALOOSA,5,Major Collector,0,None
10468,/Date(1657627260000-0400)/,TALLADEGA (121),1,1,1,1,Alabama,1,2022-07-12 08:01,33.58135278,-86.109194440,1,Clear,,,1,Daylight,0,The First Harmful Event was Not a Collision with a Motor Vehicle in Transport,0,No Special Jurisdiction,9,Pedalcyclist,,1870,LINCOLN,5,Major Collector,0,None
10470,/Date(1657749180000-0400)/,ETOWAH (55),1,1,1,1,Alabama,1,2022-07-13 17:53,34.01729167,-86.067538890,1,Clear,,,1,Daylight,0,The First Harmful Event was Not a Collision with a Motor Vehicle in Transport,0,No Special Jurisdiction,9,Pedalcyclist,,1280,GADSDEN,7,Local,0,None
10472,/Date(1657841760000-0400)/,MACON (87),1,0,3,1,Alabama,1,2022-07-14 19:36,32.36564722,-85.658538890,10,Cloudy,,,5,Dusk,0,The First Harmful Event was Not a Collision with a Motor Vehicle in Transport,0,No Special Jurisdiction,34,Ditch,,0,NOT APPLICABLE,4,Minor Arterial,0,None
10471,/Date(1657770600000-0400)/,JEFFERSON (73),1,0,3,1,Alabama,2,2022-07-13 23:50,33.43850556,-86.723858330,1,Clear,,,3,Dark - Lighted,6,Angle,0,No Special Jurisdiction,12,Motor Vehicle In-Transport,,350,BIRMINGHAM,3,Principal Arterial - Other,0,None
10474,/Date(1657823160000-0400)/,CALHOUN (15),1,0,1,1,Alabama,1,2022-07-14 14:26,33.61632778,-85.693588890,1,Clear,,,1,Daylight,0,The First Harmful Event was Not a Collision with a Motor Vehicle in Transport,0,No Special Jurisdiction,34,Ditch,,0,NOT APPLICABLE,1,Interstate,0,None
10473,/Date(1657822500000-0400)/,LIMESTONE (83),1,0,3,1,Alabama,2,2022-07-14 14:15,34.93335278,-86.798080560,1,Clear,,,1,Daylight,6,Angle,0,No Special Jurisdiction,12,Motor Vehicle In-Transport,,0,NOT APPLICABLE,6,Minor Collector,0,None
10475,/Date(1657802940000-0400)/,JACKSON (71),1,1,1,1,Alabama,2,2022-07-14 08:49,34.67038056,-86.037305560,1,Clear,,,1,Daylight,0,The First Harmful Event was Not a Collision with a Motor Vehicle in Transport,0,No Special Jurisdiction,14,Parked Motor Vehicle,,2720,SCOTTSBORO,7,Local,0,None
10476,/Date(1658020800000-0400)/,CHEROKEE (19),1,0,4,1,Alabama,1,2022-07-16 21:20,33.98699444,-85.711244440,1,Clear,,,2,Dark - Not Lighted,0,The First Harmful Event was Not a Collision with a Motor Vehicle in Transport,0,No Special Jurisdiction,34,Ditch,,0,NOT APPLICABLE,5,Major Collector,0,None
10477,/Date(1658363700000-0400)/,COLBERT (33),1,1,1,1,Alabama,1,2022-07-20 20:35,34.78708056,-87.582933330,1,Clear,,,2,Dark - Not Lighted,0,The First Harmful Event was Not a Collision with a Motor Vehicle in Transport,0,No Special Jurisdiction,8,Pedestrian,,0,NOT APPLICABLE,4,Minor Arterial,0,None
10479,/Date(1658496120000-0400)/,CHEROKEE (19),1,0,1,1,Alabama,1,2022-07-22 09:22,34.13520278,-85.571705560,1,Clear,,,1,Daylight,0,The First Harmful Event was Not a Collision with a Motor Vehicle in Transport,0,No Special Jurisdiction,34,Ditch,,0,NOT APPLICABLE,5,Major Collector,0,None
10480,/Date(1658522400000-0400)/,CHILTON (21),1,0,1,1,Alabama,1,2022-07-22 16:40,32.74724444,-86.718977780,1,Clear,,,1,Daylight,0,The First Harmful Event was Not a Collision with a Motor Vehicle in Transport,0,No Special Jurisdiction,34,Ditch,,0,NOT APPLICABLE,5,Major Collector,0,None
10478,/Date(1658317740000-0400)/,SHELBY (117),1,0,2,1,Alabama,2,2022-07-20 07:49,33.15924444,-86.722594440,1,Clear,,,1,Daylight,6,Angle,0,No Special Jurisdiction,12,Motor Vehicle In-Transport,,530,CALERA,4,Minor Arterial,0,None
10483,/Date(1658611800000-0400)/,LAWRENCE (79),1,0,2,1,Alabama,2,2022-07-23 17:30,34.41363056,-87.308941670,1,Clear,,,1,Daylight,2,Front-to-Front,0,No Special Jurisdiction,12,Motor Vehicle In-Transport,,0,NOT APPLICABLE,5,Major Collector,0,None
10482,/Date(1658335800000-0400)/,MOBILE (97),2,0,7,1,Alabama,4,2022-07-20 12:50,30.88645833,-88.029369440,10,Cloudy,,,1,Daylight,1,Front-to-Rear,0,No Special Jurisdiction,12,Motor Vehicle In-Transport,,0,NOT APPLICABLE,1,Interstate,0,None
10481,/Date(1658441220000-0400)/,LIMESTONE (83),1,0,5,1,Alabama,3,2022-07-21 18:07,34.76358611,-86.859272220,1,Clear,,,1,Daylight,6,Angle,0,No Special Jurisdiction,12,Motor Vehicle In-Transport,,0,NOT APPLICABLE,3,Principal Arterial - Other,0,None
10484,/Date(1658715300000-0400)/,CHOCTAW (23),1,0,1,1,Alabama,1,2022-07-24 22:15,31.84175833,-88.227416670,1,Clear,,,2,Dark - Not Lighted,0,The First Harmful Event was Not a Collision with a Motor Vehicle in Transport,0,No Special Jurisdiction,42,Tree (Standing Only),,0,NOT APPLICABLE,5,Major Collector,0,None
10486,/Date(1658686920000-0400)/,JEFFERSON (73),1,0,1,1,Alabama,1,2022-07-24 14:22,33.51046389,-86.878105560,1,Clear,,,1,Daylight,0,The First Harmful Event was Not a Collision with a Motor Vehicle in Transport,0,No Special Jurisdiction,24,Guardrail Face,,350,BIRMINGHAM,1,Interstate,0,None
10485,/Date(1658719020000-0400)/,MARSHALL (95),1,0,1,1,Alabama,1,2022-07-24 23:17,34.27991667,-86.238116670,1,Clear,,,2,Dark - Not Lighted,0,The First Harmful Event was Not a Collision with a Motor Vehicle in Transport,0,No Special Jurisdiction,42,Tree (Standing Only),,50,ALBERTVILLE,7,Local,0,None
10487,/Date(1658709000000-0400)/,MORGAN (103),1,0,2,1,Alabama,2,2022-07-24 20:30,34.50077500,-86.601169440,1,Clear,,,2,Dark - Not Lighted,6,Angle,0,No Special Jurisdiction,12,Motor Vehicle In-Transport,,0,NOT APPLICABLE,3,Principal Arterial - Other,0,None
10489,/Date(1658726640000-0400)/,JEFFERSON (73),1,0,3,1,Alabama,2,2022-07-25 01:24,33.61794444,-86.613872220,1,Clear,,,2,Dark - Not Lighted,2,Front-to-Front,0,No Special Jurisdiction,12,Motor Vehicle In-Transport,,0,NOT APPLICABLE,3,Principal Arterial - Other,0,None
10488,/Date(1658644200000-0400)/,MACON (87),1,0,1,1,Alabama,1,2022-07-24 02:30,32.47906944,-85.562777780,1,Clear,,,2,Dark - Not Lighted,0,The First Harmful Event was Not a Collision with a Motor Vehicle in Transport,0,No Special Jurisdiction,32,Culvert,,0,NOT APPLICABLE,5,Major Collector,0,None
10490,/Date(1658760840000-0400)/,MONTGOMERY (101),1,0,8,1,Alabama,5,2022-07-25 10:54,32.34156944,-86.211338890,1,Clear,,,1,Daylight,98,Not Reported,0,No Special Jurisdiction,12,Motor Vehicle In-Transport,,2130,MONTGOMERY,3,Principal Arterial - Other,0,None
10491,/Date(1658790660000-0400)/,ETOWAH (55),1,0,2,1,Alabama,1,2022-07-25 19:11,34.05955278,-86.036483330,1,Clear,,,1,Daylight,0,The First Harmful Event was Not a Collision with a Motor Vehicle in Transport,0,No Special Jurisdiction,42,Tree (Standing Only),,0,NOT APPLICABLE,1,Interstate,0,None
10492,/Date(1658882220000-0400)/,ETOWAH (55),1,0,2,1,Alabama,2,2022-07-26 20:37,33.95441667,-86.142394440,1,Clear,,,2,Dark - Not Lighted,1,Front-to-Rear,0,No Special Jurisdiction,12,Motor Vehicle In-Transport,,0,NOT APPLICABLE,1,Interstate,0,None
10493,/Date(1659052620000-0400)/,WALKER (127),1,0,1,1,Alabama,1,2022-07-28 19:57,33.72855000,-87.150450000,1,Clear,,,2,Dark - Not Lighted,0,The First Harmful Event was Not a Collision with a Motor Vehicle in Transport,0,No Special Jurisdiction,42,Tree (Standing Only),,0,NOT APPLICABLE,7,Local,0,None
10494,/Date(1659046800000-0400)/,ETOWAH (55),1,0,1,1,Alabama,1,2022-07-28 18:20,34.01959167,-86.203625000,1,Clear,,,1,Daylight,0,The First Harmful Event was Not a Collision with a Motor Vehicle in Transport,0,No Special Jurisdiction,42,Tree (Standing Only),,0,NOT APPLICABLE,7,Local,0,None
10495,/Date(1659086400000-0400)/,HENRY (67),1,0,1,1,Alabama,1,2022-07-29 05:20,31.64971389,-85.280680560,5,"Fog, Smog, Smoke",,,4,Dawn,0,The First Harmful Event was Not a Collision with a Motor Vehicle in Transport,0,No Special Jurisdiction,42,Tree (Standing Only),,0,NOT APPLICABLE,3,Principal Arterial - Other,0,None
10496,/Date(1659146400000-0400)/,TUSCALOOSA (125),1,0,3,1,Alabama,2,2022-07-29 22:00,33.25712778,-87.752930560,10,Cloudy,,,2,Dark - Not Lighted,2,Front-to-Front,0,No Special Jurisdiction,12,Motor Vehicle In-Transport,,0,NOT APPLICABLE,5,Major Collector,0,None
10497,/Date(1658429940000-0400)/,MOBILE (97),1,0,2,1,Alabama,2,2022-07-21 14:59,30.82561667,-88.368552780,1,Clear,,,1,Daylight,2,Front-to-Front,0,No Special Jurisdiction,12,Motor Vehicle In-Transport,,0,NOT APPLICABLE,3,Principal Arterial - Other,0,None
10499,/Date(1659148200000-0400)/,ST. CLAIR (115),1,0,1,1,Alabama,1,2022-07-29 22:30,33.93519444,-86.207047220,2,Rain,,,2,Dark - Not Lighted,0,The First Harmful Event was Not a Collision with a Motor Vehicle in Transport,0,No Special Jurisdiction,30,Utility Pole/Light Support,,0,NOT APPLICABLE,5,Major Collector,0,None
10498,/Date(1659096600000-0400)/,CHAMBERS (17),1,0,3,1,Alabama,3,2022-07-29 08:10,32.74529722,-85.275791670,1,Clear,,,1,Daylight,6,Angle,0,No Special Jurisdiction,12,Motor Vehicle In-Transport,,0,NOT APPLICABLE,5,Major Collector,0,None
10500,/Date(1659203160000-0400)/,CHILTON (21),1,0,2,1,Alabama,2,2022-07-30 13:46,32.87264444,-86.652433330,1,Clear,,,1,Daylight,6,Angle,0,No Special Jurisdiction,12,Motor Vehicle In-Transport,,700,CLANTON,4,Minor Arterial,0,None
10501,/Date(1659315840000-0400)/,MADISON (89),1,0,2,1,Alabama,1,2022-07-31 21:04,34.75213889,-86.646441670,10,Cloudy,,,3,Dark - Lighted,0,The First Harmful Event was Not a Collision with a Motor Vehicle in Transport,0,No Special Jurisdiction,42,Tree (Standing Only),,1730,HUNTSVILLE,5,Major Collector,0,None
10503,/Date(1659321000000-0400)/,PIKE (109),1,0,1,1,Alabama,1,2022-07-31 22:30,31.69885556,-85.959083330,1,Clear,,,2,Dark - Not Lighted,0,The First Harmful Event was Not a Collision with a Motor Vehicle in Transport,0,No Special Jurisdiction,42,Tree (Standing Only),,0,NOT APPLICABLE,4,Minor Arterial,0,None
10502,/Date(1659276360000-0400)/,DEKALB (49),1,0,3,1,Alabama,3,2022-07-31 10:06,34.39777778,-85.634608330,1,Clear,,,1,Daylight,1,Front-to-Rear,0,No Special Jurisdiction,12,Motor Vehicle In-Transport,,0,NOT APPLICABLE,3,Principal Arterial - Other,0,None
10504,/Date(1659247140000-0400)/,ETOWAH (55),1,0,1,1,Alabama,1,2022-07-31 01:59,33.99693889,-86.097302780,10,Cloudy,,,3,Dark - Lighted,0,The First Harmful Event was Not a Collision with a Motor Vehicle in Transport,0,No Special Jurisdiction,34,Ditch,,190,ATTALLA,3,Principal Arterial - Other,0,None
10505,/Date(1659324540000-0400)/,MONTGOMERY (101),1,0,1,1,Alabama,1,2022-07-31 23:29,32.31278056,-86.242738890,1,Clear,,,3,Dark - Lighted,0,The First Harmful Event was Not a Collision with a Motor Vehicle in Transport,0,No Special Jurisdiction,30,Utility Pole/Light Support,,2130,MONTGOMERY,7,Local,0,None
10506,/Date(1659374700000-0400)/,BALDWIN (3),1,0,2,1,Alabama,2,2022-08-01 13:25,30.62846667,-87.612047220,2,Rain,,,1,Daylight,0,The First Harmful Event was Not a Collision with a Motor Vehicle in Transport,0,No Special Jurisdiction,14,Parked Motor Vehicle,,0,NOT APPLICABLE,1,Interstate,0,None
10507,/Date(1659331800000-0400)/,JEFFERSON (73),1,1,1,1,Alabama,1,2022-08-01 01:30,33.50509167,-86.862605560,10,Cloudy,,,2,Dark - Not Lighted,0,The First Harmful Event was Not a Collision with a Motor Vehicle in Transport,0,No Special Jurisdiction,8,Pedestrian,,350,BIRMINGHAM,3,Principal Arterial - Other,0,None
10509,/Date(1659331260000-0400)/,CULLMAN (43),2,0,2,1,Alabama,1,2022-08-01 01:21,34.23502222,-86.674219440,10,Cloudy,,,2,Dark - Not Lighted,0,The First Harmful Event was Not a Collision with a Motor Vehicle in Transport,0,No Special Jurisdiction,30,Utility Pole/Light Support,,0,NOT APPLICABLE,5,Major Collector,0,None
10508,/Date(1659391740000-0400)/,JEFFERSON (73),1,0,1,1,Alabama,1,2022-08-01 18:09,33.43219444,-86.953391670,10,Cloudy,,,1,Daylight,0,The First Harmful Event was Not a Collision with a Motor Vehicle in Transport,0,No Special Jurisdiction,57,Cable Barrier,,330,BESSEMER,1,Interstate,0,None
10510,/Date(1659428040000-0400)/,JEFFERSON (73),1,1,1,1,Alabama,1,2022-08-02 04:14,33.56707778,-86.638436110,10,Cloudy,,,2,Dark - Not Lighted,0,The First Harmful Event was Not a Collision with a Motor Vehicle in Transport,0,No Special Jurisdiction,8,Pedestrian,,0,NOT APPLICABLE,1,Interstate,0,None
10511,/Date(1659487200000-0400)/,MOBILE (97),1,1,1,1,Alabama,1,2022-08-02 20:40,30.50303056,-88.255908330,1,Clear,,,2,Dark - Not Lighted,0,The First Harmful Event was Not a Collision with a Motor Vehicle in Transport,0,No Special Jurisdiction,8,Pedestrian,,0,NOT APPLICABLE,4,Minor Arterial,0,None
10512,/Date(1659548880000-0400)/,JEFFERSON (73),1,0,1,1,Alabama,1,2022-08-03 13:48,33.53277500,-86.798394440,1,Clear,,,1,Daylight,0,The First Harmful Event was Not a Collision with a Motor Vehicle in Transport,0,No Special Jurisdiction,25,Concrete Traffic Barrier,,350,BIRMINGHAM,1,Interstate,0,None
10513,/Date(1659549540000-0400)/,GENEVA (61),1,0,3,1,Alabama,2,2022-08-03 13:59,31.03341667,-85.875930560,1,Clear,,,1,Daylight,2,Front-to-Front,0,No Special Jurisdiction,12,Motor Vehicle In-Transport,,1340,GENEVA,5,Major Collector,1,Construction
10514,/Date(1659661800000-0400)/,DEKALB (49),1,1,1,1,Alabama,1,2022-08-04 21:10,34.35094444,-85.736894440,1,Clear,,,2,Dark - Not Lighted,0,The First Harmful Event was Not a Collision with a Motor Vehicle in Transport,0,No Special Jurisdiction,8,Pedestrian,,0,NOT APPLICABLE,5,Major Collector,0,None
10515,/Date(1659657600000-0400)/,COLBERT (33),1,0,1,1,Alabama,1,2022-08-04 20:00,34.61667222,-87.757805560,1,Clear,,,2,Dark - Not Lighted,0,The First Harmful Event was Not a Collision with a Motor Vehicle in Transport,0,No Special Jurisdiction,34,Ditch,,0,NOT APPLICABLE,5,Major Collector,0,None
10516,/Date(1659639600000-0400)/,BULLOCK (11),1,0,2,1,Alabama,1,2022-08-04 15:00,32.12996389,-85.897108330,1,Clear,,,1,Daylight,0,The First Harmful Event was Not a Collision with a Motor Vehicle in Transport,0,No Special Jurisdiction,1,Rollover/Overturn,,0,NOT APPLICABLE,5,Major Collector,0,None
10517,/Date(1659653520000-0400)/,TUSCALOOSA (125),1,1,1,1,Alabama,1,2022-08-04 18:52,33.21888333,-87.549066670,10,Cloudy,,,1,Daylight,0,The First Harmful Event was Not a Collision with a Motor Vehicle in Transport,0,No Special Jurisdiction,8,Pedestrian,,3050,TUSCALOOSA,4,Minor Arterial,0,None
10518,/Date(1659743100000-0400)/,CALHOUN (15),1,0,2,1,Alabama,1,2022-08-05 19:45,33.58691389,-85.761205560,1,Clear,,,2,Dark - Not Lighted,0,The First Harmful Event was Not a Collision with a Motor Vehicle in Transport,0,No Special Jurisdiction,34,Ditch,,0,NOT APPLICABLE,4,Minor Arterial,0,None
10519,/Date(1659832320000-0400)/,MADISON (89),1,1,1,1,Alabama,1,2022-08-06 20:32,34.77104444,-86.589497220,2,Rain,,,3,Dark - Lighted,0,The First Harmful Event was Not a Collision with a Motor Vehicle in Transport,0,No Special Jurisdiction,8,Pedestrian,,1730,HUNTSVILLE,5,Major Collector,0,None
10523,/Date(1659813000000-0400)/,DEKALB (49),1,0,1,1,Alabama,1,2022-08-06 15:10,34.40620556,-85.778672220,1,Clear,,,1,Daylight,0,The First Harmful Event was Not a Collision with a Motor Vehicle in Transport,0,No Special Jurisdiction,42,Tree (Standing Only),,0,NOT APPLICABLE,1,Interstate,0,None
10522,/Date(1659797220000-0400)/,CHILTON (21),1,0,2,1,Alabama,2,2022-08-06 10:47,32.85915000,-86.640733330,1,Clear,,,1,Daylight,2,Front-to-Front,0,No Special Jurisdiction,12,Motor Vehicle In-Transport,,700,CLANTON,4,Minor Arterial,0,None
10521,/Date(1659771000000-0400)/,MONTGOMERY (101),1,0,2,1,Alabama,2,2022-08-06 03:30,31.99376111,-86.292316670,1,Clear,,,2,Dark - Not Lighted,2,Front-to-Front,0,No Special Jurisdiction,12,Motor Vehicle In-Transport,,0,NOT APPLICABLE,3,Principal Arterial - Other,0,None
10524,/Date(1659805440000-0400)/,MONTGOMERY (101),1,0,2,1,Alabama,2,2022-08-06 13:04,32.38206389,-86.206805560,1,Clear,,,1,Daylight,2,Front-to-Front,0,No Special Jurisdiction,12,Motor Vehicle In-Transport,,2130,MONTGOMERY,3,Principal Arterial - Other,0,None
10525,/Date(1659777240000-0400)/,AUTAUGA (1),1,0,2,1,Alabama,2,2022-08-06 05:14,32.43591944,-86.464841670,1,Clear,,,3,Dark - Lighted,6,Angle,0,No Special Jurisdiction,12,Motor Vehicle In-Transport,,2540,PRATTVILLE,2,Principal Arterial - Other Freeways and Expressways,1,Construction
10529,/Date(1659933900000-0400)/,TUSCALOOSA (125),1,0,1,1,Alabama,1,2022-08-08 00:45,33.22901667,-87.740663890,1,Clear,,,2,Dark - Not Lighted,0,The First Harmful Event was Not a Collision with a Motor Vehicle in Transport,0,No Special Jurisdiction,34,Ditch,,0,NOT APPLICABLE,7,Local,0,None
10526,/Date(1659895200000-0400)/,SHELBY (117),1,0,2,1,Alabama,2,2022-08-07 14:00,33.35076389,-86.535641670,10,Cloudy,,,1,Daylight,6,Angle,0,No Special Jurisdiction,12,Motor Vehicle In-Transport,,0,NOT APPLICABLE,6,Minor Collector,0,None
10528,/Date(1659906720000-0400)/,JEFFERSON (73),1,0,1,1,Alabama,1,2022-08-07 17:12,33.48632778,-86.856508330,2,Rain,,,1,Daylight,0,The First Harmful Event was Not a Collision with a Motor Vehicle in Transport,0,No Special Jurisdiction,10,Railway Vehicle,,350,BIRMINGHAM,7,Local,0,None
10527,/Date(1659911460000-0400)/,MORGAN (103),1,0,4,1,Alabama,2,2022-08-07 18:31,34.53775000,-86.912130560,1,Clear,,,1,Daylight,6,Angle,0,No Special Jurisdiction,12,Motor Vehicle In-Transport,,890,DECATUR,3,Principal Arterial - Other,0,None
10530,/Date(1659963600000-0400)/,CULLMAN (43),1,0,5,1,Alabama,2,2022-08-08 09:00,34.13025000,-86.867158330,1,Clear,,,1,Daylight,6,Angle,0,No Special Jurisdiction,12,Motor Vehicle In-Transport,,830,CULLMAN,5,Major Collector,0,None
10531,/Date(1660049100000-0400)/,SUMTER (119),1,0,2,1,Alabama,2,2022-08-09 08:45,32.51009722,-88.319972220,1,Clear,,,1,Daylight,1,Front-to-Rear,0,No Special Jurisdiction,12,Motor Vehicle In-Transport,,0,NOT APPLICABLE,1,Interstate,0,None
10533,/Date(1660227600000-0400)/,LOWNDES (85),1,0,3,1,Alabama,2,2022-08-11 10:20,32.05088889,-86.807502780,1,Clear,,,1,Daylight,6,Angle,0,No Special Jurisdiction,12,Motor Vehicle In-Transport,,0,NOT APPLICABLE,4,Minor Arterial,0,None
10532,/Date(1660139100000-0400)/,SHELBY (117),1,0,4,1,Alabama,3,2022-08-10 09:45,33.16267222,-86.754894440,1,Clear,,,1,Daylight,2,Front-to-Front,0,No Special Jurisdiction,12,Motor Vehicle In-Transport,,530,CALERA,3,Principal Arterial - Other,0,None
10534,/Date(1658172600000-0400)/,DALLAS (47),1,0,2,1,Alabama,2,2022-07-18 15:30,32.43385556,-87.061355560,2,Rain,,,1,Daylight,1,Front-to-Rear,0,No Special Jurisdiction,12,Motor Vehicle In-Transport,,0,NOT APPLICABLE,3,Principal Arterial - Other,0,None
10536,/Date(1660329000000-0400)/,MADISON (89),1,0,3,1,Alabama,3,2022-08-12 14:30,34.70540278,-86.588861110,1,Clear,,,1,Daylight,6,Angle,0,No Special Jurisdiction,12,Motor Vehicle In-Transport,,1730,HUNTSVILLE,7,Local,0,None
10535,/Date(1660268400000-0400)/,TUSCALOOSA (125),1,1,4,1,Alabama,1,2022-08-11 21:40,33.14187500,-87.514319440,10,Cloudy,,,2,Dark - Not Lighted,0,The First Harmful Event was Not a Collision with a Motor Vehicle in Transport,0,No Special Jurisdiction,8,Pedestrian,,0,NOT APPLICABLE,3,Principal Arterial - Other,0,None
10537,/Date(1660349700000-0400)/,MOBILE (97),1,1,1,1,Alabama,2,2022-08-12 20:15,30.81833889,-88.276463890,10,Cloudy,,,2,Dark - Not Lighted,0,The First Harmful Event was Not a Collision with a Motor Vehicle in Transport,0,No Special Jurisdiction,8,Pedestrian,,0,NOT APPLICABLE,7,Local,0,None
10538,/Date(1660345200000-0400)/,JEFFERSON (73),1,0,2,1,Alabama,2,2022-08-12 19:00,33.56546944,-86.824358330,10,Cloudy,,,5,Dusk,1,Front-to-Rear,0,No Special Jurisdiction,12,Motor Vehicle In-Transport,,350,BIRMINGHAM,1,Interstate,0,None
10539,/Date(1660421400000-0400)/,MARSHALL (95),1,0,1,1,Alabama,1,2022-08-13 16:10,34.36348333,-86.304563890,1,Clear,,,1,Daylight,0,The First Harmful Event was Not a Collision with a Motor Vehicle in Transport,0,No Special Jurisdiction,24,Guardrail Face,,1500,GUNTERSVILLE,7,Local,0,None
10540,/Date(1660368300000-0400)/,LIMESTONE (83),1,0,1,1,Alabama,1,2022-08-13 01:25,34.70250556,-86.976763890,1,Clear,,,2,Dark - Not Lighted,0,The First Harmful Event was Not a Collision with a Motor Vehicle in Transport,0,No Special Jurisdiction,35,Embankment,,0,NOT APPLICABLE,7,Local,0,None
10541,/Date(1660433100000-0400)/,CULLMAN (43),1,0,1,1,Alabama,1,2022-08-13 19:25,34.11794167,-86.812258330,1,Clear,,,1,Daylight,0,The First Harmful Event was Not a Collision with a Motor Vehicle in Transport,0,No Special Jurisdiction,35,Embankment,,0,NOT APPLICABLE,4,Minor Arterial,0,None
10542,/Date(1660453800000-0400)/,JEFFERSON (73),2,0,2,1,Alabama,1,2022-08-14 01:10,33.51027778,-86.802019440,1,Clear,,,3,Dark - Lighted,0,The First Harmful Event was Not a Collision with a Motor Vehicle in Transport,0,No Special Jurisdiction,42,Tree (Standing Only),,350,BIRMINGHAM,4,Minor Arterial,0,None
10543,/Date(1660373400000-0400)/,BALDWIN (3),2,0,3,1,Alabama,1,2022-08-13 02:50,30.62616667,-87.616391670,1,Clear,,,2,Dark - Not Lighted,0,The First Harmful Event was Not a Collision with a Motor Vehicle in Transport,0,No Special Jurisdiction,33,Curb,,0,NOT APPLICABLE,5,Major Collector,0,None
10544,/Date(1655809200000-0400)/,GREENE (63),1,0,4,1,Alabama,2,2022-06-21 07:00,32.89083889,-87.902144440,1,Clear,,,1,Daylight,0,The First Harmful Event was Not a Collision with a Motor Vehicle in Transport,0,No Special Jurisdiction,14,Parked Motor Vehicle,,0,NOT APPLICABLE,1,Interstate,0,None
10546,/Date(1643111400000-0500)/,CHOCTAW (23),1,0,2,1,Alabama,1,2022-01-25 06:50,31.93409167,-88.342888890,2,Rain,,,1,Daylight,0,The First Harmful Event was Not a Collision with a Motor Vehicle in Transport,0,No Special Jurisdiction,42,Tree (Standing Only),,0,NOT APPLICABLE,5,Major Collector,0,None
10548,/Date(1644019200000-0500)/,ESCAMBIA (53),1,0,2,1,Alabama,1,2022-02-04 19:00,31.08465278,-87.533033330,10,Cloudy,,,2,Dark - Not Lighted,0,The First Harmful Event was Not a Collision with a Motor Vehicle in Transport,0,No Special Jurisdiction,34,Ditch,,0,NOT APPLICABLE,1,Interstate,0,None
10545,/Date(1656194400000-0400)/,MOBILE (97),1,0,1,1,Alabama,1,2022-06-25 18:00,30.92569444,-88.281816670,10,Cloudy,,,1,Daylight,0,The First Harmful Event was Not a Collision with a Motor Vehicle in Transport,0,No Special Jurisdiction,42,Tree (Standing Only),,0,NOT APPLICABLE,5,Major Collector,0,None
10547,/Date(1643898300000-0500)/,GENEVA (61),1,0,1,1,Alabama,1,2022-02-03 09:25,31.16041111,-85.940394440,1,Clear,,,1,Daylight,0,The First Harmful Event was Not a Collision with a Motor Vehicle in Transport,0,No Special Jurisdiction,1,Rollover/Overturn,,0,NOT APPLICABLE,5,Major Collector,0,None
10549,/Date(1643798340000-0500)/,COFFEE (31),3,0,4,1,Alabama,1,2022-02-02 05:39,31.50395000,-85.915608330,1,Clear,,,2,Dark - Not Lighted,0,The First Harmful Event was Not a Collision with a Motor Vehicle in Transport,0,No Special Jurisdiction,42,Tree (Standing Only),,0,NOT APPLICABLE,4,Minor Arterial,0,None
10550,/Date(1647868800000-0400)/,JEFFERSON (73),2,0,3,1,Alabama,2,2022-03-21 09:20,33.66703056,-86.555855560,1,Clear,,,1,Daylight,0,The First Harmful Event was Not a Collision with a Motor Vehicle in Transport,0,No Special Jurisdiction,14,Parked Motor Vehicle,,0,NOT APPLICABLE,1,Interstate,0,None
10551,/Date(1651987380000-0400)/,WASHINGTON (129),1,0,2,1,Alabama,1,2022-05-08 01:23,31.63636944,-88.242047220,1,Clear,,,2,Dark - Not Lighted,0,The First Harmful Event was Not a Collision with a Motor Vehicle in Transport,0,No Special Jurisdiction,43,Other Fixed Object,,0,NOT APPLICABLE,5,Major Collector,0,None
10553,/Date(1644155040000-0500)/,TUSCALOOSA (125),1,0,3,1,Alabama,2,2022-02-06 08:44,33.15907500,-87.549083330,1,Clear,,,1,Daylight,6,Angle,0,No Special Jurisdiction,12,Motor Vehicle In-Transport,,3050,TUSCALOOSA,3,Principal Arterial - Other,0,None
10552,/Date(1647754260000-0400)/,MONTGOMERY (101),1,0,2,1,Alabama,2,2022-03-20 01:31,32.26627778,-86.355519440,1,Clear,,,2,Dark - Not Lighted,2,Front-to-Front,0,No Special Jurisdiction,12,Motor Vehicle In-Transport,,0,NOT APPLICABLE,1,Interstate,0,None
10554,/Date(1651896180000-0400)/,BALDWIN (3),1,2,1,1,Alabama,3,2022-05-07 00:03,30.65963333,-87.826883330,1,Clear,,,2,Dark - Not Lighted,1,Front-to-Rear,0,No Special Jurisdiction,12,Motor Vehicle In-Transport,,0,NOT APPLICABLE,1,Interstate,0,None
10555,/Date(1655535360000-0400)/,COLBERT (33),2,0,2,1,Alabama,1,2022-06-18 02:56,34.63660833,-87.648950000,1,Clear,,,3,Dark - Lighted,0,The First Harmful Event was Not a Collision with a Motor Vehicle in Transport,0,No Special Jurisdiction,30,Utility Pole/Light Support,,2190,MUSCLE SHOALS,3,Principal Arterial - Other,0,None
10557,/Date(1658636100000-0400)/,JEFFERSON (73),1,1,3,1,Alabama,1,2022-07-24 00:15,33.48895278,-86.887066670,1,Clear,,,3,Dark - Lighted,0,The First Harmful Event was Not a Collision with a Motor Vehicle in Transport,0,No Special Jurisdiction,8,Pedestrian,,350,BIRMINGHAM,3,Principal Arterial - Other,0,None
10558,/Date(1659865500000-0400)/,JEFFERSON (73),1,0,1,1,Alabama,1,2022-08-07 05:45,33.45716389,-86.861050000,1,Clear,,,2,Dark - Not Lighted,0,The First Harmful Event was Not a Collision with a Motor Vehicle in Transport,0,No Special Jurisdiction,42,Tree (Standing Only),,350,BIRMINGHAM,4,Minor Arterial,0,None
10556,/Date(1655432400000-0400)/,MOBILE (97),1,0,2,1,Alabama,2,2022-06-16 22:20,30.63058333,-88.251305560,1,Clear,,,3,Dark - Lighted,2,Front-to-Front,0,No Special Jurisdiction,12,Motor Vehicle In-Transport,,0,NOT APPLICABLE,4,Minor Arterial,0,None
10560,/Date(1660575300000-0400)/,FRANKLIN (59),1,0,3,1,Alabama,2,2022-08-15 10:55,34.43944722,-87.968713890,1,Clear,,,1,Daylight,6,Angle,0,No Special Jurisdiction,12,Motor Vehicle In-Transport,,0,NOT APPLICABLE,5,Major Collector,0,None
10559,/Date(1660350060000-0400)/,SHELBY (117),1,0,2,1,Alabama,2,2022-08-12 20:21,33.42256389,-86.670177780,1,Clear,,,2,Dark - Not Lighted,6,Angle,0,No Special Jurisdiction,12,Motor Vehicle In-Transport,,1716,HOOVER,4,Minor Arterial,0,None
10561,/Date(1660564740000-0400)/,HOUSTON (69),1,0,4,1,Alabama,2,2022-08-15 07:59,31.20331111,-85.366580560,1,Clear,,,1,Daylight,6,Angle,0,No Special Jurisdiction,12,Motor Vehicle In-Transport,,930,DOTHAN,3,Principal Arterial - Other,0,None
10562,/Date(1660612440000-0400)/,BARBOUR (5),1,0,1,1,Alabama,1,2022-08-15 21:14,31.80391667,-85.212941670,2,Rain,,,2,Dark - Not Lighted,0,The First Harmful Event was Not a Collision with a Motor Vehicle in Transport,0,No Special Jurisdiction,42,Tree (Standing Only),,0,NOT APPLICABLE,5,Major Collector,0,None
10563,/Date(1660675800000-0400)/,MONTGOMERY (101),1,1,1,1,Alabama,1,2022-08-16 14:50,32.31551111,-86.022994440,1,Clear,,,1,Daylight,0,The First Harmful Event was Not a Collision with a Motor Vehicle in Transport,0,No Special Jurisdiction,18,Other Object (not fixed),,0,NOT APPLICABLE,5,Major Collector,0,None
10564,/Date(1660725600000-0400)/,MADISON (89),1,1,2,1,Alabama,2,2022-08-17 04:40,34.70238611,-86.587219440,1,Clear,,,3,Dark - Lighted,0,The First Harmful Event was Not a Collision with a Motor Vehicle in Transport,0,No Special Jurisdiction,8,Pedestrian,,1730,HUNTSVILLE,2,Principal Arterial - Other Freeways and Expressways,0,None
10565,/Date(1660900980000-0400)/,ST. CLAIR (115),1,0,1,1,Alabama,1,2022-08-19 05:23,33.84040556,-86.104191670,1,Clear,,,2,Dark - Not Lighted,0,The First Harmful Event was Not a Collision with a Motor Vehicle in Transport,0,No Special Jurisdiction,32,Culvert,,0,NOT APPLICABLE,5,Major Collector,0,None
10567,/Date(1660914600000-0400)/,COVINGTON (39),1,0,4,1,Alabama,3,2022-08-19 09:10,31.18711389,-86.573369440,10,Cloudy,,,1,Daylight,6,Angle,0,No Special Jurisdiction,12,Motor Vehicle In-Transport,,0,NOT APPLICABLE,4,Minor Arterial,0,None
10566,/Date(1660780680000-0400)/,TALLADEGA (121),1,0,6,1,Alabama,2,2022-08-17 19:58,33.27729722,-86.359169440,1,Clear,,,3,Dark - Lighted,6,Angle,0,No Special Jurisdiction,12,Motor Vehicle In-Transport,,680,CHILDERSBURG,3,Principal Arterial - Other,0,None
10568,/Date(1660926600000-0400)/,JEFFERSON (73),1,0,2,1,Alabama,2,2022-08-19 12:30,33.65999167,-86.830377780,10,Cloudy,,,1,Daylight,1,Front-to-Rear,0,No Special Jurisdiction,12,Motor Vehicle In-Transport,,0,NOT APPLICABLE,1,Interstate,0,None
10571,/Date(1661210100000-0400)/,BALDWIN (3),1,0,3,1,Alabama,2,2022-08-22 19:15,30.50175000,-87.708413890,10,Cloudy,,,1,Daylight,6,Angle,0,No Special Jurisdiction,12,Motor Vehicle In-Transport,,2890,SUMMERDALE,7,Local,0,None
10570,/Date(1661050020000-0400)/,CULLMAN (43),1,0,4,1,Alabama,3,2022-08-20 22:47,34.22514722,-86.732588890,2,Rain,,,2,Dark - Not Lighted,8,Sideswipe - Opposite Direction,0,No Special Jurisdiction,12,Motor Vehicle In-Transport,,0,NOT APPLICABLE,4,Minor Arterial,0,None
10573,/Date(1661195880000-0400)/,JEFFERSON (73),1,0,1,1,Alabama,1,2022-08-22 15:18,33.35062222,-86.935069440,2,Rain,,,1,Daylight,0,The First Harmful Event was Not a Collision with a Motor Vehicle in Transport,0,No Special Jurisdiction,42,Tree (Standing Only),,330,BESSEMER,5,Major Collector,0,None
10572,/Date(1661184000000-0400)/,CLARKE (25),1,0,2,1,Alabama,2,2022-08-22 12:00,31.90011667,-87.683661110,10,Cloudy,,,1,Daylight,2,Front-to-Front,0,No Special Jurisdiction,12,Motor Vehicle In-Transport,,0,NOT APPLICABLE,7,Local,0,None
10569,/Date(1660881600000-0400)/,CULLMAN (43),1,0,1,1,Alabama,1,2022-08-19 00:00,34.10559167,-87.011175000,1,Clear,,,2,Dark - Not Lighted,0,The First Harmful Event was Not a Collision with a Motor Vehicle in Transport,0,No Special Jurisdiction,34,Ditch,,0,NOT APPLICABLE,7,Local,0,None
10574,/Date(1661281800000-0400)/,WALKER (127),1,0,2,1,Alabama,2,2022-08-23 15:10,33.82760556,-87.317300000,2,Rain,,,1,Daylight,2,Front-to-Front,0,No Special Jurisdiction,12,Motor Vehicle In-Transport,,0,NOT APPLICABLE,1,Interstate,0,None
10575,/Date(1661339520000-0400)/,CHOCTAW (23),1,0,1,1,Alabama,1,2022-08-24 07:12,31.99516389,-88.294072220,2,Rain,,,1,Daylight,0,The First Harmful Event was Not a Collision with a Motor Vehicle in Transport,0,No Special Jurisdiction,35,Embankment,,0,NOT APPLICABLE,4,Minor Arterial,0,None
10577,/Date(1661475000000-0400)/,MOBILE (97),1,0,2,1,Alabama,2,2022-08-25 20:50,30.67592500,-88.136147220,1,Clear,,,3,Dark - Lighted,2,Front-to-Front,0,No Special Jurisdiction,12,Motor Vehicle In-Transport,,2100,MOBILE,3,Principal Arterial - Other,0,None
10576,/Date(1661392740000-0400)/,MONTGOMERY (101),1,2,1,1,Alabama,1,2022-08-24 21:59,32.32722222,-86.261891670,2,Rain,,,3,Dark - Lighted,0,The First Harmful Event was Not a Collision with a Motor Vehicle in Transport,0,No Special Jurisdiction,8,Pedestrian,,2130,MONTGOMERY,7,Local,0,None
10578,/Date(1661524740000-0400)/,CHILTON (21),1,0,1,1,Alabama,1,2022-08-26 10:39,33.01746111,-86.763963890,1,Clear,,,1,Daylight,0,The First Harmful Event was Not a Collision with a Motor Vehicle in Transport,0,No Special Jurisdiction,42,Tree (Standing Only),,0,NOT APPLICABLE,4,Minor Arterial,0,None
10580,/Date(1661663640000-0400)/,HOUSTON (69),1,0,1,1,Alabama,1,2022-08-28 01:14,31.24894722,-85.382450000,10,Cloudy,,,2,Dark - Not Lighted,0,The First Harmful Event was Not a Collision with a Motor Vehicle in Transport,0,No Special Jurisdiction,1,Rollover/Overturn,,930,DOTHAN,4,Minor Arterial,0,None
10579,/Date(1661616120000-0400)/,MONTGOMERY (101),1,1,2,1,Alabama,2,2022-08-27 12:02,32.36094722,-86.178605560,1,Clear,,,1,Daylight,1,Front-to-Rear,0,No Special Jurisdiction,12,Motor Vehicle In-Transport,,2130,MONTGOMERY,1,Interstate,0,None
10581,/Date(1663316700000-0400)/,CHEROKEE (19),1,0,1,1,Alabama,1,2022-09-16 04:25,34.21776667,-85.830419440,1,Clear,,,2,Dark - Not Lighted,0,The First Harmful Event was Not a Collision with a Motor Vehicle in Transport,0,No Special Jurisdiction,53,Mail Box,,0,NOT APPLICABLE,6,Minor Collector,0,None
10583,/Date(1661685240000-0400)/,JEFFERSON (73),1,0,2,1,Alabama,2,2022-08-28 07:14,33.65316389,-86.559261110,1,Clear,,,1,Daylight,2,Front-to-Front,0,No Special Jurisdiction,12,Motor Vehicle In-Transport,,3080,TRUSSVILLE,4,Minor Arterial,0,None
10582,/Date(1661764740000-0400)/,JEFFERSON (73),1,0,3,1,Alabama,3,2022-08-29 05:19,33.65782500,-87.013805560,1,Clear,,,2,Dark - Not Lighted,7,Sideswipe - Same Direction,0,No Special Jurisdiction,12,Motor Vehicle In-Transport,,0,NOT APPLICABLE,1,Interstate,0,None
10584,/Date(1661802000000-0400)/,CLAY (27),1,0,2,1,Alabama,2,2022-08-29 15:40,33.20759722,-85.891894440,1,Clear,,,1,Daylight,2,Front-to-Front,0,No Special Jurisdiction,12,Motor Vehicle In-Transport,,0,NOT APPLICABLE,4,Minor Arterial,0,None
10585,/Date(1661809800000-0400)/,ELMORE (51),1,1,3,1,Alabama,1,2022-08-29 17:50,32.74395556,-86.101758330,1,Clear,,,1,Daylight,0,The First Harmful Event was Not a Collision with a Motor Vehicle in Transport,0,No Special Jurisdiction,9,Pedalcyclist,,0,NOT APPLICABLE,4,Minor Arterial,0,None
10586,/Date(1661897100000-0400)/,MOBILE (97),1,1,1,1,Alabama,1,2022-08-30 18:05,30.68211389,-88.127391670,2,Rain,,,5,Dusk,0,The First Harmful Event was Not a Collision with a Motor Vehicle in Transport,0,No Special Jurisdiction,8,Pedestrian,,2100,MOBILE,1,Interstate,0,None
10588,/Date(1661872860000-0400)/,CHEROKEE (19),1,0,1,1,Alabama,1,2022-08-30 11:21,34.16242778,-85.665308330,1,Clear,,,1,Daylight,0,The First Harmful Event was Not a Collision with a Motor Vehicle in Transport,0,No Special Jurisdiction,30,Utility Pole/Light Support,,630,CENTRE,4,Minor Arterial,0,None
10589,/Date(1661838300000-0400)/,ELMORE (51),2,0,2,1,Alabama,2,2022-08-30 01:45,32.45365556,-85.895691670,1,Clear,,,2,Dark - Not Lighted,2,Front-to-Front,0,No Special Jurisdiction,12,Motor Vehicle In-Transport,,0,NOT APPLICABLE,4,Minor Arterial,0,None
10591,/Date(1661972400000-0400)/,LIMESTONE (83),1,0,1,1,Alabama,1,2022-08-31 15:00,34.79131111,-87.070911110,1,Clear,,,1,Daylight,0,The First Harmful Event was Not a Collision with a Motor Vehicle in Transport,0,No Special Jurisdiction,32,Culvert,,0,NOT APPLICABLE,3,Principal Arterial - Other,0,None
10587,/Date(1661875500000-0400)/,HOUSTON (69),1,0,2,1,Alabama,2,2022-08-30 12:05,31.18206944,-85.401922220,1,Clear,,,1,Daylight,6,Angle,0,No Special Jurisdiction,12,Motor Vehicle In-Transport,,930,DOTHAN,3,Principal Arterial - Other,0,None
10590,/Date(1661956800000-0400)/,CULLMAN (43),1,0,7,1,Alabama,4,2022-08-31 10:40,33.94862778,-86.870122220,1,Clear,,,1,Daylight,1,Front-to-Rear,0,No Special Jurisdiction,12,Motor Vehicle In-Transport,,0,NOT APPLICABLE,1,Interstate,0,None
10593,/Date(1661988960000-0400)/,MADISON (89),1,0,2,1,Alabama,2,2022-08-31 19:36,34.65854722,-86.539541670,1,Clear,,,3,Dark - Lighted,6,Angle,0,No Special Jurisdiction,12,Motor Vehicle In-Transport,,1730,HUNTSVILLE,4,Minor Arterial,0,None
10594,/Date(1662047820000-0400)/,TUSCALOOSA (125),1,0,2,1,Alabama,2,2022-09-01 11:57,33.18095278,-87.552941670,1,Clear,,,1,Daylight,6,Angle,0,No Special Jurisdiction,12,Motor Vehicle In-Transport,,3050,TUSCALOOSA,4,Minor Arterial,0,None
10592,/Date(1661967780000-0400)/,MORGAN (103),1,0,4,1,Alabama,3,2022-08-31 13:43,34.41304444,-86.921202780,1,Clear,,,1,Daylight,6,Angle,0,No Special Jurisdiction,12,Motor Vehicle In-Transport,,1590,HARTSELLE,3,Principal Arterial - Other,0,None
10595,/Date(1662153780000-0400)/,TUSCALOOSA (125),1,0,2,1,Alabama,2,2022-09-02 17:23,33.50441944,-87.640894440,1,Clear,,,1,Daylight,2,Front-to-Front,0,No Special Jurisdiction,12,Motor Vehicle In-Transport,,0,NOT APPLICABLE,3,Principal Arterial - Other,0,None
10596,/Date(1662231000000-0400)/,JEFFERSON (73),1,0,1,1,Alabama,1,2022-09-03 14:50,33.50012222,-86.814169440,99,Reported as Unknown,,,9,Reported as Unknown,0,The First Harmful Event was Not a Collision with a Motor Vehicle in Transport,0,No Special Jurisdiction,25,Concrete Traffic Barrier,,350,BIRMINGHAM,1,Interstate,0,None
10598,/Date(1662193200000-0400)/,WALKER (127),1,0,2,1,Alabama,1,2022-09-03 04:20,33.73990000,-87.267152780,1,Clear,,,3,Dark - Lighted,0,The First Harmful Event was Not a Collision with a Motor Vehicle in Transport,0,No Special Jurisdiction,19,Building,,2400,PARRISH,5,Major Collector,0,None
10597,/Date(1662259500000-0400)/,DALLAS (47),1,0,1,1,Alabama,1,2022-09-03 22:45,32.23147500,-86.994944440,10,Cloudy,,,2,Dark - Not Lighted,0,The First Harmful Event was Not a Collision with a Motor Vehicle in Transport,0,No Special Jurisdiction,59,Traffic Sign Support ,,0,NOT APPLICABLE,4,Minor Arterial,0,None
10600,/Date(1662178500000-0400)/,TALLADEGA (121),1,0,1,1,Alabama,1,2022-09-03 00:15,33.49625833,-86.178127780,1,Clear,,,2,Dark - Not Lighted,0,The First Harmful Event was Not a Collision with a Motor Vehicle in Transport,0,No Special Jurisdiction,34,Ditch,,0,NOT APPLICABLE,7,Local,0,None
10599,/Date(1662288000000-0400)/,AUTAUGA (1),2,0,2,1,Alabama,1,2022-09-04 06:40,32.52241389,-86.440319440,10,Cloudy,,,1,Daylight,0,The First Harmful Event was Not a Collision with a Motor Vehicle in Transport,0,No Special Jurisdiction,42,Tree (Standing Only),,0,NOT APPLICABLE,1,Interstate,0,None
10601,/Date(1667209500000-0400)/,MOBILE (97),1,0,2,1,Alabama,2,2022-10-31 05:45,31.00484722,-88.025794440,1,Clear,,,2,Dark - Not Lighted,6,Angle,0,No Special Jurisdiction,12,Motor Vehicle In-Transport,,0,NOT APPLICABLE,3,Principal Arterial - Other,0,None
10604,/Date(1662139800000-0400)/,BALDWIN (3),1,0,4,1,Alabama,3,2022-09-02 13:30,30.41451111,-87.526044440,2,Rain,,,1,Daylight,0,The First Harmful Event was Not a Collision with a Motor Vehicle in Transport,0,No Special Jurisdiction,1,Rollover/Overturn,,0,NOT APPLICABLE,3,Principal Arterial - Other,0,None
10603,/Date(1662206700000-0400)/,ST. CLAIR (115),1,0,3,1,Alabama,2,2022-09-03 08:05,33.78243333,-86.231833330,10,Cloudy,,,1,Daylight,6,Angle,0,No Special Jurisdiction,12,Motor Vehicle In-Transport,,0,NOT APPLICABLE,5,Major Collector,0,None
10602,/Date(1665696900000-0400)/,BULLOCK (11),1,0,3,1,Alabama,2,2022-10-13 17:35,32.21462778,-85.906375000,1,Clear,,,2,Dark - Not Lighted,8,Sideswipe - Opposite Direction,0,No Special Jurisdiction,12,Motor Vehicle In-Transport,,0,NOT APPLICABLE,4,Minor Arterial,0,None
10606,/Date(1662268140000-0400)/,MADISON (89),1,0,1,1,Alabama,1,2022-09-04 01:09,34.76181389,-86.673083330,2,Rain,,,2,Dark - Not Lighted,0,The First Harmful Event was Not a Collision with a Motor Vehicle in Transport,0,No Special Jurisdiction,1,Rollover/Overturn,,1730,HUNTSVILLE,2,Principal Arterial - Other Freeways and Expressways,0,None
10605,/Date(1662040620000-0400)/,ETOWAH (55),1,0,3,1,Alabama,3,2022-09-01 09:57,33.87372222,-86.035763890,1,Clear,,,1,Daylight,1,Front-to-Rear,0,No Special Jurisdiction,12,Motor Vehicle In-Transport,,2822,SOUTHSIDE,3,Principal Arterial - Other,0,None
10607,/Date(1662333900000-0400)/,AUTAUGA (1),1,1,1,1,Alabama,1,2022-09-04 19:25,32.45502222,-86.485177780,2,Rain,,,3,Dark - Lighted,0,The First Harmful Event was Not a Collision with a Motor Vehicle in Transport,0,No Special Jurisdiction,8,Pedestrian,,2540,PRATTVILLE,5,Major Collector,0,None
10608,/Date(1662271200000-0400)/,GREENE (63),1,0,2,1,Alabama,2,2022-09-04 02:00,32.82434444,-87.986780560,5,"Fog, Smog, Smoke",,,2,Dark - Not Lighted,1,Front-to-Rear,0,No Special Jurisdiction,12,Motor Vehicle In-Transport,,0,NOT APPLICABLE,1,Interstate,0,None
10611,/Date(1662425400000-0400)/,BULLOCK (11),1,1,1,1,Alabama,1,2022-09-05 20:50,32.16826389,-85.889333330,1,Clear,,,1,Daylight,0,The First Harmful Event was Not a Collision with a Motor Vehicle in Transport,0,No Special Jurisdiction,8,Pedestrian,,0,NOT APPLICABLE,5,Major Collector,0,None
10609,/Date(1662357600000-0400)/,DEKALB (49),1,0,1,1,Alabama,1,2022-09-05 02:00,34.78055278,-85.632038890,10,Cloudy,,,2,Dark - Not Lighted,0,The First Harmful Event was Not a Collision with a Motor Vehicle in Transport,0,No Special Jurisdiction,42,Tree (Standing Only),,0,NOT APPLICABLE,5,Major Collector,0,None
10610,/Date(1662357900000-0400)/,MADISON (89),1,0,1,1,Alabama,1,2022-09-05 02:05,34.73603056,-86.609469440,10,Cloudy,,,6,Dark - Unknown Lighting,0,The First Harmful Event was Not a Collision with a Motor Vehicle in Transport,0,No Special Jurisdiction,30,Utility Pole/Light Support,,1730,HUNTSVILLE,3,Principal Arterial - Other,0,None
10613,/Date(1662487200000-0400)/,JEFFERSON (73),1,0,2,1,Alabama,2,2022-09-06 14:00,33.46516944,-86.953627780,1,Clear,,,1,Daylight,6,Angle,0,No Special Jurisdiction,12,Motor Vehicle In-Transport,,350,BIRMINGHAM,7,Local,0,None
10615,/Date(1662479400000-0400)/,MADISON (89),1,0,2,1,Alabama,1,2022-09-06 11:50,34.61390833,-86.374986110,1,Clear,,,1,Daylight,0,The First Harmful Event was Not a Collision with a Motor Vehicle in Transport,0,No Special Jurisdiction,1,Rollover/Overturn,,0,NOT APPLICABLE,5,Major Collector,0,None
10612,/Date(1662370200000-0400)/,CHAMBERS (17),2,0,7,1,Alabama,2,2022-09-05 05:30,32.85049444,-85.262069440,5,"Fog, Smog, Smoke",,,2,Dark - Not Lighted,2,Front-to-Front,0,No Special Jurisdiction,12,Motor Vehicle In-Transport,,0,NOT APPLICABLE,4,Minor Arterial,0,None
10614,/Date(1662470340000-0400)/,BLOUNT (9),1,0,1,1,Alabama,1,2022-09-06 09:19,33.94814444,-86.472583330,10,Cloudy,,,1,Daylight,0,The First Harmful Event was Not a Collision with a Motor Vehicle in Transport,0,No Special Jurisdiction,43,Other Fixed Object,,2330,ONEONTA,4,Minor Arterial,0,None
10616,/Date(1662468600000-0400)/,MORGAN (103),1,0,3,1,Alabama,2,2022-09-06 08:50,34.46895556,-86.704919440,1,Clear,,,1,Daylight,2,Front-to-Front,0,No Special Jurisdiction,12,Motor Vehicle In-Transport,,0,NOT APPLICABLE,4,Minor Arterial,0,None
10617,/Date(1662532320000-0400)/,MONTGOMERY (101),1,1,1,1,Alabama,1,2022-09-07 02:32,32.32693333,-86.288466670,1,Clear,,,6,Dark - Unknown Lighting,0,The First Harmful Event was Not a Collision with a Motor Vehicle in Transport,0,No Special Jurisdiction,8,Pedestrian,,2130,MONTGOMERY,7,Local,0,None
10618,/Date(1662573180000-0400)/,LIMESTONE (83),1,0,1,1,Alabama,1,2022-09-07 13:53,34.75228333,-86.824336110,1,Clear,,,1,Daylight,0,The First Harmful Event was Not a Collision with a Motor Vehicle in Transport,0,No Special Jurisdiction,30,Utility Pole/Light Support,,0,NOT APPLICABLE,3,Principal Arterial - Other,0,None
10619,/Date(1662722700000-0400)/,LIMESTONE (83),1,0,5,1,Alabama,2,2022-09-09 07:25,34.75399722,-87.072286110,1,Clear,,,1,Daylight,6,Angle,0,No Special Jurisdiction,12,Motor Vehicle In-Transport,,0,NOT APPLICABLE,5,Major Collector,0,None
10620,/Date(1662755220000-0400)/,LOWNDES (85),1,0,3,1,Alabama,2,2022-09-09 16:27,32.15730278,-86.435697220,10,Cloudy,,,1,Daylight,1,Front-to-Rear,0,No Special Jurisdiction,12,Motor Vehicle In-Transport,,0,NOT APPLICABLE,1,Interstate,0,None
10621,/Date(1662849600000-0400)/,ETOWAH (55),1,0,1,1,Alabama,1,2022-09-10 18:40,34.04537778,-85.814494440,10,Cloudy,,,3,Dark - Lighted,0,The First Harmful Event was Not a Collision with a Motor Vehicle in Transport,0,No Special Jurisdiction,32,Culvert,,0,NOT APPLICABLE,5,Major Collector,0,None
10622,/Date(1662840600000-0400)/,CHILTON (21),1,0,1,1,Alabama,1,2022-09-10 16:10,32.98464722,-86.668658330,10,Cloudy,,,1,Daylight,0,The First Harmful Event was Not a Collision with a Motor Vehicle in Transport,0,No Special Jurisdiction,1,Rollover/Overturn,,0,NOT APPLICABLE,5,Major Collector,0,None
10624,/Date(1662894000000-0400)/,MACON (87),1,0,1,1,Alabama,1,2022-09-11 07:00,32.42904444,-85.680200000,2,Rain,,,1,Daylight,0,The First Harmful Event was Not a Collision with a Motor Vehicle in Transport,0,No Special Jurisdiction,35,Embankment,,3070,TUSKEGEE,4,Minor Arterial,0,None
10623,/Date(1662860220000-0400)/,MONTGOMERY (101),1,1,1,1,Alabama,1,2022-09-10 21:37,32.32723056,-86.258788890,1,Clear,,,3,Dark - Lighted,0,The First Harmful Event was Not a Collision with a Motor Vehicle in Transport,0,No Special Jurisdiction,8,Pedestrian,,2130,MONTGOMERY,3,Principal Arterial - Other,0,None
10626,/Date(1662939000000-0400)/,JEFFERSON (73),1,0,2,1,Alabama,1,2022-09-11 19:30,33.45302500,-86.885052780,2,Rain,,,3,Dark - Lighted,0,The First Harmful Event was Not a Collision with a Motor Vehicle in Transport,0,No Special Jurisdiction,1,Rollover/Overturn,,350,BIRMINGHAM,5,Major Collector,0,None
10625,/Date(1662873780000-0400)/,MOBILE (97),2,0,4,1,Alabama,2,2022-09-11 01:23,30.73423889,-88.116694440,1,Clear,,,2,Dark - Not Lighted,2,Front-to-Front,0,No Special Jurisdiction,12,Motor Vehicle In-Transport,,2100,MOBILE,5,Major Collector,0,None
10628,/Date(1662995160000-0400)/,MONTGOMERY (101),1,0,2,1,Alabama,2,2022-09-12 11:06,32.35898889,-86.247588890,1,Clear,,,1,Daylight,1,Front-to-Rear,0,No Special Jurisdiction,12,Motor Vehicle In-Transport,,2130,MONTGOMERY,1,Interstate,0,None
10627,/Date(1662920520000-0400)/,BLOUNT (9),1,0,3,1,Alabama,2,2022-09-11 14:22,33.99470556,-86.582272220,1,Clear,,,1,Daylight,6,Angle,0,No Special Jurisdiction,12,Motor Vehicle In-Transport,,715,CLEVELAND,7,Local,0,None
10629,/Date(1663084800000-0400)/,TALLAPOOSA (123),2,0,2,1,Alabama,1,2022-09-13 12:00,32.91053611,-85.673877780,1,Clear,,,1,Daylight,0,The First Harmful Event was Not a Collision with a Motor Vehicle in Transport,0,No Special Jurisdiction,35,Embankment,,0,NOT APPLICABLE,5,Major Collector,0,None
10631,/Date(1663300200000-0400)/,JEFFERSON (73),1,0,1,1,Alabama,1,2022-09-15 23:50,33.42729722,-86.944125000,1,Clear,,,3,Dark - Lighted,0,The First Harmful Event was Not a Collision with a Motor Vehicle in Transport,0,No Special Jurisdiction,5,Fell/Jumped from Vehicle,,330,BESSEMER,3,Principal Arterial - Other,0,None
10630,/Date(1663186500000-0400)/,BUTLER (13),1,0,2,1,Alabama,1,2022-09-14 16:15,31.65696111,-86.768900000,1,Clear,,,1,Daylight,0,The First Harmful Event was Not a Collision with a Motor Vehicle in Transport,0,No Special Jurisdiction,23,Bridge Rail (Includes parapet),,0,NOT APPLICABLE,1,Interstate,0,None
10632,/Date(1663238100000-0400)/,CHEROKEE (19),1,0,1,1,Alabama,1,2022-09-15 06:35,34.23611667,-85.509827780,1,Clear,,,1,Daylight,0,The First Harmful Event was Not a Collision with a Motor Vehicle in Transport,0,No Special Jurisdiction,32,Culvert,,0,NOT APPLICABLE,7,Local,0,None
10633,/Date(1663290000000-0400)/,PIKE (109),2,0,2,1,Alabama,1,2022-09-15 21:00,31.66619722,-85.937452780,1,Clear,,,2,Dark - Not Lighted,0,The First Harmful Event was Not a Collision with a Motor Vehicle in Transport,0,No Special Jurisdiction,38,Fence,,0,NOT APPLICABLE,6,Minor Collector,0,None
10634,/Date(1663325280000-0400)/,LEE (81),1,0,2,1,Alabama,2,2022-09-16 06:48,32.56704444,-85.378661110,1,Clear,,,4,Dawn,8,Sideswipe - Opposite Direction,0,No Special Jurisdiction,12,Motor Vehicle In-Transport,,0,NOT APPLICABLE,4,Minor Arterial,0,None
10635,/Date(1663365660000-0400)/,RUSSELL (113),1,0,5,1,Alabama,2,2022-09-16 18:01,32.29931111,-85.180030560,1,Clear,,,1,Daylight,6,Angle,0,No Special Jurisdiction,12,Motor Vehicle In-Transport,,0,NOT APPLICABLE,4,Minor Arterial,0,None
10636,/Date(1663460100000-0400)/,HOUSTON (69),1,1,2,1,Alabama,1,2022-09-17 20:15,31.21690000,-85.374719440,1,Clear,,,3,Dark - Lighted,0,The First Harmful Event was Not a Collision with a Motor Vehicle in Transport,0,No Special Jurisdiction,9,Pedalcyclist,,930,DOTHAN,5,Major Collector,0,None
10637,/Date(1663440600000-0400)/,LIMESTONE (83),1,0,2,1,Alabama,1,2022-09-17 14:50,34.86104167,-86.853088890,1,Clear,,,1,Daylight,0,The First Harmful Event was Not a Collision with a Motor Vehicle in Transport,0,No Special Jurisdiction,42,Tree (Standing Only),,0,NOT APPLICABLE,5,Major Collector,0,None
10639,/Date(1663467900000-0400)/,MADISON (89),1,0,1,1,Alabama,1,2022-09-17 22:25,34.62295833,-86.766044440,1,Clear,,,2,Dark - Not Lighted,0,The First Harmful Event was Not a Collision with a Motor Vehicle in Transport,0,No Special Jurisdiction,26,Other Traffic Barrier,,1730,HUNTSVILLE,4,Minor Arterial,1,Construction
10638,/Date(1663458900000-0400)/,AUTAUGA (1),1,0,4,1,Alabama,3,2022-09-17 19:55,32.43073333,-86.507919440,1,Clear,,,3,Dark - Lighted,2,Front-to-Front,0,No Special Jurisdiction,12,Motor Vehicle In-Transport,,2540,PRATTVILLE,4,Minor Arterial,0,None
10640,/Date(1663420380000-0400)/,DEKALB (49),1,0,3,1,Alabama,2,2022-09-17 09:13,34.52847778,-85.829650000,1,Clear,,,1,Daylight,2,Front-to-Front,0,No Special Jurisdiction,12,Motor Vehicle In-Transport,,2564,RAINSVILLE,6,Minor Collector,0,None
10641,/Date(1663479540000-0400)/,SHELBY (117),1,0,4,1,Alabama,4,2022-09-18 01:39,33.29223889,-86.797905560,1,Clear,,,2,Dark - Not Lighted,1,Front-to-Rear,0,No Special Jurisdiction,12,Motor Vehicle In-Transport,,2405,PELHAM,1,Interstate,0,None
10642,/Date(1663505400000-0400)/,CLEBURNE (29),1,0,1,1,Alabama,1,2022-09-18 08:50,33.61674167,-85.666180560,1,Clear,,,1,Daylight,0,The First Harmful Event was Not a Collision with a Motor Vehicle in Transport,0,No Special Jurisdiction,35,Embankment,,0,NOT APPLICABLE,1,Interstate,0,None
10645,/Date(1663532040000-0400)/,TALLADEGA (121),1,0,1,1,Alabama,1,2022-09-18 16:14,33.54480278,-85.944105560,1,Clear,,,1,Daylight,0,The First Harmful Event was Not a Collision with a Motor Vehicle in Transport,0,No Special Jurisdiction,53,Mail Box,,0,NOT APPLICABLE,4,Minor Arterial,0,None
10644,/Date(1663493280000-0400)/,BALDWIN (3),1,1,1,1,Alabama,1,2022-09-18 05:28,30.35564722,-87.693588890,1,Clear,,,4,Dawn,0,The First Harmful Event was Not a Collision with a Motor Vehicle in Transport,0,No Special Jurisdiction,8,Pedestrian,,0,NOT APPLICABLE,5,Major Collector,0,None
10643,/Date(1663528620000-0400)/,JEFFERSON (73),1,0,1,1,Alabama,4,2022-09-18 15:17,33.55612778,-86.821877780,1,Clear,,,1,Daylight,0,The First Harmful Event was Not a Collision with a Motor Vehicle in Transport,0,No Special Jurisdiction,14,Parked Motor Vehicle,,350,BIRMINGHAM,7,Local,0,None
10646,/Date(1663643460000-0400)/,HOUSTON (69),1,1,1,1,Alabama,1,2022-09-19 23:11,31.24835000,-85.377538890,1,Clear,,,3,Dark - Lighted,0,The First Harmful Event was Not a Collision with a Motor Vehicle in Transport,0,No Special Jurisdiction,8,Pedestrian,,930,DOTHAN,3,Principal Arterial - Other,0,None
10649,/Date(1663697400000-0400)/,WALKER (127),1,0,1,1,Alabama,1,2022-09-20 14:10,33.89483611,-87.156272220,1,Clear,,,1,Daylight,0,The First Harmful Event was Not a Collision with a Motor Vehicle in Transport,0,No Special Jurisdiction,42,Tree (Standing Only),,0,NOT APPLICABLE,4,Minor Arterial,0,None
10648,/Date(1663618860000-0400)/,JEFFERSON (73),1,0,2,1,Alabama,2,2022-09-19 16:21,33.60761944,-86.958180560,1,Clear,,,1,Daylight,6,Angle,0,No Special Jurisdiction,12,Motor Vehicle In-Transport,,0,NOT APPLICABLE,5,Major Collector,0,None
10647,/Date(1663569600000-0400)/,BULLOCK (11),1,0,1,1,Alabama,1,2022-09-19 02:40,32.21637222,-85.916980560,1,Clear,,,2,Dark - Not Lighted,0,The First Harmful Event was Not a Collision with a Motor Vehicle in Transport,0,No Special Jurisdiction,38,Fence,,0,NOT APPLICABLE,4,Minor Arterial,0,None
10651,/Date(1663707900000-0400)/,RUSSELL (113),1,0,2,1,Alabama,2,2022-09-20 17:05,32.25594167,-85.001450000,1,Clear,,,1,Daylight,8,Sideswipe - Opposite Direction,0,No Special Jurisdiction,12,Motor Vehicle In-Transport,,0,NOT APPLICABLE,5,Major Collector,0,None
10652,/Date(1663772400000-0400)/,COFFEE (31),1,0,1,1,Alabama,1,2022-09-21 11:00,31.41480000,-86.110763890,1,Clear,,,1,Daylight,0,The First Harmful Event was Not a Collision with a Motor Vehicle in Transport,0,No Special Jurisdiction,5,Fell/Jumped from Vehicle,,1010,ELBA,3,Principal Arterial - Other,0,None
10650,/Date(1663709400000-0400)/,JEFFERSON (73),1,0,3,1,Alabama,3,2022-09-20 17:30,33.53376111,-86.841772220,1,Clear,,,1,Daylight,6,Angle,0,No Special Jurisdiction,12,Motor Vehicle In-Transport,,350,BIRMINGHAM,4,Minor Arterial,0,None
10654,/Date(1663775940000-0400)/,JEFFERSON (73),1,0,1,1,Alabama,1,2022-09-21 11:59,33.49836389,-87.155300000,1,Clear,,,1,Daylight,0,The First Harmful Event was Not a Collision with a Motor Vehicle in Transport,0,No Special Jurisdiction,42,Tree (Standing Only),,0,NOT APPLICABLE,5,Major Collector,0,None
10655,/Date(1663860060000-0400)/,SHELBY (117),1,0,3,1,Alabama,2,2022-09-22 11:21,33.11411389,-86.857072220,1,Clear,,,1,Daylight,2,Front-to-Front,0,No Special Jurisdiction,12,Motor Vehicle In-Transport,,2120,MONTEVALLO,3,Principal Arterial - Other,0,None
10653,/Date(-62135578800000-0500)/,JEFFERSON (73),2,0,3,1,Alabama,2,2022-09-21 99:99,33.76783056,-86.935372220,1,Clear,,,1,Daylight,2,Front-to-Front,0,No Special Jurisdiction,12,Motor Vehicle In-Transport,,0,NOT APPLICABLE,5,Major Collector,0,None
10656,/Date(1663870440000-0400)/,JEFFERSON (73),1,1,1,1,Alabama,1,2022-09-22 14:14,33.46785278,-87.095725000,10,Cloudy,,,1,Daylight,0,The First Harmful Event was Not a Collision with a Motor Vehicle in Transport,0,No Special Jurisdiction,8,Pedestrian,,0,NOT APPLICABLE,5,Major Collector,0,None
10658,/Date(1664060340000-0400)/,JEFFERSON (73),1,0,1,1,Alabama,1,2022-09-24 18:59,33.49931389,-86.792530560,1,Clear,,,5,Dusk,0,The First Harmful Event was Not a Collision with a Motor Vehicle in Transport,0,No Special Jurisdiction,1,Rollover/Overturn,,350,BIRMINGHAM,7,Local,0,None
10659,/Date(1664003400000-0400)/,GENEVA (61),1,0,3,1,Alabama,1,2022-09-24 03:10,31.07073611,-85.580338890,1,Clear,,,2,Dark - Not Lighted,0,The First Harmful Event was Not a Collision with a Motor Vehicle in Transport,0,No Special Jurisdiction,34,Ditch,,0,NOT APPLICABLE,7,Local,0,None
10660,/Date(1664045280000-0400)/,LEE (81),1,0,1,1,Alabama,1,2022-09-24 14:48,32.59012778,-85.219538890,1,Clear,,,1,Daylight,0,The First Harmful Event was Not a Collision with a Motor Vehicle in Transport,0,No Special Jurisdiction,42,Tree (Standing Only),,0,NOT APPLICABLE,7,Local,0,None
10661,/Date(1664087700000-0400)/,ELMORE (51),1,0,1,1,Alabama,1,2022-09-25 02:35,32.58773056,-86.160969440,1,Clear,,,2,Dark - Not Lighted,0,The First Harmful Event was Not a Collision with a Motor Vehicle in Transport,0,No Special Jurisdiction,1,Rollover/Overturn,,0,NOT APPLICABLE,5,Major Collector,0,None
10663,/Date(1664181840000-0400)/,DEKALB (49),1,0,1,1,Alabama,1,2022-09-26 04:44,34.62131389,-85.664825000,1,Clear,,,2,Dark - Not Lighted,0,The First Harmful Event was Not a Collision with a Motor Vehicle in Transport,0,No Special Jurisdiction,34,Ditch,,0,NOT APPLICABLE,7,Local,0,None
10662,/Date(1664101740000-0400)/,MOBILE (97),1,0,2,1,Alabama,2,2022-09-25 06:29,30.53085556,-88.123475000,1,Clear,,,4,Dawn,2,Front-to-Front,0,No Special Jurisdiction,12,Motor Vehicle In-Transport,,2100,MOBILE,3,Principal Arterial - Other,0,None
10657,/Date(1663962000000-0400)/,LOWNDES (85),1,0,3,1,Alabama,2,2022-09-23 15:40,32.18500556,-86.564958330,1,Clear,,,1,Daylight,2,Front-to-Front,0,No Special Jurisdiction,12,Motor Vehicle In-Transport,,0,NOT APPLICABLE,5,Major Collector,0,None
10665,/Date(1664183700000-0400)/,CALHOUN (15),1,0,3,1,Alabama,2,2022-09-26 05:15,33.93281667,-85.622755560,5,"Fog, Smog, Smoke",,,3,Dark - Lighted,6,Angle,0,No Special Jurisdiction,12,Motor Vehicle In-Transport,,2460,PIEDMONT,3,Principal Arterial - Other,0,None
10664,/Date(1663795500000-0400)/,MOBILE (97),1,0,2,1,Alabama,2,2022-09-21 17:25,30.67826667,-88.043269440,1,Clear,,,1,Daylight,1,Front-to-Rear,0,No Special Jurisdiction,12,Motor Vehicle In-Transport,,2100,MOBILE,1,Interstate,0,None
10666,/Date(1664223060000-0400)/,TUSCALOOSA (125),2,0,8,1,Alabama,4,2022-09-26 16:11,33.15106111,-87.605136110,1,Clear,,,1,Daylight,1,Front-to-Rear,0,No Special Jurisdiction,12,Motor Vehicle In-Transport,,0,NOT APPLICABLE,1,Interstate,4,"Work Zone, Type Unknown"
10667,/Date(1664394360000-0400)/,LOWNDES (85),1,0,1,1,Alabama,1,2022-09-28 15:46,31.99523333,-86.460155560,1,Clear,,,1,Daylight,0,The First Harmful Event was Not a Collision with a Motor Vehicle in Transport,0,No Special Jurisdiction,42,Tree (Standing Only),,0,NOT APPLICABLE,6,Minor Collector,0,None
10668,/Date(1664440200000-0400)/,MONROE (99),1,1,1,1,Alabama,1,2022-09-29 04:30,31.44937500,-87.337922220,1,Clear,,,2,Dark - Not Lighted,0,The First Harmful Event was Not a Collision with a Motor Vehicle in Transport,0,No Special Jurisdiction,8,Pedestrian,,0,NOT APPLICABLE,5,Major Collector,0,None
10670,/Date(1663944300000-0400)/,MONTGOMERY (101),1,0,2,1,Alabama,2,2022-09-23 10:45,32.36084167,-86.176811110,1,Clear,,,1,Daylight,1,Front-to-Rear,0,No Special Jurisdiction,12,Motor Vehicle In-Transport,,2130,MONTGOMERY,1,Interstate,0,None
10669,/Date(1664485200000-0400)/,BLOUNT (9),1,0,3,1,Alabama,1,2022-09-29 17:00,34.23966667,-86.510791670,1,Clear,,,1,Daylight,0,The First Harmful Event was Not a Collision with a Motor Vehicle in Transport,0,No Special Jurisdiction,34,Ditch,,0,NOT APPLICABLE,6,Minor Collector,0,None
10671,/Date(1664452200000-0400)/,MARSHALL (95),1,0,2,1,Alabama,2,2022-09-29 07:50,34.36085278,-86.382697220,1,Clear,,,1,Daylight,1,Front-to-Rear,0,No Special Jurisdiction,12,Motor Vehicle In-Transport,,0,NOT APPLICABLE,4,Minor Arterial,0,None
10673,/Date(1664685180000-0400)/,LEE (81),1,0,1,1,Alabama,1,2022-10-02 00:33,32.59489167,-85.399366670,1,Clear,,,2,Dark - Not Lighted,0,The First Harmful Event was Not a Collision with a Motor Vehicle in Transport,0,No Special Jurisdiction,42,Tree (Standing Only),,0,NOT APPLICABLE,4,Minor Arterial,0,None
10672,/Date(1664591520000-0400)/,MARSHALL (95),2,0,5,1,Alabama,3,2022-09-30 22:32,34.32882222,-86.314125000,1,Clear,,,3,Dark - Lighted,1,Front-to-Rear,0,No Special Jurisdiction,12,Motor Vehicle In-Transport,,1500,GUNTERSVILLE,3,Principal Arterial - Other,0,None
10674,/Date(1664762100000-0400)/,PIKE (109),1,1,1,1,Alabama,1,2022-10-02 21:55,31.68036389,-85.824677780,1,Clear,,,2,Dark - Not Lighted,0,The First Harmful Event was Not a Collision with a Motor Vehicle in Transport,0,No Special Jurisdiction,8,Pedestrian,,0,NOT APPLICABLE,3,Principal Arterial - Other,0,None
10678,/Date(1664821800000-0400)/,CULLMAN (43),1,0,2,1,Alabama,2,2022-10-03 14:30,34.19461667,-86.947552780,1,Clear,,,1,Daylight,6,Angle,0,No Special Jurisdiction,12,Motor Vehicle In-Transport,,0,NOT APPLICABLE,3,Principal Arterial - Other,0,None
10675,/Date(1663924380000-0400)/,JEFFERSON (73),1,1,1,1,Alabama,1,2022-09-23 05:13,33.50981389,-86.788175000,1,Clear,,,2,Dark - Not Lighted,0,The First Harmful Event was Not a Collision with a Motor Vehicle in Transport,0,No Special Jurisdiction,8,Pedestrian,,350,BIRMINGHAM,5,Major Collector,0,None
10676,/Date(1664684700000-0400)/,MARENGO (91),1,0,2,1,Alabama,2,2022-10-02 00:25,32.10721667,-87.781783330,1,Clear,,,2,Dark - Not Lighted,2,Front-to-Front,0,No Special Jurisdiction,12,Motor Vehicle In-Transport,,0,NOT APPLICABLE,3,Principal Arterial - Other,0,None
10677,/Date(1664741280000-0400)/,MOBILE (97),1,0,2,1,Alabama,2,2022-10-02 16:08,30.75509167,-88.212219440,1,Clear,,,1,Daylight,0,The First Harmful Event was Not a Collision with a Motor Vehicle in Transport,0,No Special Jurisdiction,1,Rollover/Overturn,,0,NOT APPLICABLE,3,Principal Arterial - Other,0,None
10680,/Date(1664886960000-0400)/,LIMESTONE (83),1,0,1,1,Alabama,1,2022-10-04 08:36,34.79111944,-87.017438890,1,Clear,,,1,Daylight,0,The First Harmful Event was Not a Collision with a Motor Vehicle in Transport,0,No Special Jurisdiction,59,Traffic Sign Support ,,0,NOT APPLICABLE,3,Principal Arterial - Other,0,None
10679,/Date(1664854620000-0400)/,JEFFERSON (73),1,0,1,1,Alabama,1,2022-10-03 23:37,33.56387222,-86.664502780,1,Clear,,,3,Dark - Lighted,0,The First Harmful Event was Not a Collision with a Motor Vehicle in Transport,0,No Special Jurisdiction,35,Embankment,,350,BIRMINGHAM,4,Minor Arterial,0,None
10683,/Date(1664957400000-0400)/,ST. CLAIR (115),1,0,3,1,Alabama,3,2022-10-05 04:10,33.74683889,-86.485275000,1,Clear,,,2,Dark - Not Lighted,0,The First Harmful Event was Not a Collision with a Motor Vehicle in Transport,0,No Special Jurisdiction,1,Rollover/Overturn,,0,NOT APPLICABLE,1,Interstate,0,None
10682,/Date(1664963160000-0400)/,COLBERT (33),1,0,2,1,Alabama,1,2022-10-05 05:46,34.68692500,-87.687447220,1,Clear,,,2,Dark - Not Lighted,0,The First Harmful Event was Not a Collision with a Motor Vehicle in Transport,0,No Special Jurisdiction,34,Ditch,,0,NOT APPLICABLE,4,Minor Arterial,0,None
10681,/Date(1664902800000-0400)/,COLBERT (33),1,0,1,1,Alabama,1,2022-10-04 13:00,34.74784444,-87.680647220,1,Clear,,,1,Daylight,0,The First Harmful Event was Not a Collision with a Motor Vehicle in Transport,0,No Special Jurisdiction,42,Tree (Standing Only),,2780,SHEFFIELD,4,Minor Arterial,0,None
10684,/Date(1664898300000-0400)/,ETOWAH (55),2,0,3,1,Alabama,2,2022-10-04 11:45,34.17966667,-86.142925000,1,Clear,,,1,Daylight,6,Angle,0,No Special Jurisdiction,12,Motor Vehicle In-Transport,,2719,SARDIS CITY,3,Principal Arterial - Other,0,None
10686,/Date(1664962200000-0400)/,MONTGOMERY (101),1,0,2,1,Alabama,2,2022-10-05 05:30,32.11182778,-86.401494440,1,Clear,,,2,Dark - Not Lighted,11,Other ,0,No Special Jurisdiction,12,Motor Vehicle In-Transport,,0,NOT APPLICABLE,4,Minor Arterial,0,None
10687,/Date(1665021120000-0400)/,JEFFERSON (73),1,1,1,1,Alabama,1,2022-10-05 21:52,33.47221667,-86.921927780,1,Clear,,,2,Dark - Not Lighted,0,The First Harmful Event was Not a Collision with a Motor Vehicle in Transport,0,No Special Jurisdiction,8,Pedestrian,,0,NOT APPLICABLE,4,Minor Arterial,0,None
10685,/Date(1664963100000-0400)/,ST. CLAIR (115),1,0,7,1,Alabama,6,2022-10-05 05:45,33.77238889,-86.452030560,1,Clear,,,2,Dark - Not Lighted,1,Front-to-Rear,0,No Special Jurisdiction,12,Motor Vehicle In-Transport,,0,NOT APPLICABLE,1,Interstate,0,None
10688,/Date(1665105900000-0400)/,SHELBY (117),1,0,1,1,Alabama,1,2022-10-06 21:25,33.19457222,-86.798594440,1,Clear,,,3,Dark - Lighted,0,The First Harmful Event was Not a Collision with a Motor Vehicle in Transport,0,No Special Jurisdiction,53,Mail Box,,47,ALABASTER,7,Local,0,None
10690,/Date(1665177300000-0400)/,CULLMAN (43),1,0,1,1,Alabama,1,2022-10-07 17:15,34.25661111,-86.821788890,1,Clear,,,1,Daylight,0,The First Harmful Event was Not a Collision with a Motor Vehicle in Transport,0,No Special Jurisdiction,32,Culvert,,0,NOT APPLICABLE,5,Major Collector,0,None
10692,/Date(1665354360000-0400)/,CLEBURNE (29),1,0,1,1,Alabama,1,2022-10-09 18:26,33.62124722,-85.609833330,1,Clear,,,2,Dark - Not Lighted,0,The First Harmful Event was Not a Collision with a Motor Vehicle in Transport,0,No Special Jurisdiction,52,Guardrail End,,0,NOT APPLICABLE,1,Interstate,0,None
10689,/Date(1665068400000-0400)/,MACON (87),1,0,1,1,Alabama,1,2022-10-06 11:00,32.36640000,-85.848588890,1,Clear,,,1,Daylight,0,The First Harmful Event was Not a Collision with a Motor Vehicle in Transport,0,No Special Jurisdiction,34,Ditch,,0,NOT APPLICABLE,5,Major Collector,0,None
10691,/Date(1665178800000-0400)/,COLBERT (33),1,0,1,1,Alabama,1,2022-10-07 17:40,34.64965556,-87.645216670,1,Clear,,,1,Daylight,0,The First Harmful Event was Not a Collision with a Motor Vehicle in Transport,0,No Special Jurisdiction,35,Embankment,,0,NOT APPLICABLE,5,Major Collector,0,None
10693,/Date(1665183660000-0400)/,JEFFERSON (73),1,0,2,1,Alabama,2,2022-10-07 19:01,33.52083333,-86.846122220,1,Clear,,,3,Dark - Lighted,6,Angle,0,No Special Jurisdiction,12,Motor Vehicle In-Transport,,350,BIRMINGHAM,1,Interstate,0,None
10695,/Date(1665446520000-0400)/,COLBERT (33),1,1,1,1,Alabama,1,2022-10-10 20:02,34.66638889,-87.811141670,1,Clear,,,2,Dark - Not Lighted,0,The First Harmful Event was Not a Collision with a Motor Vehicle in Transport,0,No Special Jurisdiction,53,Mail Box,,0,NOT APPLICABLE,5,Major Collector,0,None
10694,/Date(1665223980000-0400)/,DEKALB (49),1,0,5,1,Alabama,2,2022-10-08 06:13,34.28248333,-85.878097220,1,Clear,,,4,Dawn,2,Front-to-Front,0,No Special Jurisdiction,12,Motor Vehicle In-Transport,,750,COLLINSVILLE,5,Major Collector,0,None
10696,/Date(1665433800000-0400)/,ETOWAH (55),2,0,2,1,Alabama,1,2022-10-10 16:30,34.01151111,-85.844027780,1,Clear,,,1,Daylight,0,The First Harmful Event was Not a Collision with a Motor Vehicle in Transport,0,No Special Jurisdiction,32,Culvert,,1670,HOKES BLUFF,5,Major Collector,0,None
10697,/Date(1665528660000-0400)/,BLOUNT (9),1,1,1,1,Alabama,1,2022-10-11 18:51,34.14376111,-86.378363890,1,Clear,,,2,Dark - Not Lighted,0,The First Harmful Event was Not a Collision with a Motor Vehicle in Transport,0,No Special Jurisdiction,8,Pedestrian,,0,NOT APPLICABLE,4,Minor Arterial,0,None
10698,/Date(1665478200000-0400)/,MADISON (89),1,0,1,1,Alabama,1,2022-10-11 04:50,34.92598333,-86.455416670,1,Clear,,,2,Dark - Not Lighted,0,The First Harmful Event was Not a Collision with a Motor Vehicle in Transport,0,No Special Jurisdiction,38,Fence,,0,NOT APPLICABLE,7,Local,0,None
10699,/Date(1665596700000-0400)/,GREENE (63),2,0,4,1,Alabama,2,2022-10-12 13:45,32.67485833,-87.898452780,2,Rain,,,1,Daylight,6,Angle,0,No Special Jurisdiction,12,Motor Vehicle In-Transport,,0,NOT APPLICABLE,3,Principal Arterial - Other,0,None
10702,/Date(1665652740000-0400)/,BALDWIN (3),1,1,1,1,Alabama,1,2022-10-13 05:19,30.40660556,-87.700175000,5,"Fog, Smog, Smoke",,,3,Dark - Lighted,0,The First Harmful Event was Not a Collision with a Motor Vehicle in Transport,0,No Special Jurisdiction,8,Pedestrian,,1210,FOLEY,3,Principal Arterial - Other,0,None
10700,/Date(1665631140000-0400)/,MORGAN (103),1,0,1,1,Alabama,1,2022-10-12 23:19,34.31615556,-86.999441670,2,Rain,,,2,Dark - Not Lighted,0,The First Harmful Event was Not a Collision with a Motor Vehicle in Transport,0,No Special Jurisdiction,34,Ditch,,0,NOT APPLICABLE,3,Principal Arterial - Other,0,None
10703,/Date(1665819000000-0400)/,LIMESTONE (83),1,0,1,1,Alabama,1,2022-10-15 03:30,34.73270278,-87.026108330,1,Clear,,,2,Dark - Not Lighted,0,The First Harmful Event was Not a Collision with a Motor Vehicle in Transport,0,No Special Jurisdiction,34,Ditch,,0,NOT APPLICABLE,5,Major Collector,0,None
10704,/Date(1665767700000-0400)/,MONROE (99),1,0,2,1,Alabama,2,2022-10-14 13:15,31.38010278,-87.428719440,1,Clear,,,1,Daylight,6,Angle,0,No Special Jurisdiction,12,Motor Vehicle In-Transport,,0,NOT APPLICABLE,4,Minor Arterial,0,None
10705,/Date(1665891960000-0400)/,MADISON (89),1,0,1,1,Alabama,1,2022-10-15 23:46,34.82950000,-86.608308330,10,Cloudy,,,3,Dark - Lighted,0,The First Harmful Event was Not a Collision with a Motor Vehicle in Transport,0,No Special Jurisdiction,32,Culvert,,1730,HUNTSVILLE,4,Minor Arterial,0,None
10706,/Date(1665865320000-0400)/,CHEROKEE (19),2,0,3,1,Alabama,2,2022-10-15 16:22,34.19175278,-85.767558330,1,Clear,,,1,Daylight,6,Angle,0,No Special Jurisdiction,12,Motor Vehicle In-Transport,,1852,LEESBURG,5,Major Collector,0,None
10708,/Date(1665933960000-0400)/,ST. CLAIR (115),1,0,3,1,Alabama,2,2022-10-16 11:26,33.64814444,-86.453416670,1,Clear,,,1,Daylight,2,Front-to-Front,0,No Special Jurisdiction,12,Motor Vehicle In-Transport,,2320,ODENVILLE,5,Major Collector,0,None
10707,/Date(1665891540000-0400)/,ST. CLAIR (115),1,0,3,1,Alabama,2,2022-10-15 23:39,33.57617778,-86.272830560,1,Clear,,,3,Dark - Lighted,2,Front-to-Front,0,No Special Jurisdiction,12,Motor Vehicle In-Transport,,2410,PELL CITY,4,Minor Arterial,0,None
10709,/Date(1668132300000-0500)/,JEFFERSON (73),1,0,4,1,Alabama,3,2022-11-10 21:05,33.44931389,-86.739863890,10,Cloudy,,,3,Dark - Lighted,1,Front-to-Rear,0,No Special Jurisdiction,12,Motor Vehicle In-Transport,,3125,VESTAVIA HILLS,3,Principal Arterial - Other,0,None
10710,/Date(1666896000000-0400)/,ESCAMBIA (53),1,0,1,1,Alabama,1,2022-10-27 14:40,31.09599722,-87.440502780,1,Clear,,,1,Daylight,0,The First Harmful Event was Not a Collision with a Motor Vehicle in Transport,0,No Special Jurisdiction,34,Ditch,,0,NOT APPLICABLE,7,Local,0,None
10711,/Date(1666919700000-0400)/,ST. CLAIR (115),1,0,1,1,Alabama,1,2022-10-27 21:15,33.91844167,-86.318252780,1,Clear,,,2,Dark - Not Lighted,0,The First Harmful Event was Not a Collision with a Motor Vehicle in Transport,0,No Special Jurisdiction,1,Rollover/Overturn,,0,NOT APPLICABLE,5,Major Collector,0,None
10713,/Date(1666919280000-0400)/,BALDWIN (3),1,0,1,1,Alabama,1,2022-10-27 21:08,30.66486944,-87.915519440,1,Clear,,,2,Dark - Not Lighted,0,The First Harmful Event was Not a Collision with a Motor Vehicle in Transport,0,No Special Jurisdiction,59,Traffic Sign Support ,,2823,SPANISH FORT,3,Principal Arterial - Other,0,None
10712,/Date(1666914300000-0400)/,MADISON (89),1,1,1,1,Alabama,1,2022-10-27 19:45,34.70948889,-86.609350000,1,Clear,,,3,Dark - Lighted,0,The First Harmful Event was Not a Collision with a Motor Vehicle in Transport,0,No Special Jurisdiction,8,Pedestrian,,1730,HUNTSVILLE,5,Major Collector,0,None
10714,/Date(1666999200000-0400)/,CALHOUN (15),1,1,1,1,Alabama,1,2022-10-28 19:20,33.60706667,-85.834011110,10,Cloudy,,,3,Dark - Lighted,0,The First Harmful Event was Not a Collision with a Motor Vehicle in Transport,0,No Special Jurisdiction,8,Pedestrian,,2370,OXFORD,4,Minor Arterial,0,None
10715,/Date(1666983600000-0400)/,TUSCALOOSA (125),1,0,3,1,Alabama,2,2022-10-28 15:00,33.28137500,-87.802208330,1,Clear,,,1,Daylight,6,Angle,0,No Special Jurisdiction,12,Motor Vehicle In-Transport,,0,NOT APPLICABLE,3,Principal Arterial - Other,0,None
10717,/Date(1666977600000-0400)/,MORGAN (103),1,0,4,1,Alabama,2,2022-10-28 13:20,34.37918056,-87.093058330,1,Clear,,,1,Daylight,6,Angle,0,No Special Jurisdiction,12,Motor Vehicle In-Transport,,0,NOT APPLICABLE,3,Principal Arterial - Other,0,None
10716,/Date(1666998360000-0400)/,MONTGOMERY (101),1,1,1,1,Alabama,1,2022-10-28 19:06,32.30144722,-86.195344440,1,Clear,,,2,Dark - Not Lighted,0,The First Harmful Event was Not a Collision with a Motor Vehicle in Transport,0,No Special Jurisdiction,8,Pedestrian,,2130,MONTGOMERY,3,Principal Arterial - Other,0,None
10718,/Date(1667008500000-0400)/,JEFFERSON (73),1,1,3,1,Alabama,2,2022-10-28 21:55,33.50680556,-86.832022220,1,Clear,,,3,Dark - Lighted,0,The First Harmful Event was Not a Collision with a Motor Vehicle in Transport,0,No Special Jurisdiction,8,Pedestrian,,350,BIRMINGHAM,3,Principal Arterial - Other,0,None
10720,/Date(1667086200000-0400)/,MORGAN (103),1,0,1,1,Alabama,1,2022-10-29 19:30,34.53129722,-86.627983330,1,Clear,,,2,Dark - Not Lighted,0,The First Harmful Event was Not a Collision with a Motor Vehicle in Transport,0,No Special Jurisdiction,32,Culvert,,0,NOT APPLICABLE,4,Minor Arterial,0,None
10719,/Date(1666943100000-0400)/,JEFFERSON (73),1,1,2,1,Alabama,2,2022-10-28 03:45,33.45918889,-86.913702780,1,Clear,,,6,Dark - Unknown Lighting,0,The First Harmful Event was Not a Collision with a Motor Vehicle in Transport,0,No Special Jurisdiction,8,Pedestrian,,0,NOT APPLICABLE,5,Major Collector,0,None
10721,/Date(1667083500000-0400)/,JEFFERSON (73),1,1,1,1,Alabama,1,2022-10-29 18:45,33.47063889,-86.927069440,10,Cloudy,,,2,Dark - Not Lighted,0,The First Harmful Event was Not a Collision with a Motor Vehicle in Transport,0,No Special Jurisdiction,9,Pedalcyclist,,0,NOT APPLICABLE,7,Local,0,None
10722,/Date(1667131080000-0400)/,MONTGOMERY (101),1,0,1,1,Alabama,1,2022-10-30 07:58,32.42428056,-86.284688890,2,Rain,,,1,Daylight,0,The First Harmful Event was Not a Collision with a Motor Vehicle in Transport,0,No Special Jurisdiction,42,Tree (Standing Only),,2130,MONTGOMERY,2,Principal Arterial - Other Freeways and Expressways,0,None
10723,/Date(1667151600000-0400)/,AUTAUGA (1),1,0,1,1,Alabama,1,2022-10-30 13:40,32.61918333,-86.734366670,2,Rain,,,1,Daylight,0,The First Harmful Event was Not a Collision with a Motor Vehicle in Transport,0,No Special Jurisdiction,42,Tree (Standing Only),,0,NOT APPLICABLE,3,Principal Arterial - Other,0,None
10725,/Date(1650638160000-0400)/,TUSCALOOSA (125),1,0,1,1,Alabama,1,2022-04-22 10:36,33.27652778,-87.132186110,1,Clear,,,1,Daylight,0,The First Harmful Event was Not a Collision with a Motor Vehicle in Transport,0,No Special Jurisdiction,42,Tree (Standing Only),,9997,Other,5,Major Collector,0,None
10727,/Date(1665896100000-0400)/,JEFFERSON (73),1,0,2,1,Alabama,2,2022-10-16 00:55,33.50427778,-86.890091670,1,Clear,,,3,Dark - Lighted,1,Front-to-Rear,0,No Special Jurisdiction,12,Motor Vehicle In-Transport,,350,BIRMINGHAM,1,Interstate,0,None
10724,/Date(1667222820000-0400)/,MOBILE (97),1,0,2,1,Alabama,2,2022-10-31 09:27,30.70968611,-88.122725000,1,Clear,,,1,Daylight,0,The First Harmful Event was Not a Collision with a Motor Vehicle in Transport,0,No Special Jurisdiction,38,Fence,,2100,MOBILE,1,Interstate,0,None
10726,/Date(1665669420000-0400)/,CULLMAN (43),1,0,2,1,Alabama,2,2022-10-13 09:57,34.21509722,-86.892505560,1,Clear,,,1,Daylight,6,Angle,0,No Special Jurisdiction,12,Motor Vehicle In-Transport,,830,CULLMAN,3,Principal Arterial - Other,0,None
10728,/Date(1666039080000-0400)/,ST. CLAIR (115),1,0,4,1,Alabama,3,2022-10-17 16:38,33.84923056,-86.312461110,1,Clear,,,1,Daylight,6,Angle,0,No Special Jurisdiction,12,Motor Vehicle In-Transport,,0,NOT APPLICABLE,1,Interstate,1,Construction
10731,/Date(1666207200000-0400)/,TUSCALOOSA (125),1,0,7,1,Alabama,3,2022-10-19 15:20,33.28061389,-87.106466670,1,Clear,,,1,Daylight,6,Angle,0,No Special Jurisdiction,12,Motor Vehicle In-Transport,,0,NOT APPLICABLE,5,Major Collector,0,None
10729,/Date(1666116900000-0400)/,LIMESTONE (83),1,0,2,1,Alabama,2,2022-10-18 14:15,34.79841667,-86.850241670,1,Clear,,,1,Daylight,6,Angle,0,No Special Jurisdiction,12,Motor Vehicle In-Transport,,0,NOT APPLICABLE,7,Local,0,None
10732,/Date(1666154580000-0400)/,MONTGOMERY (101),1,1,1,1,Alabama,1,2022-10-19 00:43,32.39256111,-86.326963890,1,Clear,,,2,Dark - Not Lighted,0,The First Harmful Event was Not a Collision with a Motor Vehicle in Transport,0,No Special Jurisdiction,8,Pedestrian,,0,NOT APPLICABLE,1,Interstate,0,None
10730,/Date(1666172100000-0400)/,JACKSON (71),1,0,3,1,Alabama,2,2022-10-19 05:35,34.84086944,-86.040661110,1,Clear,,,2,Dark - Not Lighted,2,Front-to-Front,0,No Special Jurisdiction,12,Motor Vehicle In-Transport,,0,NOT APPLICABLE,6,Minor Collector,0,None
10733,/Date(1666206480000-0400)/,JEFFERSON (73),1,0,1,1,Alabama,1,2022-10-19 15:08,33.54232500,-86.554491670,1,Clear,,,9,Reported as Unknown,0,The First Harmful Event was Not a Collision with a Motor Vehicle in Transport,0,No Special Jurisdiction,42,Tree (Standing Only),,1850,LEEDS,4,Minor Arterial,0,None
10734,/Date(1666291980000-0400)/,BUTLER (13),1,0,2,1,Alabama,2,2022-10-20 14:53,31.84856111,-86.643669440,1,Clear,,,1,Daylight,2,Front-to-Front,0,No Special Jurisdiction,12,Motor Vehicle In-Transport,,1460,GREENVILLE,1,Interstate,0,None
10735,/Date(1667633700000-0400)/,MOBILE (97),1,0,3,1,Alabama,2,2022-11-05 03:35,30.49210278,-88.356433330,1,Clear,,,2,Dark - Not Lighted,1,Front-to-Rear,0,No Special Jurisdiction,12,Motor Vehicle In-Transport,,0,NOT APPLICABLE,1,Interstate,0,None
10736,/Date(1666392000000-0400)/,BALDWIN (3),2,0,3,1,Alabama,2,2022-10-21 18:40,30.95736111,-87.857338890,1,Clear,,,2,Dark - Not Lighted,1,Front-to-Rear,0,No Special Jurisdiction,12,Motor Vehicle In-Transport,,0,NOT APPLICABLE,5,Major Collector,0,None
10737,/Date(1666403700000-0400)/,BALDWIN (3),1,0,4,1,Alabama,3,2022-10-21 21:55,30.68693056,-88.006752780,10,Cloudy,,,3,Dark - Lighted,7,Sideswipe - Same Direction,0,No Special Jurisdiction,12,Motor Vehicle In-Transport,,0,NOT APPLICABLE,1,Interstate,0,None
10738,/Date(1666424100000-0400)/,SHELBY (117),1,0,1,1,Alabama,1,2022-10-22 03:35,33.39121667,-86.408919440,1,Clear,,,2,Dark - Not Lighted,0,The First Harmful Event was Not a Collision with a Motor Vehicle in Transport,0,No Special Jurisdiction,59,Traffic Sign Support ,,0,NOT APPLICABLE,4,Minor Arterial,0,None
10739,/Date(1666417800000-0400)/,LIMESTONE (83),1,0,2,1,Alabama,1,2022-10-22 01:50,34.78496389,-87.071980560,1,Clear,,,2,Dark - Not Lighted,0,The First Harmful Event was Not a Collision with a Motor Vehicle in Transport,0,No Special Jurisdiction,34,Ditch,,0,NOT APPLICABLE,7,Local,0,None
10740,/Date(1666420200000-0400)/,LEE (81),1,1,1,1,Alabama,1,2022-10-22 02:30,32.68672222,-85.320905560,1,Clear,,,2,Dark - Not Lighted,0,The First Harmful Event was Not a Collision with a Motor Vehicle in Transport,0,No Special Jurisdiction,9,Pedalcyclist,,2340,OPELIKA,1,Interstate,0,None
10741,/Date(1666452900000-0400)/,WALKER (127),1,0,1,1,Alabama,1,2022-10-22 11:35,33.82013889,-87.065319440,1,Clear,,,1,Daylight,0,The First Harmful Event was Not a Collision with a Motor Vehicle in Transport,0,No Special Jurisdiction,42,Tree (Standing Only),,0,NOT APPLICABLE,5,Major Collector,0,None
10742,/Date(1666463400000-0400)/,CONECUH (35),1,0,2,1,Alabama,1,2022-10-22 14:30,31.38001389,-87.315111110,1,Clear,,,1,Daylight,0,The First Harmful Event was Not a Collision with a Motor Vehicle in Transport,0,No Special Jurisdiction,5,Fell/Jumped from Vehicle,,2600,REPTON,5,Major Collector,0,None
10743,/Date(1666571880000-0400)/,MONTGOMERY (101),1,0,2,1,Alabama,1,2022-10-23 20:38,32.33733056,-86.299427780,1,Clear,,,3,Dark - Lighted,0,The First Harmful Event was Not a Collision with a Motor Vehicle in Transport,0,No Special Jurisdiction,1,Rollover/Overturn,,2130,MONTGOMERY,4,Minor Arterial,0,None
10744,/Date(1666564200000-0400)/,BALDWIN (3),1,0,5,1,Alabama,3,2022-10-23 18:30,30.38848056,-87.647511110,1,Clear,,,5,Dusk,6,Angle,0,No Special Jurisdiction,12,Motor Vehicle In-Transport,,1210,FOLEY,4,Minor Arterial,0,None
10745,/Date(1662031980000-0400)/,JEFFERSON (73),1,0,2,1,Alabama,2,2022-09-01 07:33,33.54496667,-86.759619440,1,Clear,,,1,Daylight,0,The First Harmful Event was Not a Collision with a Motor Vehicle in Transport,0,No Special Jurisdiction,14,Parked Motor Vehicle,,350,BIRMINGHAM,1,Interstate,0,None
10746,/Date(1666564800000-0400)/,CHILTON (21),1,0,5,1,Alabama,2,2022-10-23 18:40,32.78203889,-86.571750000,1,Clear,,,2,Dark - Not Lighted,7,Sideswipe - Same Direction,0,No Special Jurisdiction,12,Motor Vehicle In-Transport,,0,NOT APPLICABLE,1,Interstate,0,None
10747,/Date(1666738200000-0400)/,JACKSON (71),1,0,1,1,Alabama,1,2022-10-25 18:50,34.59856944,-85.994122220,10,Cloudy,,,2,Dark - Not Lighted,0,The First Harmful Event was Not a Collision with a Motor Vehicle in Transport,0,No Special Jurisdiction,35,Embankment,,0,NOT APPLICABLE,3,Principal Arterial - Other,0,None
10748,/Date(1666677600000-0400)/,CLARKE (25),1,0,2,1,Alabama,1,2022-10-25 02:00,31.59348611,-87.942636110,1,Clear,,,2,Dark - Not Lighted,0,The First Harmful Event was Not a Collision with a Motor Vehicle in Transport,0,No Special Jurisdiction,42,Tree (Standing Only),,0,NOT APPLICABLE,7,Local,0,None
10749,/Date(1666805400000-0400)/,CULLMAN (43),2,0,4,1,Alabama,2,2022-10-26 13:30,34.23247222,-86.917819440,10,Cloudy,,,1,Daylight,6,Angle,0,No Special Jurisdiction,12,Motor Vehicle In-Transport,,0,NOT APPLICABLE,3,Principal Arterial - Other,0,None
10751,/Date(1667357100000-0400)/,JEFFERSON (73),1,0,3,1,Alabama,2,2022-11-01 22:45,33.53251389,-86.798691670,1,Clear,,,3,Dark - Lighted,7,Sideswipe - Same Direction,0,No Special Jurisdiction,12,Motor Vehicle In-Transport,,350,BIRMINGHAM,1,Interstate,0,None
10750,/Date(1667329200000-0400)/,DEKALB (49),1,0,2,1,Alabama,2,2022-11-01 15:00,34.32651111,-85.846247220,1,Clear,,,1,Daylight,2,Front-to-Front,0,No Special Jurisdiction,12,Motor Vehicle In-Transport,,0,NOT APPLICABLE,5,Major Collector,0,None
10753,/Date(1667425860000-0400)/,CALHOUN (15),1,2,1,1,Alabama,1,2022-11-02 17:51,33.82735556,-85.763938890,1,Clear,,,5,Dusk,0,The First Harmful Event was Not a Collision with a Motor Vehicle in Transport,0,No Special Jurisdiction,8,Pedestrian,,1770,JACKSONVILLE,3,Principal Arterial - Other,0,None
10752,/Date(1667313180000-0400)/,MOBILE (97),1,0,2,1,Alabama,2,2022-11-01 10:33,30.59077778,-88.146377780,1,Clear,,,1,Daylight,6,Angle,0,No Special Jurisdiction,12,Motor Vehicle In-Transport,,2100,MOBILE,3,Principal Arterial - Other,0,None
10755,/Date(1667411100000-0400)/,MOBILE (97),1,0,4,1,Alabama,2,2022-11-02 13:45,30.52534444,-88.202336110,1,Clear,,,1,Daylight,2,Front-to-Front,0,No Special Jurisdiction,12,Motor Vehicle In-Transport,,0,NOT APPLICABLE,3,Principal Arterial - Other,0,None
10754,/Date(1667436720000-0400)/,MOBILE (97),1,1,1,1,Alabama,1,2022-11-02 20:52,30.69691944,-88.124933330,1,Clear,,,2,Dark - Not Lighted,0,The First Harmful Event was Not a Collision with a Motor Vehicle in Transport,0,No Special Jurisdiction,8,Pedestrian,,2100,MOBILE,5,Major Collector,0,None
10756,/Date(1667435100000-0400)/,HOUSTON (69),1,0,1,1,Alabama,1,2022-11-02 20:25,31.06790833,-85.375275000,1,Clear,,,2,Dark - Not Lighted,0,The First Harmful Event was Not a Collision with a Motor Vehicle in Transport,0,No Special Jurisdiction,59,Traffic Sign Support ,,0,NOT APPLICABLE,7,Local,0,None
10757,/Date(1667478600000-0400)/,LAWRENCE (79),1,0,2,1,Alabama,2,2022-11-03 08:30,34.63736389,-87.408952780,1,Clear,,,1,Daylight,2,Front-to-Front,0,No Special Jurisdiction,12,Motor Vehicle In-Transport,,0,NOT APPLICABLE,4,Minor Arterial,0,None
10758,/Date(1667452620000-0400)/,HOUSTON (69),1,0,1,1,Alabama,1,2022-11-03 01:17,31.14135000,-85.366686110,1,Clear,,,2,Dark - Not Lighted,0,The First Harmful Event was Not a Collision with a Motor Vehicle in Transport,0,No Special Jurisdiction,33,Curb,,0,NOT APPLICABLE,5,Major Collector,0,None
10759,/Date(1667519100000-0400)/,MARSHALL (95),1,0,3,1,Alabama,2,2022-11-03 19:45,34.36395000,-86.368038890,1,Clear,,,2,Dark - Not Lighted,6,Angle,0,No Special Jurisdiction,12,Motor Vehicle In-Transport,,0,NOT APPLICABLE,4,Minor Arterial,0,None
10760,/Date(1667536800000-0400)/,MADISON (89),1,0,3,1,Alabama,2,2022-11-04 00:40,34.88487778,-86.739130560,1,Clear,,,3,Dark - Lighted,1,Front-to-Rear,0,No Special Jurisdiction,12,Motor Vehicle In-Transport,,0,NOT APPLICABLE,3,Principal Arterial - Other,0,None
10761,/Date(1667562600000-0400)/,COFFEE (31),1,0,2,1,Alabama,2,2022-11-04 07:50,31.29248611,-85.865455560,1,Clear,,,1,Daylight,6,Angle,0,No Special Jurisdiction,12,Motor Vehicle In-Transport,,1030,ENTERPRISE,4,Minor Arterial,0,None
10763,/Date(1667694780000-0400)/,COVINGTON (39),1,0,1,1,Alabama,1,2022-11-05 20:33,31.43884444,-86.233883330,1,Clear,,,2,Dark - Not Lighted,0,The First Harmful Event was Not a Collision with a Motor Vehicle in Transport,0,No Special Jurisdiction,35,Embankment,,0,NOT APPLICABLE,7,Local,0,None
10762,/Date(1667637000000-0400)/,TUSCALOOSA (125),1,0,2,1,Alabama,2,2022-11-05 04:30,33.20650833,-87.497575000,2,Rain,,,3,Dark - Lighted,2,Front-to-Front,0,No Special Jurisdiction,12,Motor Vehicle In-Transport,,3050,TUSCALOOSA,4,Minor Arterial,0,None
10765,/Date(1667628900000-0400)/,COLBERT (33),1,1,1,1,Alabama,1,2022-11-05 02:15,34.75709444,-87.552038890,10,Cloudy,,,2,Dark - Not Lighted,0,The First Harmful Event was Not a Collision with a Motor Vehicle in Transport,0,No Special Jurisdiction,8,Pedestrian,,0,NOT APPLICABLE,4,Minor Arterial,0,None
10767,/Date(1667658120000-0400)/,COOSA (37),1,0,1,1,Alabama,1,2022-11-05 10:22,33.08927778,-86.103088890,1,Clear,,,1,Daylight,0,The First Harmful Event was Not a Collision with a Motor Vehicle in Transport,0,No Special Jurisdiction,42,Tree (Standing Only),,0,NOT APPLICABLE,5,Major Collector,0,None
10764,/Date(1667702400000-0400)/,MONTGOMERY (101),1,0,1,1,Alabama,1,2022-11-05 22:40,32.32691111,-86.282491670,99,Reported as Unknown,,,3,Dark - Lighted,0,The First Harmful Event was Not a Collision with a Motor Vehicle in Transport,0,No Special Jurisdiction,42,Tree (Standing Only),,2130,MONTGOMERY,3,Principal Arterial - Other,0,None
10766,/Date(1667628360000-0400)/,TUSCALOOSA (125),1,0,2,1,Alabama,2,2022-11-05 02:06,33.20956111,-87.571205560,1,Clear,,,3,Dark - Lighted,2,Front-to-Front,0,No Special Jurisdiction,12,Motor Vehicle In-Transport,,2260,NORTHPORT,3,Principal Arterial - Other,0,None
10772,/Date(1667852400000-0500)/,MONTGOMERY (101),1,0,1,1,Alabama,1,2022-11-07 15:20,32.35048333,-86.420677780,1,Clear,,,1,Daylight,0,The First Harmful Event was Not a Collision with a Motor Vehicle in Transport,0,No Special Jurisdiction,34,Ditch,,0,NOT APPLICABLE,5,Major Collector,0,None
10768,/Date(1667791860000-0500)/,JEFFERSON (73),1,0,1,1,Alabama,1,2022-11-06 22:31,33.62387778,-86.734130560,1,Clear,,,2,Dark - Not Lighted,0,The First Harmful Event was Not a Collision with a Motor Vehicle in Transport,0,No Special Jurisdiction,42,Tree (Standing Only),,0,NOT APPLICABLE,3,Principal Arterial - Other,0,None
10769,/Date(1667766060000-0500)/,ESCAMBIA (53),3,0,3,1,Alabama,2,2022-11-06 15:21,31.01588889,-87.226155560,1,Clear,,,1,Daylight,2,Front-to-Front,0,No Special Jurisdiction,12,Motor Vehicle In-Transport,,0,NOT APPLICABLE,3,Principal Arterial - Other,0,None
10773,/Date(1667916000000-0500)/,DALLAS (47),1,0,4,1,Alabama,3,2022-11-08 09:00,32.44926111,-87.014455560,1,Clear,,,1,Daylight,2,Front-to-Front,0,No Special Jurisdiction,12,Motor Vehicle In-Transport,,9997,Other,4,Minor Arterial,0,None
10771,/Date(1667842140000-0500)/,TUSCALOOSA (125),1,0,2,1,Alabama,1,2022-11-07 12:29,33.08593611,-87.692877780,1,Clear,,,1,Daylight,0,The First Harmful Event was Not a Collision with a Motor Vehicle in Transport,0,No Special Jurisdiction,42,Tree (Standing Only),,0,NOT APPLICABLE,6,Minor Collector,0,None
10770,/Date(1667730600000-0400)/,JEFFERSON (73),1,1,1,1,Alabama,1,2022-11-06 05:30,33.48871667,-86.824133330,10,Cloudy,,,2,Dark - Not Lighted,0,The First Harmful Event was Not a Collision with a Motor Vehicle in Transport,0,No Special Jurisdiction,8,Pedestrian,,350,BIRMINGHAM,1,Interstate,0,None
10775,/Date(1668136980000-0500)/,COLBERT (33),1,0,1,1,Alabama,1,2022-11-10 22:23,34.64875556,-87.529494440,2,Rain,,,2,Dark - Not Lighted,0,The First Harmful Event was Not a Collision with a Motor Vehicle in Transport,0,No Special Jurisdiction,34,Ditch,,0,NOT APPLICABLE,5,Major Collector,0,None
10774,/Date(1667951220000-0500)/,MOBILE (97),1,1,2,1,Alabama,2,2022-11-08 18:47,30.75357778,-88.117588890,1,Clear,,,2,Dark - Not Lighted,0,The First Harmful Event was Not a Collision with a Motor Vehicle in Transport,0,No Special Jurisdiction,8,Pedestrian,,2550,PRICHARD,3,Principal Arterial - Other,0,None
10776,/Date(1668140700000-0500)/,MARSHALL (95),2,0,4,1,Alabama,1,2022-11-10 23:25,34.48468889,-86.385358330,10,Cloudy,,,2,Dark - Not Lighted,0,The First Harmful Event was Not a Collision with a Motor Vehicle in Transport,0,No Special Jurisdiction,42,Tree (Standing Only),,0,NOT APPLICABLE,7,Local,0,None
10777,/Date(1668109500000-0500)/,MONROE (99),1,1,1,1,Alabama,1,2022-11-10 14:45,31.48704444,-87.372241670,1,Clear,,,1,Daylight,0,The First Harmful Event was Not a Collision with a Motor Vehicle in Transport,0,No Special Jurisdiction,8,Pedestrian,,0,NOT APPLICABLE,3,Principal Arterial - Other,0,None
10778,/Date(1668219300000-0500)/,MARENGO (91),2,0,2,1,Alabama,2,2022-11-11 21:15,32.08897222,-87.860783330,1,Clear,,,2,Dark - Not Lighted,2,Front-to-Front,0,No Special Jurisdiction,12,Motor Vehicle In-Transport,,0,NOT APPLICABLE,4,Minor Arterial,0,None
10779,/Date(1668160200000-0500)/,ST. CLAIR (115),1,0,1,1,Alabama,1,2022-11-11 04:50,33.72591944,-86.287244440,2,Rain,,,2,Dark - Not Lighted,0,The First Harmful Event was Not a Collision with a Motor Vehicle in Transport,0,No Special Jurisdiction,42,Tree (Standing Only),,0,NOT APPLICABLE,4,Minor Arterial,0,None
10780,/Date(1668147000000-0500)/,CULLMAN (43),3,0,4,1,Alabama,1,2022-11-11 01:10,34.08859167,-86.733430560,10,Cloudy,,,2,Dark - Not Lighted,0,The First Harmful Event was Not a Collision with a Motor Vehicle in Transport,0,No Special Jurisdiction,24,Guardrail Face,,0,NOT APPLICABLE,4,Minor Arterial,0,None
10781,/Date(1668314220000-0500)/,MORGAN (103),1,0,4,1,Alabama,1,2022-11-12 23:37,34.58994444,-87.023208330,1,Clear,,,2,Dark - Not Lighted,0,The First Harmful Event was Not a Collision with a Motor Vehicle in Transport,0,No Special Jurisdiction,34,Ditch,,890,DECATUR,4,Minor Arterial,0,None
10782,/Date(1668248880000-0500)/,JEFFERSON (73),1,0,2,1,Alabama,2,2022-11-12 05:28,33.60688333,-86.689627780,2,Rain,,,3,Dark - Lighted,6,Angle,0,No Special Jurisdiction,12,Motor Vehicle In-Transport,,350,BIRMINGHAM,3,Principal Arterial - Other,0,None
10783,/Date(1668386520000-0500)/,LEE (81),2,0,3,1,Alabama,2,2022-11-13 19:42,32.58842500,-85.459086110,1,Clear,,,2,Dark - Not Lighted,2,Front-to-Front,0,No Special Jurisdiction,12,Motor Vehicle In-Transport,,200,AUBURN,1,Interstate,0,None
10785,/Date(1668460800000-0500)/,CULLMAN (43),1,0,1,1,Alabama,1,2022-11-14 16:20,34.11093889,-86.868338890,1,Clear,,,1,Daylight,0,The First Harmful Event was Not a Collision with a Motor Vehicle in Transport,0,No Special Jurisdiction,42,Tree (Standing Only),,9997,Other,5,Major Collector,0,None
10784,/Date(1668391860000-0500)/,JEFFERSON (73),1,0,1,1,Alabama,1,2022-11-13 21:11,33.74568333,-86.718233330,10,Cloudy,,,2,Dark - Not Lighted,0,The First Harmful Event was Not a Collision with a Motor Vehicle in Transport,0,No Special Jurisdiction,34,Ditch,,0,NOT APPLICABLE,5,Major Collector,0,None
10787,/Date(1668573300000-0500)/,MARSHALL (95),2,0,2,1,Alabama,2,2022-11-15 23:35,34.36360000,-86.368511110,1,Clear,,,2,Dark - Not Lighted,2,Front-to-Front,0,No Special Jurisdiction,12,Motor Vehicle In-Transport,,0,NOT APPLICABLE,4,Minor Arterial,0,None
10786,/Date(1668488460000-0500)/,CULLMAN (43),1,0,2,1,Alabama,1,2022-11-15 00:01,34.05761667,-86.817288890,2,Rain,,,2,Dark - Not Lighted,0,The First Harmful Event was Not a Collision with a Motor Vehicle in Transport,0,No Special Jurisdiction,34,Ditch,,0,NOT APPLICABLE,5,Major Collector,0,None
10789,/Date(1668533700000-0500)/,MONTGOMERY (101),3,0,4,1,Alabama,2,2022-11-15 12:35,32.06625278,-86.302466670,2,Rain,,,1,Daylight,2,Front-to-Front,0,No Special Jurisdiction,12,Motor Vehicle In-Transport,,0,NOT APPLICABLE,3,Principal Arterial - Other,0,None
10788,/Date(1668441000000-0500)/,MADISON (89),1,0,3,1,Alabama,2,2022-11-14 10:50,34.86015556,-86.517866670,10,Cloudy,,,1,Daylight,0,The First Harmful Event was Not a Collision with a Motor Vehicle in Transport,0,No Special Jurisdiction,35,Embankment,,0,NOT APPLICABLE,5,Major Collector,0,None
10792,/Date(1668742080000-0500)/,MORGAN (103),1,0,1,1,Alabama,1,2022-11-17 22:28,34.41038056,-86.703002780,1,Clear,,,2,Dark - Not Lighted,0,The First Harmful Event was Not a Collision with a Motor Vehicle in Transport,0,No Special Jurisdiction,42,Tree (Standing Only),,0,NOT APPLICABLE,5,Major Collector,0,None
10791,/Date(1668645600000-0500)/,ST. CLAIR (115),1,0,2,1,Alabama,2,2022-11-16 19:40,33.63743889,-86.397222220,1,Clear,,,2,Dark - Not Lighted,2,Front-to-Front,0,No Special Jurisdiction,12,Motor Vehicle In-Transport,,2320,ODENVILLE,5,Major Collector,0,None
10790,/Date(1668551940000-0500)/,BLOUNT (9),1,0,1,1,Alabama,1,2022-11-15 17:39,34.23554722,-86.494366670,1,Clear,,,2,Dark - Not Lighted,0,The First Harmful Event was Not a Collision with a Motor Vehicle in Transport,0,No Special Jurisdiction,35,Embankment,,0,NOT APPLICABLE,3,Principal Arterial - Other,0,None
10793,/Date(1668711780000-0500)/,HOUSTON (69),1,0,2,1,Alabama,1,2022-11-17 14:03,31.22841944,-85.426111110,10,Cloudy,,,1,Daylight,0,The First Harmful Event was Not a Collision with a Motor Vehicle in Transport,0,No Special Jurisdiction,33,Curb,,930,DOTHAN,3,Principal Arterial - Other,0,None
10794,/Date(1668444900000-0500)/,RUSSELL (113),1,0,7,1,Alabama,3,2022-11-14 11:55,32.42209167,-85.039966670,10,Cloudy,,,1,Daylight,6,Angle,0,No Special Jurisdiction,12,Motor Vehicle In-Transport,,0,NOT APPLICABLE,3,Principal Arterial - Other,0,None
10795,/Date(1668828600000-0500)/,FRANKLIN (59),2,0,3,1,Alabama,2,2022-11-18 22:30,34.50483611,-87.708558330,1,Clear,,,2,Dark - Not Lighted,2,Front-to-Front,0,No Special Jurisdiction,12,Motor Vehicle In-Transport,,0,NOT APPLICABLE,5,Major Collector,0,None
10796,/Date(1668748980000-0500)/,MONTGOMERY (101),5,0,6,1,Alabama,2,2022-11-18 00:23,32.32430278,-86.335466670,1,Clear,,,3,Dark - Lighted,2,Front-to-Front,0,No Special Jurisdiction,12,Motor Vehicle In-Transport,,2130,MONTGOMERY,1,Interstate,0,None
10798,/Date(1668917040000-0500)/,DALLAS (47),1,0,2,1,Alabama,2,2022-11-19 23:04,32.44120278,-87.140158330,1,Clear,,,2,Dark - Not Lighted,2,Front-to-Front,0,No Special Jurisdiction,12,Motor Vehicle In-Transport,,0,NOT APPLICABLE,3,Principal Arterial - Other,0,None
10797,/Date(1668840180000-0500)/,JEFFERSON (73),1,1,1,1,Alabama,1,2022-11-19 01:43,33.47581667,-86.924588890,1,Clear,,,2,Dark - Not Lighted,0,The First Harmful Event was Not a Collision with a Motor Vehicle in Transport,0,No Special Jurisdiction,8,Pedestrian,,0,NOT APPLICABLE,4,Minor Arterial,0,None
10799,/Date(1668913380000-0500)/,MONTGOMERY (101),1,0,1,1,Alabama,1,2022-11-19 22:03,32.04043056,-86.027686110,1,Clear,,,2,Dark - Not Lighted,0,The First Harmful Event was Not a Collision with a Motor Vehicle in Transport,0,No Special Jurisdiction,52,Guardrail End,,0,NOT APPLICABLE,5,Major Collector,0,None
10801,/Date(1668843240000-0500)/,MONTGOMERY (101),1,0,1,1,Alabama,1,2022-11-19 02:34,32.41081389,-86.303411110,1,Clear,,,6,Dark - Unknown Lighting,0,The First Harmful Event was Not a Collision with a Motor Vehicle in Transport,0,No Special Jurisdiction,25,Concrete Traffic Barrier,,2130,MONTGOMERY,2,Principal Arterial - Other Freeways and Expressways,0,None
10803,/Date(1668991500000-0500)/,ESCAMBIA (53),1,0,1,1,Alabama,1,2022-11-20 19:45,31.16815556,-87.578633330,1,Clear,,,2,Dark - Not Lighted,0,The First Harmful Event was Not a Collision with a Motor Vehicle in Transport,0,No Special Jurisdiction,42,Tree (Standing Only),,0,NOT APPLICABLE,5,Major Collector,0,None
10802,/Date(1668834000000-0500)/,BALDWIN (3),1,0,1,1,Alabama,1,2022-11-19 00:00,30.50176667,-87.890380560,1,Clear,,,2,Dark - Not Lighted,0,The First Harmful Event was Not a Collision with a Motor Vehicle in Transport,0,No Special Jurisdiction,42,Tree (Standing Only),,0,NOT APPLICABLE,5,Major Collector,0,None
10804,/Date(1668925800000-0500)/,BUTLER (13),2,0,4,1,Alabama,2,2022-11-20 01:30,31.66598056,-86.762544440,1,Clear,,,2,Dark - Not Lighted,1,Front-to-Rear,0,No Special Jurisdiction,12,Motor Vehicle In-Transport,,0,NOT APPLICABLE,1,Interstate,0,None
10805,/Date(1669085880000-0500)/,MORGAN (103),1,0,2,1,Alabama,2,2022-11-21 21:58,34.48981667,-86.896052780,10,Cloudy,,,2,Dark - Not Lighted,1,Front-to-Rear,0,No Special Jurisdiction,12,Motor Vehicle In-Transport,,890,DECATUR,5,Major Collector,0,None
10806,/Date(1669063620000-0500)/,MOBILE (97),1,1,1,1,Alabama,1,2022-11-21 15:47,30.68868333,-88.081311110,1,Clear,,,1,Daylight,0,The First Harmful Event was Not a Collision with a Motor Vehicle in Transport,0,No Special Jurisdiction,8,Pedestrian,,2100,MOBILE,5,Major Collector,0,None
10807,/Date(1669053900000-0500)/,MOBILE (97),1,0,1,1,Alabama,1,2022-11-21 13:05,31.02123889,-88.254083330,1,Clear,,,1,Daylight,0,The First Harmful Event was Not a Collision with a Motor Vehicle in Transport,0,No Special Jurisdiction,34,Ditch,,0,NOT APPLICABLE,7,Local,0,None
10809,/Date(1669096800000-0500)/,DALLAS (47),1,0,1,1,Alabama,1,2022-11-22 01:00,32.43176389,-86.955852780,1,Clear,,,2,Dark - Not Lighted,0,The First Harmful Event was Not a Collision with a Motor Vehicle in Transport,0,No Special Jurisdiction,24,Guardrail Face,,0,NOT APPLICABLE,4,Minor Arterial,0,None
10810,/Date(1669245900000-0500)/,MARSHALL (95),1,0,4,1,Alabama,2,2022-11-23 18:25,34.32183056,-86.312563890,1,Clear,,,3,Dark - Lighted,6,Angle,0,No Special Jurisdiction,12,Motor Vehicle In-Transport,,1500,GUNTERSVILLE,3,Principal Arterial - Other,0,None
10808,/Date(1669156380000-0500)/,TUSCALOOSA (125),1,1,1,1,Alabama,1,2022-11-22 17:33,33.23166667,-87.576650000,1,Clear,,,2,Dark - Not Lighted,0,The First Harmful Event was Not a Collision with a Motor Vehicle in Transport,0,No Special Jurisdiction,8,Pedestrian,,2260,NORTHPORT,3,Principal Arterial - Other,0,None
10811,/Date(1669247400000-0500)/,PIKE (109),1,0,1,1,Alabama,1,2022-11-23 18:50,31.95169444,-86.024213890,1,Clear,,,2,Dark - Not Lighted,0,The First Harmful Event was Not a Collision with a Motor Vehicle in Transport,0,No Special Jurisdiction,1,Rollover/Overturn,,0,NOT APPLICABLE,3,Principal Arterial - Other,0,None
10813,/Date(1669523100000-0500)/,ELMORE (51),1,0,1,1,Alabama,1,2022-11-26 23:25,32.61882222,-86.154286110,2,Rain,,,2,Dark - Not Lighted,0,The First Harmful Event was Not a Collision with a Motor Vehicle in Transport,0,No Special Jurisdiction,42,Tree (Standing Only),,0,NOT APPLICABLE,4,Minor Arterial,0,None
10812,/Date(1669230180000-0500)/,MOBILE (97),2,0,2,1,Alabama,2,2022-11-23 14:03,30.72052222,-88.371605560,1,Clear,,,1,Daylight,6,Angle,0,No Special Jurisdiction,12,Motor Vehicle In-Transport,,0,NOT APPLICABLE,5,Major Collector,0,None
10814,/Date(1669499220000-0500)/,LEE (81),1,0,1,1,Alabama,1,2022-11-26 16:47,32.59897778,-85.461752780,2,Rain,,,5,Dusk,0,The First Harmful Event was Not a Collision with a Motor Vehicle in Transport,0,No Special Jurisdiction,30,Utility Pole/Light Support,,200,AUBURN,4,Minor Arterial,0,None
10815,/Date(1669358400000-0500)/,DALLAS (47),1,0,3,1,Alabama,2,2022-11-25 01:40,32.30129444,-87.327155560,2,Rain,,,2,Dark - Not Lighted,0,The First Harmful Event was Not a Collision with a Motor Vehicle in Transport,0,No Special Jurisdiction,42,Tree (Standing Only),,0,NOT APPLICABLE,4,Minor Arterial,0,None
10817,/Date(1669401300000-0500)/,MOBILE (97),1,0,1,1,Alabama,1,2022-11-25 13:35,30.95500833,-88.231677780,10,Cloudy,,,1,Daylight,0,The First Harmful Event was Not a Collision with a Motor Vehicle in Transport,0,No Special Jurisdiction,42,Tree (Standing Only),,0,NOT APPLICABLE,3,Principal Arterial - Other,0,None
10816,/Date(1672548240000-0500)/,JEFFERSON (73),1,0,3,1,Alabama,3,2022-12-31 23:44,33.46827222,-86.892727780,1,Clear,,,3,Dark - Lighted,2,Front-to-Front,0,No Special Jurisdiction,12,Motor Vehicle In-Transport,,350,BIRMINGHAM,4,Minor Arterial,0,None
10818,/Date(1669355940000-0500)/,MONROE (99),1,0,1,1,Alabama,1,2022-11-25 00:59,31.51684167,-87.351313890,2,Rain,,,2,Dark - Not Lighted,0,The First Harmful Event was Not a Collision with a Motor Vehicle in Transport,0,No Special Jurisdiction,35,Embankment,,2110,MONROEVILLE,4,Minor Arterial,0,None
10820,/Date(1669577220000-0500)/,MOBILE (97),1,0,2,1,Alabama,2,2022-11-27 14:27,30.73750556,-88.104838890,1,Clear,,,1,Daylight,6,Angle,0,No Special Jurisdiction,12,Motor Vehicle In-Transport,,2550,PRICHARD,3,Principal Arterial - Other,0,None
10821,/Date(1669550400000-0500)/,CLEBURNE (29),1,0,2,1,Alabama,1,2022-11-27 07:00,33.62109444,-85.610244440,1,Clear,,,1,Daylight,0,The First Harmful Event was Not a Collision with a Motor Vehicle in Transport,0,No Special Jurisdiction,35,Embankment,,0,NOT APPLICABLE,1,Interstate,0,None
10819,/Date(1669331100000-0500)/,LEE (81),1,0,4,1,Alabama,4,2022-11-24 18:05,32.59998056,-85.610191670,1,Clear,,,2,Dark - Not Lighted,8,Sideswipe - Opposite Direction,0,No Special Jurisdiction,12,Motor Vehicle In-Transport,,0,NOT APPLICABLE,4,Minor Arterial,0,None
10823,/Date(1669620360000-0500)/,MONTGOMERY (101),1,0,1,1,Alabama,1,2022-11-28 02:26,32.33236944,-86.358847220,1,Clear,,,3,Dark - Lighted,0,The First Harmful Event was Not a Collision with a Motor Vehicle in Transport,0,No Special Jurisdiction,42,Tree (Standing Only),,2130,MONTGOMERY,3,Principal Arterial - Other,0,None
10822,/Date(1669661400000-0500)/,JEFFERSON (73),1,0,3,1,Alabama,2,2022-11-28 13:50,33.53162500,-86.731741670,1,Clear,,,1,Daylight,6,Angle,0,No Special Jurisdiction,12,Motor Vehicle In-Transport,,350,BIRMINGHAM,3,Principal Arterial - Other,0,None
10824,/Date(1669656780000-0500)/,CONECUH (35),1,0,2,1,Alabama,2,2022-11-28 12:33,31.43010833,-86.958833330,1,Clear,,,1,Daylight,1,Front-to-Rear,0,No Special Jurisdiction,12,Motor Vehicle In-Transport,,1080,EVERGREEN,3,Principal Arterial - Other,0,None
10825,/Date(1669761240000-0500)/,MARSHALL (95),2,0,3,1,Alabama,3,2022-11-29 17:34,34.24201667,-86.144636110,10,Cloudy,,,2,Dark - Not Lighted,2,Front-to-Front,0,No Special Jurisdiction,12,Motor Vehicle In-Transport,,400,BOAZ,5,Major Collector,0,None
10828,/Date(1670012760000-0500)/,LAMAR (75),1,0,1,1,Alabama,1,2022-12-02 15:26,33.91847222,-88.146022220,10,Cloudy,,,1,Daylight,0,The First Harmful Event was Not a Collision with a Motor Vehicle in Transport,0,No Special Jurisdiction,24,Guardrail Face,,0,NOT APPLICABLE,4,Minor Arterial,0,None
10827,/Date(1669938000000-0500)/,JEFFERSON (73),1,0,2,1,Alabama,2,2022-12-01 18:40,33.73121944,-87.015427780,10,Cloudy,,,2,Dark - Not Lighted,1,Front-to-Rear,0,No Special Jurisdiction,12,Motor Vehicle In-Transport,,0,NOT APPLICABLE,3,Principal Arterial - Other,0,None
10826,/Date(1669856880000-0500)/,MONTGOMERY (101),1,1,1,1,Alabama,1,2022-11-30 20:08,32.31744722,-86.231730560,1,Clear,,,3,Dark - Lighted,0,The First Harmful Event was Not a Collision with a Motor Vehicle in Transport,0,No Special Jurisdiction,8,Pedestrian,,2130,MONTGOMERY,3,Principal Arterial - Other,0,None
10829,/Date(1669983900000-0500)/,CHOCTAW (23),1,0,2,1,Alabama,2,2022-12-02 07:25,32.16316111,-88.294477780,10,Cloudy,,,1,Daylight,6,Angle,0,No Special Jurisdiction,12,Motor Vehicle In-Transport,,0,NOT APPLICABLE,5,Major Collector,0,None
10833,/Date(1670194500000-0500)/,MOBILE (97),1,1,1,1,Alabama,1,2022-12-04 17:55,30.67423889,-88.127344440,1,Clear,,,3,Dark - Lighted,0,The First Harmful Event was Not a Collision with a Motor Vehicle in Transport,0,No Special Jurisdiction,8,Pedestrian,,2100,MOBILE,1,Interstate,0,None
10830,/Date(1670028600000-0500)/,MOBILE (97),1,1,1,1,Alabama,1,2022-12-02 19:50,30.70872778,-88.125141670,1,Clear,,,5,Dusk,0,The First Harmful Event was Not a Collision with a Motor Vehicle in Transport,0,No Special Jurisdiction,8,Pedestrian,,2100,MOBILE,3,Principal Arterial - Other,0,None
10834,/Date(1670140620000-0500)/,MOBILE (97),1,0,4,1,Alabama,1,2022-12-04 02:57,30.75111944,-88.161188890,1,Clear,,,2,Dark - Not Lighted,0,The First Harmful Event was Not a Collision with a Motor Vehicle in Transport,0,No Special Jurisdiction,35,Embankment,,2550,PRICHARD,4,Minor Arterial,0,None
10832,/Date(1670043600000-0500)/,MONTGOMERY (101),1,1,1,1,Alabama,1,2022-12-03 00:00,32.37438889,-86.323041670,1,Clear,,,2,Dark - Not Lighted,0,The First Harmful Event was Not a Collision with a Motor Vehicle in Transport,0,No Special Jurisdiction,9,Pedalcyclist,,2130,MONTGOMERY,7,Local,0,None
10831,/Date(1669962900000-0500)/,ESCAMBIA (53),2,0,10,1,Alabama,6,2022-12-02 01:35,31.15006389,-87.395661110,1,Clear,,,2,Dark - Not Lighted,1,Front-to-Rear,0,No Special Jurisdiction,12,Motor Vehicle In-Transport,,0,NOT APPLICABLE,1,Interstate,0,None
10835,/Date(1670156160000-0500)/,COFFEE (31),1,0,2,1,Alabama,2,2022-12-04 07:16,31.51368333,-85.808158330,10,Cloudy,,,1,Daylight,2,Front-to-Front,0,No Special Jurisdiction,12,Motor Vehicle In-Transport,,0,NOT APPLICABLE,4,Minor Arterial,0,None
10836,/Date(1670254560000-0500)/,MADISON (89),1,0,1,1,Alabama,1,2022-12-05 10:36,34.75160278,-86.693261110,2,Rain,,,1,Daylight,0,The First Harmful Event was Not a Collision with a Motor Vehicle in Transport,0,No Special Jurisdiction,42,Tree (Standing Only),,1730,HUNTSVILLE,5,Major Collector,0,None
10837,/Date(1670281980000-0500)/,MOBILE (97),1,0,2,1,Alabama,2,2022-12-05 18:13,30.93805278,-88.212819440,10,Cloudy,,,2,Dark - Not Lighted,2,Front-to-Front,0,No Special Jurisdiction,12,Motor Vehicle In-Transport,,0,NOT APPLICABLE,3,Principal Arterial - Other,0,None
10838,/Date(1670322600000-0500)/,MONTGOMERY (101),1,0,1,1,Alabama,1,2022-12-06 05:30,32.28051389,-85.996019440,1,Clear,,,2,Dark - Not Lighted,0,The First Harmful Event was Not a Collision with a Motor Vehicle in Transport,0,No Special Jurisdiction,35,Embankment,,0,NOT APPLICABLE,4,Minor Arterial,0,None
10839,/Date(1670341500000-0500)/,WASHINGTON (129),1,0,1,1,Alabama,1,2022-12-06 10:45,31.45628333,-88.191488890,1,Clear,,,1,Daylight,0,The First Harmful Event was Not a Collision with a Motor Vehicle in Transport,0,No Special Jurisdiction,42,Tree (Standing Only),,650,CHATOM,4,Minor Arterial,0,None
10840,/Date(1670449800000-0500)/,CULLMAN (43),1,0,2,1,Alabama,2,2022-12-07 16:50,34.29290000,-86.898780560,5,"Fog, Smog, Smoke",,,2,Dark - Not Lighted,6,Angle,0,No Special Jurisdiction,12,Motor Vehicle In-Transport,,0,NOT APPLICABLE,4,Minor Arterial,0,None
10841,/Date(1670413200000-0500)/,MARION (93),1,0,2,1,Alabama,2,2022-12-07 06:40,34.11722500,-88.037627780,10,Cloudy,,,4,Dawn,1,Front-to-Rear,0,No Special Jurisdiction,12,Motor Vehicle In-Transport,,0,NOT APPLICABLE,1,Interstate,0,None
10842,/Date(1670429460000-0500)/,SHELBY (117),1,0,1,1,Alabama,1,2022-12-07 11:11,33.28735000,-86.421427780,1,Clear,,,1,Daylight,0,The First Harmful Event was Not a Collision with a Motor Vehicle in Transport,0,No Special Jurisdiction,42,Tree (Standing Only),,1570,HARPERSVILLE,4,Minor Arterial,0,None
10843,/Date(1670577900000-0500)/,HOUSTON (69),1,0,2,1,Alabama,1,2022-12-09 04:25,31.11485833,-85.404822220,5,"Fog, Smog, Smoke",,,2,Dark - Not Lighted,0,The First Harmful Event was Not a Collision with a Motor Vehicle in Transport,0,No Special Jurisdiction,42,Tree (Standing Only),,0,NOT APPLICABLE,3,Principal Arterial - Other,0,None
10844,/Date(1670733900000-0500)/,BALDWIN (3),1,0,2,1,Alabama,2,2022-12-10 23:45,30.76268333,-87.888400000,5,"Fog, Smog, Smoke",,,2,Dark - Not Lighted,2,Front-to-Front,0,No Special Jurisdiction,12,Motor Vehicle In-Transport,,0,NOT APPLICABLE,4,Minor Arterial,0,None
10845,/Date(1670808600000-0500)/,LIMESTONE (83),1,1,1,1,Alabama,1,2022-12-11 20:30,34.86150000,-86.995019440,1,Clear,,,2,Dark - Not Lighted,0,The First Harmful Event was Not a Collision with a Motor Vehicle in Transport,0,No Special Jurisdiction,8,Pedestrian,,0,NOT APPLICABLE,5,Major Collector,0,None
10846,/Date(1670797200000-0500)/,HOUSTON (69),1,0,1,1,Alabama,1,2022-12-11 17:20,31.05529722,-85.145150000,1,Clear,,,2,Dark - Not Lighted,0,The First Harmful Event was Not a Collision with a Motor Vehicle in Transport,0,No Special Jurisdiction,34,Ditch,,0,NOT APPLICABLE,7,Local,0,None
10847,/Date(1670944560000-0500)/,BALDWIN (3),2,0,2,1,Alabama,2,2022-12-13 10:16,30.41450833,-87.525322220,10,Cloudy,,,1,Daylight,2,Front-to-Front,0,No Special Jurisdiction,12,Motor Vehicle In-Transport,,0,NOT APPLICABLE,3,Principal Arterial - Other,0,None
10848,/Date(1671054000000-0500)/,MONTGOMERY (101),1,1,1,1,Alabama,1,2022-12-14 16:40,32.44154444,-86.216052780,2,Rain,,,2,Dark - Not Lighted,0,The First Harmful Event was Not a Collision with a Motor Vehicle in Transport,0,No Special Jurisdiction,8,Pedestrian,,0,NOT APPLICABLE,3,Principal Arterial - Other,0,None
10849,/Date(1671053700000-0500)/,CALHOUN (15),1,0,4,1,Alabama,2,2022-12-14 16:35,33.78131111,-85.955205560,2,Rain,,,2,Dark - Not Lighted,2,Front-to-Front,0,No Special Jurisdiction,12,Motor Vehicle In-Transport,,0,NOT APPLICABLE,4,Minor Arterial,0,None
10850,/Date(1671233700000-0500)/,JEFFERSON (73),1,1,0,1,Alabama,1,2022-12-16 18:35,33.62256944,-86.622816670,1,Clear,,,3,Dark - Lighted,0,The First Harmful Event was Not a Collision with a Motor Vehicle in Transport,0,No Special Jurisdiction,8,Pedestrian,,3080,TRUSSVILLE,7,Local,0,None
10851,/Date(1671344700000-0500)/,TALLADEGA (121),1,0,1,1,Alabama,1,2022-12-18 01:25,33.12014722,-86.253258330,1,Clear,,,2,Dark - Not Lighted,0,The First Harmful Event was Not a Collision with a Motor Vehicle in Transport,0,No Special Jurisdiction,35,Embankment,,0,NOT APPLICABLE,3,Principal Arterial - Other,0,None
10852,/Date(1671057420000-0500)/,FAYETTE (57),1,0,5,1,Alabama,3,2022-12-14 17:37,33.78537500,-87.799075000,2,Rain,,,2,Dark - Not Lighted,8,Sideswipe - Opposite Direction,0,No Special Jurisdiction,12,Motor Vehicle In-Transport,,0,NOT APPLICABLE,4,Minor Arterial,0,None
10853,/Date(1671407880000-0500)/,DALE (45),1,1,2,1,Alabama,1,2022-12-18 18:58,31.30011944,-85.765175000,1,Clear,,,2,Dark - Not Lighted,0,The First Harmful Event was Not a Collision with a Motor Vehicle in Transport,0,No Special Jurisdiction,8,Pedestrian,,1866,LEVEL PLAINS,3,Principal Arterial - Other,0,None
10854,/Date(1671406560000-0500)/,RUSSELL (113),1,1,3,1,Alabama,1,2022-12-18 18:36,32.45539722,-84.997416670,1,Clear,,,2,Dark - Not Lighted,0,The First Harmful Event was Not a Collision with a Motor Vehicle in Transport,0,No Special Jurisdiction,9,Pedalcyclist,,2440,PHENIX CITY,5,Major Collector,0,None
10855,/Date(1671448800000-0500)/,PIKE (109),1,0,1,1,Alabama,1,2022-12-19 06:20,31.86230000,-85.998825000,1,Clear,,,1,Daylight,0,The First Harmful Event was Not a Collision with a Motor Vehicle in Transport,0,No Special Jurisdiction,42,Tree (Standing Only),,0,NOT APPLICABLE,3,Principal Arterial - Other,0,None
10856,/Date(1671503700000-0500)/,LAUDERDALE (77),1,0,3,1,Alabama,3,2022-12-19 21:35,34.95496111,-87.227197220,10,Cloudy,,,2,Dark - Not Lighted,7,Sideswipe - Same Direction,0,No Special Jurisdiction,12,Motor Vehicle In-Transport,,0,NOT APPLICABLE,4,Minor Arterial,0,None
10857,/Date(1671489180000-0500)/,LEE (81),1,0,2,1,Alabama,2,2022-12-19 17:33,32.58458056,-85.441366670,10,Cloudy,,,3,Dark - Lighted,6,Angle,0,No Special Jurisdiction,12,Motor Vehicle In-Transport,,200,AUBURN,4,Minor Arterial,0,None
10859,/Date(1671551100000-0500)/,HOUSTON (69),1,0,2,1,Alabama,1,2022-12-20 10:45,31.10052222,-85.342733330,10,Cloudy,,,1,Daylight,0,The First Harmful Event was Not a Collision with a Motor Vehicle in Transport,0,No Special Jurisdiction,53,Mail Box,,0,NOT APPLICABLE,5,Major Collector,0,None
10858,/Date(1671556080000-0500)/,JEFFERSON (73),1,0,1,1,Alabama,1,2022-12-20 12:08,33.83221111,-86.824019440,2,Rain,,,1,Daylight,0,The First Harmful Event was Not a Collision with a Motor Vehicle in Transport,0,No Special Jurisdiction,59,Traffic Sign Support ,,0,NOT APPLICABLE,1,Interstate,0,None
10860,/Date(1671586860000-0500)/,ETOWAH (55),2,0,8,1,Alabama,1,2022-12-20 20:41,34.00809722,-86.055022220,1,Clear,,,3,Dark - Lighted,0,The First Harmful Event was Not a Collision with a Motor Vehicle in Transport,0,No Special Jurisdiction,39,Wall,,1280,GADSDEN,4,Minor Arterial,0,None
10861,/Date(1671665400000-0500)/,BLOUNT (9),1,0,2,1,Alabama,2,2022-12-21 18:30,33.92543889,-86.501319440,10,Cloudy,,,2,Dark - Not Lighted,0,The First Harmful Event was Not a Collision with a Motor Vehicle in Transport,0,No Special Jurisdiction,59,Traffic Sign Support ,,0,NOT APPLICABLE,3,Principal Arterial - Other,0,None
10862,/Date(1671933960000-0500)/,ELMORE (51),1,0,1,1,Alabama,1,2022-12-24 21:06,32.59526389,-86.007180560,1,Clear,,,2,Dark - Not Lighted,0,The First Harmful Event was Not a Collision with a Motor Vehicle in Transport,0,No Special Jurisdiction,43,Other Fixed Object,,0,NOT APPLICABLE,5,Major Collector,0,None
10864,/Date(1671828900000-0500)/,MOBILE (97),1,0,1,1,Alabama,1,2022-12-23 15:55,30.61022500,-88.072294440,1,Clear,,,1,Daylight,0,The First Harmful Event was Not a Collision with a Motor Vehicle in Transport,0,No Special Jurisdiction,30,Utility Pole/Light Support,,2100,MOBILE,7,Local,0,None
10865,/Date(1671771840000-0500)/,ESCAMBIA (53),1,0,1,1,Alabama,1,2022-12-23 00:04,31.00659722,-87.269822220,1,Clear,,,3,Dark - Lighted,0,The First Harmful Event was Not a Collision with a Motor Vehicle in Transport,0,No Special Jurisdiction,32,Culvert,,1180,FLOMATON,4,Minor Arterial,0,None
10863,/Date(1671927600000-0500)/,MARSHALL (95),1,0,3,1,Alabama,2,2022-12-24 19:20,34.33534722,-86.210463890,1,Clear,,,2,Dark - Not Lighted,2,Front-to-Front,0,No Special Jurisdiction,12,Motor Vehicle In-Transport,,0,NOT APPLICABLE,5,Major Collector,0,None
10866,/Date(1671752700000-0500)/,BALDWIN (3),1,1,1,1,Alabama,2,2022-12-22 18:45,30.29946111,-87.683152780,1,Clear,,,3,Dark - Lighted,99,Reported as Unknown,0,No Special Jurisdiction,12,Motor Vehicle In-Transport,,1493,GULF SHORES,3,Principal Arterial - Other,0,None
10867,/Date(1671711600000-0500)/,CHOCTAW (23),1,0,2,1,Alabama,2,2022-12-22 07:20,32.21603611,-88.262900000,2,Rain,,,1,Daylight,0,The First Harmful Event was Not a Collision with a Motor Vehicle in Transport,0,No Special Jurisdiction,23,Bridge Rail (Includes parapet),,0,NOT APPLICABLE,5,Major Collector,0,None
10869,/Date(1671748140000-0500)/,BIBB (7),1,0,1,1,Alabama,1,2022-12-22 17:29,33.10982778,-87.130572220,2,Rain,,,2,Dark - Not Lighted,0,The First Harmful Event was Not a Collision with a Motor Vehicle in Transport,0,No Special Jurisdiction,42,Tree (Standing Only),,3240,WEST BLOCTON,5,Major Collector,0,None
10870,/Date(1672022460000-0500)/,CHAMBERS (17),1,0,1,1,Alabama,1,2022-12-25 21:41,33.10201111,-85.455638890,1,Clear,,,2,Dark - Not Lighted,0,The First Harmful Event was Not a Collision with a Motor Vehicle in Transport,0,No Special Jurisdiction,42,Tree (Standing Only),,0,NOT APPLICABLE,6,Minor Collector,0,None
10868,/Date(1671724020000-0500)/,TUSCALOOSA (125),1,0,4,1,Alabama,2,2022-12-22 10:47,33.09885278,-87.554527780,10,Cloudy,,,1,Daylight,6,Angle,0,No Special Jurisdiction,12,Motor Vehicle In-Transport,,0,NOT APPLICABLE,3,Principal Arterial - Other,0,None
10871,/Date(1671216600000-0500)/,MADISON (89),1,0,2,1,Alabama,2,2022-12-16 13:50,34.76448889,-86.485205560,1,Clear,,,1,Daylight,1,Front-to-Rear,0,No Special Jurisdiction,12,Motor Vehicle In-Transport,,0,NOT APPLICABLE,3,Principal Arterial - Other,0,None
10873,/Date(1671642480000-0500)/,WASHINGTON (129),1,0,2,1,Alabama,2,2022-12-21 12:08,31.57362778,-88.405569440,1,Clear,,,1,Daylight,7,Sideswipe - Same Direction,0,No Special Jurisdiction,12,Motor Vehicle In-Transport,,0,NOT APPLICABLE,5,Major Collector,0,None
10872,/Date(1671499080000-0500)/,SHELBY (117),1,0,2,1,Alabama,2,2022-12-19 20:18,33.34886944,-86.780441670,10,Cloudy,,,3,Dark - Lighted,1,Front-to-Rear,0,No Special Jurisdiction,12,Motor Vehicle In-Transport,,2405,PELHAM,1,Interstate,0,None
10874,/Date(1671294900000-0500)/,CLAY (27),1,0,2,1,Alabama,2,2022-12-17 11:35,33.45251111,-85.696547220,1,Clear,,,1,Daylight,2,Front-to-Front,0,No Special Jurisdiction,12,Motor Vehicle In-Transport,,0,NOT APPLICABLE,4,Minor Arterial,0,None
10875,/Date(1671301020000-0500)/,MARION (93),1,0,2,1,Alabama,2,2022-12-17 13:17,34.13550833,-87.890880560,1,Clear,,,1,Daylight,6,Angle,0,No Special Jurisdiction,12,Motor Vehicle In-Transport,,1540,HAMILTON,3,Principal Arterial - Other,0,None
10877,/Date(1672095240000-0500)/,MONTGOMERY (101),1,0,3,1,Alabama,2,2022-12-26 17:54,32.36174167,-86.227172220,1,Clear,,,3,Dark - Lighted,1,Front-to-Rear,0,No Special Jurisdiction,12,Motor Vehicle In-Transport,,2130,MONTGOMERY,1,Interstate,0,None
10876,/Date(1672255500000-0500)/,DEKALB (49),1,0,3,1,Alabama,2,2022-12-28 14:25,34.24550278,-85.810030560,1,Clear,,,1,Daylight,2,Front-to-Front,0,No Special Jurisdiction,12,Motor Vehicle In-Transport,,0,NOT APPLICABLE,5,Major Collector,0,None
10880,/Date(1672219920000-0500)/,LIMESTONE (83),1,0,4,1,Alabama,2,2022-12-28 04:32,34.69487778,-86.878230560,1,Clear,,,2,Dark - Not Lighted,2,Front-to-Front,0,No Special Jurisdiction,12,Motor Vehicle In-Transport,,0,NOT APPLICABLE,5,Major Collector,0,None
10878,/Date(1672176900000-0500)/,MARSHALL (95),1,0,1,1,Alabama,1,2022-12-27 16:35,34.35157778,-86.300247220,10,Cloudy,,,5,Dusk,0,The First Harmful Event was Not a Collision with a Motor Vehicle in Transport,0,No Special Jurisdiction,59,Traffic Sign Support ,,1500,GUNTERSVILLE,7,Local,0,None
10879,/Date(1672025280000-0500)/,JEFFERSON (73),1,0,3,1,Alabama,2,2022-12-25 22:28,33.45060833,-86.954561110,1,Clear,,,2,Dark - Not Lighted,2,Front-to-Front,0,No Special Jurisdiction,12,Motor Vehicle In-Transport,,0,NOT APPLICABLE,1,Interstate,0,None
10882,/Date(1672294500000-0500)/,DALLAS (47),1,0,1,1,Alabama,1,2022-12-29 01:15,32.40242778,-87.016722220,1,Clear,,,3,Dark - Lighted,0,The First Harmful Event was Not a Collision with a Motor Vehicle in Transport,0,No Special Jurisdiction,30,Utility Pole/Light Support,,0,NOT APPLICABLE,4,Minor Arterial,0,None
10883,/Date(1672404600000-0500)/,DALLAS (47),1,0,3,1,Alabama,2,2022-12-30 07:50,32.43846389,-87.117730560,10,Cloudy,,,1,Daylight,1,Front-to-Rear,0,No Special Jurisdiction,12,Motor Vehicle In-Transport,,0,NOT APPLICABLE,3,Principal Arterial - Other,0,None
10881,/Date(1672339860000-0500)/,COFFEE (31),1,1,1,1,Alabama,1,2022-12-29 13:51,31.31473333,-85.829933330,1,Clear,,,1,Daylight,0,The First Harmful Event was Not a Collision with a Motor Vehicle in Transport,0,No Special Jurisdiction,8,Pedestrian,,1030,ENTERPRISE,3,Principal Arterial - Other,0,None
10884,/Date(1672528800000-0500)/,BIBB (7),1,0,1,1,Alabama,1,2022-12-31 18:20,33.09703611,-87.219161110,10,Cloudy,,,2,Dark - Not Lighted,0,The First Harmful Event was Not a Collision with a Motor Vehicle in Transport,0,No Special Jurisdiction,42,Tree (Standing Only),,9997,Other,5,Major Collector,0,None
10885,/Date(1672492020000-0500)/,MONTGOMERY (101),1,0,1,1,Alabama,1,2022-12-31 08:07,32.32658056,-86.296733330,2,Rain,,,1,Daylight,0,The First Harmful Event was Not a Collision with a Motor Vehicle in Transport,0,No Special Jurisdiction,42,Tree (Standing Only),,2130,MONTGOMERY,3,Principal Arterial - Other,0,None
10886,/Date(1672525500000-0500)/,CHILTON (21),1,0,1,1,Alabama,1,2022-12-31 17:25,32.79195833,-86.757675000,1,Clear,,,2,Dark - Not Lighted,0,The First Harmful Event was Not a Collision with a Motor Vehicle in Transport,0,No Special Jurisdiction,42,Tree (Standing Only),,0,NOT APPLICABLE,7,Local,0,None
10887,/Date(1656163920000-0400)/,SHELBY (117),1,0,3,1,Alabama,2,2022-06-25 09:32,33.34471667,-86.799169440,1,Clear,,,1,Daylight,2,Front-to-Front,0,No Special Jurisdiction,12,Motor Vehicle In-Transport,,2405,PELHAM,4,Minor Arterial,0,None
10888,/Date(1659632880000-0400)/,TUSCALOOSA (125),1,0,4,1,Alabama,2,2022-08-04 13:08,33.43258889,-87.605883330,1,Clear,,,1,Daylight,2,Front-to-Front,0,No Special Jurisdiction,12,Motor Vehicle In-Transport,,0,NOT APPLICABLE,3,Principal Arterial - Other,0,None
10889,/Date(1663449000000-0400)/,AUTAUGA (1),1,0,4,1,Alabama,2,2022-09-17 17:10,32.50311111,-86.728516670,1,Clear,,,1,Daylight,1,Front-to-Rear,0,No Special Jurisdiction,12,Motor Vehicle In-Transport,,0,NOT APPLICABLE,6,Minor Collector,0,None
10890,/Date(1665964200000-0400)/,LAMAR (75),1,0,2,1,Alabama,1,2022-10-16 19:50,33.88631944,-88.043997220,1,Clear,,,2,Dark - Not Lighted,0,The First Harmful Event was Not a Collision with a Motor Vehicle in Transport,0,No Special Jurisdiction,35,Embankment,,0,NOT APPLICABLE,7,Local,0,None
10892,/Date(1660135080000-0400)/,BUTLER (13),1,0,2,1,Alabama,2,2022-08-10 08:38,31.63691667,-86.600441670,1,Clear,,,1,Daylight,2,Front-to-Front,0,No Special Jurisdiction,12,Motor Vehicle In-Transport,,0,NOT APPLICABLE,5,Major Collector,0,None
10893,/Date(1664813700000-0400)/,MONTGOMERY (101),1,0,3,1,Alabama,2,2022-10-03 12:15,32.14201111,-86.005616670,1,Clear,,,1,Daylight,6,Angle,0,No Special Jurisdiction,12,Motor Vehicle In-Transport,,0,NOT APPLICABLE,4,Minor Arterial,0,None
10891,/Date(1665790800000-0400)/,WALKER (127),1,0,1,1,Alabama,1,2022-10-14 19:40,33.81294444,-87.147555560,1,Clear,,,2,Dark - Not Lighted,0,The First Harmful Event was Not a Collision with a Motor Vehicle in Transport,0,No Special Jurisdiction,1,Rollover/Overturn,,0,NOT APPLICABLE,3,Principal Arterial - Other,0,None
10894,/Date(1665950640000-0400)/,JEFFERSON (73),1,0,3,1,Alabama,2,2022-10-16 16:04,33.54552222,-86.638036110,10,Cloudy,,,1,Daylight,11,Other ,0,No Special Jurisdiction,54,"Motor Vehicle In-Transport Strikes or is Struck by Cargo, Persons or Objects Set-in-Motion from/by Another Motor Vehicle In Transport",,0,NOT APPLICABLE,1,Interstate,0,None
10896,/Date(1663024500000-0400)/,BALDWIN (3),1,0,1,1,Alabama,1,2022-09-12 19:15,30.64058333,-87.655677780,1,Clear,,,2,Dark - Not Lighted,0,The First Harmful Event was Not a Collision with a Motor Vehicle in Transport,0,No Special Jurisdiction,32,Culvert,,1943,LOXLEY,7,Local,0,None
10895,/Date(1666815300000-0400)/,DEKALB (49),1,0,2,1,Alabama,1,2022-10-26 16:15,34.55767222,-85.670408330,5,"Fog, Smog, Smoke",,,1,Daylight,0,The First Harmful Event was Not a Collision with a Motor Vehicle in Transport,0,No Special Jurisdiction,35,Embankment,,0,NOT APPLICABLE,7,Local,0,None
10897,/Date(1663361400000-0400)/,BUTLER (13),1,0,1,1,Alabama,1,2022-09-16 16:50,31.85285278,-86.641355560,1,Clear,,,1,Daylight,0,The First Harmful Event was Not a Collision with a Motor Vehicle in Transport,0,No Special Jurisdiction,1,Rollover/Overturn,,1460,GREENVILLE,4,Minor Arterial,0,None
10898,/Date(1664142900000-0400)/,BUTLER (13),1,0,1,1,Alabama,1,2022-09-25 17:55,31.84663056,-86.626769440,1,Clear,,,1,Daylight,0,The First Harmful Event was Not a Collision with a Motor Vehicle in Transport,0,No Special Jurisdiction,34,Ditch,,1460,GREENVILLE,5,Major Collector,0,None
10899,/Date(1665357660000-0400)/,JEFFERSON (73),1,1,1,1,Alabama,1,2022-10-09 19:21,33.51164444,-86.807530560,1,Clear,,,3,Dark - Lighted,0,The First Harmful Event was Not a Collision with a Motor Vehicle in Transport,0,No Special Jurisdiction,9,Pedalcyclist,,350,BIRMINGHAM,4,Minor Arterial,0,None
10900,/Date(1665502380000-0400)/,JEFFERSON (73),1,0,2,1,Alabama,2,2022-10-11 11:33,33.52036389,-86.829425000,1,Clear,,,1,Daylight,0,The First Harmful Event was Not a Collision with a Motor Vehicle in Transport,0,No Special Jurisdiction,14,Parked Motor Vehicle,,350,BIRMINGHAM,1,Interstate,0,None
10901,/Date(1661654100000-0400)/,CULLMAN (43),1,0,4,1,Alabama,3,2022-08-27 22:35,34.27164444,-86.898477780,1,Clear,,,1,Daylight,7,Sideswipe - Same Direction,0,No Special Jurisdiction,12,Motor Vehicle In-Transport,,0,NOT APPLICABLE,1,Interstate,0,None
10902,/Date(1665167100000-0400)/,SHELBY (117),1,0,1,1,Alabama,1,2022-10-07 14:25,33.51218611,-86.550958330,1,Clear,,,1,Daylight,0,The First Harmful Event was Not a Collision with a Motor Vehicle in Transport,0,No Special Jurisdiction,24,Guardrail Face,,0,NOT APPLICABLE,4,Minor Arterial,0,None
10903,/Date(1654780200000-0400)/,LAUDERDALE (77),1,0,1,1,Alabama,1,2022-06-09 09:10,34.88960833,-87.791163890,1,Clear,,,1,Daylight,0,The First Harmful Event was Not a Collision with a Motor Vehicle in Transport,0,No Special Jurisdiction,42,Tree (Standing Only),,0,NOT APPLICABLE,6,Minor Collector,0,None
10904,/Date(1646253120000-0500)/,MADISON (89),1,1,1,1,Alabama,1,2022-03-02 15:32,34.62314722,-86.538358330,1,Clear,,,1,Daylight,0,The First Harmful Event was Not a Collision with a Motor Vehicle in Transport,0,No Special Jurisdiction,8,Pedestrian,,1730,HUNTSVILLE,96,Trafficway Not in State Inventory,0,None
10905,/Date(1670016900000-0500)/,CHILTON (21),1,0,3,1,Alabama,2,2022-12-02 16:35,32.80744167,-86.790102780,1,Clear,,,1,Daylight,6,Angle,0,No Special Jurisdiction,12,Motor Vehicle In-Transport,,0,NOT APPLICABLE,4,Minor Arterial,0,None
10907,/Date(1672390980000-0500)/,TUSCALOOSA (125),1,0,2,1,Alabama,1,2022-12-30 04:03,33.22135278,-87.504261110,10,Cloudy,,,2,Dark - Not Lighted,0,The First Harmful Event was Not a Collision with a Motor Vehicle in Transport,0,No Special Jurisdiction,42,Tree (Standing Only),,3050,TUSCALOOSA,4,Minor Arterial,0,None
10906,/Date(1672093500000-0500)/,ELMORE (51),1,0,4,1,Alabama,2,2022-12-26 17:25,32.45035278,-85.897700000,1,Clear,,,2,Dark - Not Lighted,2,Front-to-Front,0,No Special Jurisdiction,12,Motor Vehicle In-Transport,,0,NOT APPLICABLE,4,Minor Arterial,0,None
10908,/Date(1672083000000-0500)/,MONROE (99),1,0,3,1,Alabama,1,2022-12-26 14:30,31.76756111,-87.100352780,1,Clear,,,1,Daylight,0,The First Harmful Event was Not a Collision with a Motor Vehicle in Transport,0,No Special Jurisdiction,32,Culvert,,0,NOT APPLICABLE,4,Minor Arterial,0,None
10909,/Date(1658952840000-0400)/,WINSTON (133),1,0,1,1,Alabama,1,2022-07-27 16:14,34.08402222,-87.594044440,1,Clear,,,1,Daylight,0,The First Harmful Event was Not a Collision with a Motor Vehicle in Transport,0,No Special Jurisdiction,32,Culvert,,0,NOT APPLICABLE,4,Minor Arterial,0,None
10910,/Date(1664843280000-0400)/,MONTGOMERY (101),1,1,2,1,Alabama,2,2022-10-03 20:28,32.42403611,-86.227211110,1,Clear,,,3,Dark - Lighted,0,The First Harmful Event was Not a Collision with a Motor Vehicle in Transport,0,No Special Jurisdiction,8,Pedestrian,,2130,MONTGOMERY,7,Local,0,None
10912,/Date(1667259600000-0400)/,MONTGOMERY (101),1,1,1,1,Alabama,1,2022-10-31 19:40,32.32661944,-86.299088890,1,Clear,,,3,Dark - Lighted,0,The First Harmful Event was Not a Collision with a Motor Vehicle in Transport,0,No Special Jurisdiction,8,Pedestrian,,2130,MONTGOMERY,3,Principal Arterial - Other,0,None
10911,/Date(1651235700000-0400)/,COVINGTON (39),1,0,3,1,Alabama,3,2022-04-29 08:35,31.19373889,-86.564880560,1,Clear,,,1,Daylight,1,Front-to-Rear,0,No Special Jurisdiction,12,Motor Vehicle In-Transport,,0,NOT APPLICABLE,4,Minor Arterial,0,None
10913,/Date(1643259300000-0500)/,MOBILE (97),1,0,3,1,Alabama,2,2022-01-26 23:55,30.64022222,-88.089027780,1,Clear,,,3,Dark - Lighted,2,Front-to-Front,0,No Special Jurisdiction,12,Motor Vehicle In-Transport,,2100,MOBILE,3,Principal Arterial - Other,0,None
10915,/Date(1641997260000-0500)/,CHEROKEE (19),1,0,3,1,Alabama,2,2022-01-12 09:21,34.17795278,-85.760188890,1,Clear,,,1,Daylight,6,Angle,0,No Special Jurisdiction,12,Motor Vehicle In-Transport,,630,CENTRE,4,Minor Arterial,0,None
10917,/Date(1657702440000-0400)/,JEFFERSON (73),1,0,2,1,Alabama,1,2022-07-13 04:54,33.57329444,-86.647736110,10,Cloudy,,,3,Dark - Lighted,0,The First Harmful Event was Not a Collision with a Motor Vehicle in Transport,0,No Special Jurisdiction,33,Curb,,350,BIRMINGHAM,4,Minor Arterial,0,None
10916,/Date(1653267000000-0400)/,JEFFERSON (73),1,1,2,1,Alabama,2,2022-05-22 20:50,33.48663056,-86.825488890,2,Rain,,,2,Dark - Not Lighted,0,The First Harmful Event was Not a Collision with a Motor Vehicle in Transport,0,No Special Jurisdiction,8,Pedestrian,,350,BIRMINGHAM,1,Interstate,0,None
10914,/Date(1651329840000-0400)/,MOBILE (97),1,0,2,1,Alabama,2,2022-04-30 10:44,30.70677500,-88.121891670,10,Cloudy,,,1,Daylight,6,Angle,0,No Special Jurisdiction,12,Motor Vehicle In-Transport,,2100,MOBILE,3,Principal Arterial - Other,0,None
10918,/Date(1658240880000-0400)/,MONTGOMERY (101),1,0,7,1,Alabama,2,2022-07-19 10:28,32.34133889,-86.225713890,1,Clear,,,1,Daylight,1,Front-to-Rear,0,No Special Jurisdiction,12,Motor Vehicle In-Transport,,2130,MONTGOMERY,3,Principal Arterial - Other,0,None
10001,/Date(1641058200000-0500)/,PICKENS (107),1,0,3,1,Alabama,2,2022-01-01 12:30,33.49096667,-88.274083330,1,Clear,,,1,Daylight,7,Sideswipe - Same Direction,0,No Special Jurisdiction,12,Motor Vehicle In-Transport,,0,NOT APPLICABLE,3,Principal Arterial - Other,0,None
10919,/Date(1663640760000-0400)/,BALDWIN (3),1,1,1,1,Alabama,1,2022-09-19 22:26,30.29035278,-87.593133330,1,Clear,,,3,Dark - Lighted,0,The First Harmful Event was Not a Collision with a Motor Vehicle in Transport,0,No Special Jurisdiction,8,Pedestrian,,2355,ORANGE BEACH,4,Minor Arterial,0,None
10002,/Date(1641073200000-0500)/,MONTGOMERY (101),2,0,5,1,Alabama,2,2022-01-01 16:40,32.08712500,-86.064152780,1,Clear,,,1,Daylight,2,Front-to-Front,0,No Special Jurisdiction,12,Motor Vehicle In-Transport,,0,NOT APPLICABLE,3,Principal Arterial - Other,0,None
10003,/Date(1641018780000-0500)/,ST. CLAIR (115),1,0,2,1,Alabama,1,2022-01-01 01:33,33.42833056,-86.351994440,10,Cloudy,,,2,Dark - Not Lighted,0,The First Harmful Event was Not a Collision with a Motor Vehicle in Transport,0,No Special Jurisdiction,42,Tree (Standing Only),,0,NOT APPLICABLE,5,Major Collector,0,None
10004,/Date(1641152760000-0500)/,MONTGOMERY (101),1,0,1,1,Alabama,1,2022-01-02 14:46,32.21690278,-86.400169440,10,Cloudy,,,1,Daylight,0,The First Harmful Event was Not a Collision with a Motor Vehicle in Transport,0,No Special Jurisdiction,34,Ditch,,0,NOT APPLICABLE,1,Interstate,0,None
10007,/Date(1641305100000-0500)/,GREENE (63),1,0,1,1,Alabama,2,2022-01-04 09:05,33.05224444,-87.961883330,1,Clear,,,1,Daylight,1,Front-to-Rear,0,No Special Jurisdiction,12,Motor Vehicle In-Transport,,0,NOT APPLICABLE,5,Major Collector,0,None
10005,/Date(1641167280000-0500)/,JEFFERSON (73),1,1,1,1,Alabama,1,2022-01-02 18:48,33.54028056,-86.687388890,2,Rain,,,2,Dark - Not Lighted,0,The First Harmful Event was Not a Collision with a Motor Vehicle in Transport,0,No Special Jurisdiction,8,Pedestrian,,0,NOT APPLICABLE,1,Interstate,0,None
10006,/Date(1641166080000-0500)/,MONTGOMERY (101),1,1,5,1,Alabama,1,2022-01-02 18:28,32.35168889,-86.312686110,1,Clear,,,3,Dark - Lighted,0,The First Harmful Event was Not a Collision with a Motor Vehicle in Transport,0,No Special Jurisdiction,8,Pedestrian,,2130,MONTGOMERY,4,Minor Arterial,0,None
10008,/Date(1641325800000-0500)/,MONTGOMERY (101),1,0,1,1,Alabama,1,2022-01-04 14:50,32.04035000,-86.047330560,1,Clear,,,1,Daylight,0,The First Harmful Event was Not a Collision with a Motor Vehicle in Transport,0,No Special Jurisdiction,38,Fence,,0,NOT APPLICABLE,5,Major Collector,0,None
10009,/Date(1641314400000-0500)/,JACKSON (71),1,0,3,1,Alabama,2,2022-01-04 11:40,34.61266389,-86.241444440,1,Clear,,,1,Daylight,6,Angle,0,No Special Jurisdiction,12,Motor Vehicle In-Transport,,0,NOT APPLICABLE,3,Principal Arterial - Other,0,None
10011,/Date(1641401100000-0500)/,ST. CLAIR (115),1,0,2,1,Alabama,1,2022-01-05 11:45,33.74586944,-86.151191670,1,Clear,,,1,Daylight,0,The First Harmful Event was Not a Collision with a Motor Vehicle in Transport,0,No Special Jurisdiction,35,Embankment,,2560,RAGLAND,5,Major Collector,0,None
10010,/Date(1641358800000-0500)/,WILCOX (131),1,0,1,1,Alabama,1,2022-01-05 00:00,31.97055556,-87.660088890,1,Clear,,,2,Dark - Not Lighted,0,The First Harmful Event was Not a Collision with a Motor Vehicle in Transport,0,No Special Jurisdiction,42,Tree (Standing Only),,0,NOT APPLICABLE,3,Principal Arterial - Other,0,None
