All_12_15,All_12_3,All_15_18,All_18_21,All_21_24,All_3_6,All_6_9,All_9_12,BikeFatal,Bike_12_15,Bike_12_3,Bike_15_18,Bike_18_21,Bike_21_24,Bike_3_6,Bike_6_9,Bike_9_12,Fatalities,MVFatal,MV_12_15,MV_12_3,MV_15_18,MV_18_21,MV_21_24,MV_3_6,MV_6_9,MV_9_12,OBJECTID,PedFatal,Ped_12_15,Ped_12_3,Ped_15_18,Ped_18_21,Ped_21_24,Ped_3_6,Ped_6_9,Ped_9_12,geometry_x,geometry_y,source_layer_id
0,0,0,0,0,1,0,0,0,0,0,0,0,0,0,0,0,1,1,0,0,0,0,0,1,0,0,1,0,0,0,0,0,0,0,0,0,1009643.0850285888,233030.54711192846,0
0,0,0,0,0,1,0,0,0,0,0,0,0,0,0,0,0,1,0,0,0,0,0,0,0,0,0,2,1,0,0,0,0,0,1,0,0,1019566.9897214174,186279.40669050813,0
0,0,0,0,1,0,0,0,0,0,0,0,0,0,0,0,0,1,0,0,0,0,0,0,0,0,0,3,1,0,0,0,0,1,0,0,0,1009597.886300087,239767.44505542517,0
0,0,1,0,0,0,0,0,0,0,0,0,0,0,0,0,0,1,0,0,0,0,0,0,0,0,0,4,1,0,0,1,0,0,0,0,0,1007045.6952102631,236602.66365534067,0
0,1,0,0,0,0,0,0,0,0,0,0,0,0,0,0,0,1,1,0,1,0,0,0,0,0,0,5,0,0,0,0,0,0,0,0,0,1032668.8614835143,209565.59797891974,0
0,0,1,0,0,0,0,0,0,0,0,0,0,0,0,0,0,1,1,0,0,1,0,0,0,0,0,6,0,0,0,0,0,0,0,0,0,1013265.4301460832,236473.40079051256,0
0,0,0,0,0,0,0,1,0,0,0,0,0,0,0,0,0,1,0,0,0,0,0,0,0,0,0,7,1,0,0,0,0,0,0,0,1,930826.4733051807,131814.43688049912,0
0,1,0,0,0,0,0,0,0,0,0,0,0,0,0,0,0,1,1,0,1,0,0,0,0,0,0,8,0,0,0,0,0,0,0,0,0,930388.5640760064,134554.84806634486,0
1,0,0,0,0,0,0,0,0,0,0,0,0,0,0,0,0,1,0,0,0,0,0,0,0,0,0,9,1,1,0,0,0,0,0,0,0,939163.9809083343,156952.24684099853,0
0,0,0,0,0,1,0,0,0,0,0,0,0,0,0,0,0,1,1,0,0,0,0,0,1,0,0,10,0,0,0,0,0,0,0,0,0,942553.6709793359,135211.2476721704,0
0,1,0,0,0,0,0,0,0,0,0,0,0,0,0,0,0,1,1,0,1,0,0,0,0,0,0,11,0,0,0,0,0,0,0,0,0,940000.0015460104,167536.96287626028,0
0,0,0,0,0,1,0,0,0,0,0,0,0,0,0,0,0,1,1,0,0,0,0,0,1,0,0,12,0,0,0,0,0,0,0,0,0,949515.1265445948,167771.57526792586,0
0,0,0,0,1,0,0,0,0,0,0,0,0,0,0,0,0,1,1,0,0,0,0,1,0,0,0,13,0,0,0,0,0,0,0,0,0,948368.908364594,172050.0640862584,0
0,0,0,2,0,0,0,0,0,0,0,0,0,0,0,0,0,2,0,0,0,0,0,0,0,0,0,14,2,0,0,0,2,0,0,0,0,951387.0647298396,148794.8684707582,0
1,0,0,0,0,0,0,0,0,0,0,0,0,0,0,0,0,1,0,0,0,0,0,0,0,0,0,15,1,1,0,0,0,0,0,0,0,959708.1402792633,154515.5719243437,0
0,0,1,0,0,0,0,0,0,0,0,0,0,0,0,0,0,1,1,0,0,1,0,0,0,0,0,16,0,0,0,0,0,0,0,0,0,958445.7874890119,169247.32362875342,0
0,0,0,1,0,0,0,0,0,0,0,0,0,0,0,0,0,1,1,0,0,0,1,0,0,0,0,17,0,0,0,0,0,0,0,0,0,961348.6848984212,149178.8768890947,0
0,0,0,0,0,0,0,1,0,0,0,0,0,0,0,0,0,1,0,0,0,0,0,0,0,0,0,18,1,0,0,0,0,0,0,0,1,962637.8227400929,150322.50649158657,0
1,0,0,0,0,0,0,0,0,0,0,0,0,0,0,0,0,1,1,1,0,0,0,0,0,0,0,19,0,0,0,0,0,0,0,0,0,962464.8670492619,157330.60566434264,0
0,0,0,0,0,0,0,1,0,0,0,0,0,0,0,0,0,1,1,0,0,0,0,0,0,0,1,20,0,0,0,0,0,0,0,0,0,965006.266165927,159200.91360349953,0
0,1,0,0,0,0,0,0,0,0,0,0,0,0,0,0,0,1,1,0,1,0,0,0,0,0,0,21,0,0,0,0,0,0,0,0,0,960774.5423459262,165100.3109254241,0
0,1,0,0,0,0,0,0,0,0,0,0,0,0,0,0,0,1,1,0,1,0,0,0,0,0,0,22,0,0,0,0,0,0,0,0,0,966714.1141281724,163561.62108942866,0
0,2,0,0,0,0,0,0,0,0,0,0,0,0,0,0,0,2,2,0,2,0,0,0,0,0,0,23,0,0,0,0,0,0,0,0,0,960449.815305084,170255.13001209497,0
0,0,0,0,1,0,0,0,0,0,0,0,0,0,0,0,0,1,0,0,0,0,0,0,0,0,0,24,1,0,0,0,0,1,0,0,0,976959.8574161679,168045.64296124876,0
1,0,0,0,0,0,0,0,0,0,0,0,0,0,0,0,0,1,0,0,0,0,0,0,0,0,0,25,1,1,0,0,0,0,0,0,0,986828.839974761,148294.41015408933,0
0,1,0,0,0,0,0,0,0,0,0,0,0,0,0,0,0,1,1,0,1,0,0,0,0,0,0,26,0,0,0,0,0,0,0,0,0,985345.4243064225,159065.65796850622,0
0,0,1,0,0,0,0,0,0,0,0,0,0,0,0,0,0,1,0,0,0,0,0,0,0,0,0,27,1,0,0,1,0,0,0,0,0,986583.0694689304,158084.1343410015,0
0,1,0,0,0,0,0,0,0,0,0,0,0,0,0,0,0,1,0,0,0,0,0,0,0,0,0,28,1,0,1,0,0,0,0,0,0,989460.3209322542,158177.96945516765,0
0,0,0,0,0,0,0,1,0,0,0,0,0,0,0,0,0,1,0,0,0,0,0,0,0,0,0,29,1,0,0,0,0,0,0,0,1,984948.4172264189,166805.8094829172,0
0,0,0,0,1,0,0,0,0,0,0,0,0,0,0,0,0,1,0,0,0,0,0,0,0,0,0,30,1,0,0,0,0,1,0,0,0,986329.7497655898,164003.2494712621,0
0,0,0,1,0,0,0,0,0,0,0,0,0,0,0,0,0,1,0,0,0,0,0,0,0,0,0,31,1,0,0,0,1,0,0,0,0,987498.4547772557,169459.7871145904,0
0,0,0,0,0,0,0,1,0,0,0,0,0,0,0,0,0,1,0,0,0,0,0,0,0,0,0,32,1,0,0,0,0,0,0,0,1,989752.6497439295,161747.44689625502,0
0,0,1,0,0,0,0,0,0,0,0,0,0,0,0,0,0,1,0,0,0,0,0,0,0,0,0,33,1,0,0,1,0,0,0,0,0,980901.565083921,173693.75797733665,0
0,0,0,0,1,0,0,0,0,0,0,0,0,0,0,0,0,1,0,0,0,0,0,0,0,0,0,34,1,0,0,0,0,1,0,0,0,981568.2829105854,175822.82852233946,0
0,0,0,0,0,1,0,0,0,0,0,0,0,0,0,0,0,1,0,0,0,0,0,0,0,0,0,35,1,0,0,0,0,0,1,0,0,982539.9151536673,177046.00192900002,0
0,0,1,0,0,0,0,0,0,0,0,0,0,0,0,0,0,1,0,0,0,0,0,0,0,0,0,36,1,0,0,1,0,0,0,0,0,984900.0380580872,171853.29905983806,0
0,0,0,0,0,0,0,1,0,0,0,0,0,0,0,0,0,1,0,0,0,0,0,0,0,0,0,37,1,0,0,0,0,0,0,0,1,987857.6305680871,171169.40311792493,0
0,0,0,1,0,0,0,0,0,0,0,0,0,0,0,0,0,1,0,0,0,0,0,0,0,0,0,38,1,0,0,0,1,0,0,0,0,988386.376229763,173383.42099958658,0
0,0,0,0,0,1,0,0,0,0,0,0,0,0,0,0,0,1,1,0,0,0,0,0,1,0,0,39,0,0,0,0,0,0,0,0,0,989292.817658335,189689.73615592718,0
0,0,0,0,0,1,0,0,0,0,0,0,0,0,0,0,0,1,0,0,0,0,0,0,0,0,0,40,1,0,0,0,0,0,1,0,0,980125.5787750036,197888.96253958344,0
0,0,0,0,0,0,0,2,0,0,0,0,0,0,0,0,0,2,0,0,0,0,0,0,0,0,0,41,2,0,0,0,0,0,0,0,2,984996.4929176718,199206.97893242538,0
0,0,0,1,0,0,0,0,0,0,0,0,0,0,0,0,0,1,0,0,0,0,0,0,0,0,0,42,1,0,0,0,1,0,0,0,0,992991.5671505928,149241.47617334127,0
0,0,0,0,1,0,0,0,0,0,0,0,0,0,0,0,0,1,1,0,0,0,0,1,0,0,0,43,0,0,0,0,0,0,0,0,0,990046.0021755844,159719.9119093418,0
1,0,0,0,0,0,0,0,0,0,0,0,0,0,0,0,0,1,0,0,0,0,0,0,0,0,0,44,1,1,0,0,0,0,0,0,0,993250.385530591,150725.62576408684,0
0,0,0,1,0,0,0,0,0,0,0,0,0,0,0,0,0,1,0,0,0,0,0,0,0,0,0,45,1,0,0,0,1,0,0,0,0,996882.339880839,157524.57837350667,0
0,0,1,0,0,0,0,0,1,0,0,1,0,0,0,0,0,1,0,0,0,0,0,0,0,0,0,46,0,0,0,0,0,0,0,0,0,991108.1093033403,165492.82654458284,0
1,0,0,0,0,0,0,0,0,0,0,0,0,0,0,0,0,1,0,0,0,0,0,0,0,0,0,47,1,1,0,0,0,0,0,0,0,996327.5575258434,161351.07006433606,0
0,0,0,0,1,0,0,0,0,0,0,0,0,0,0,0,0,1,0,0,0,0,0,0,0,0,0,48,1,0,0,0,0,1,0,0,0,991817.422517255,171038.37975792587,0
0,0,0,0,1,0,0,0,1,0,0,0,0,1,0,0,0,1,0,0,0,0,0,0,0,0,0,49,0,0,0,0,0,0,0,0,0,994743.0659441799,176014.22577734292,0
0,0,0,0,0,0,1,0,0,0,0,0,0,0,0,0,0,1,0,0,0,0,0,0,0,0,0,50,1,0,0,0,0,0,0,1,0,996214.6049958467,179896.05528400838,0
0,0,1,0,0,0,0,0,0,0,0,0,0,0,0,0,0,1,0,0,0,0,0,0,0,0,0,51,1,0,0,1,0,0,0,0,0,997630.2353666723,174017.77012458444,0
0,0,0,1,0,0,0,0,0,0,0,0,0,0,0,0,0,1,0,0,0,0,0,0,0,0,0,52,1,0,0,0,1,0,0,0,0,997413.0081108361,176655.7238381654,0
0,0,0,1,0,0,0,0,0,0,0,0,0,0,0,0,0,1,0,0,0,0,0,0,0,0,0,53,1,0,0,0,1,0,0,0,0,998566.8411050141,172445.2831120938,0
0,0,0,0,0,0,1,0,1,0,0,0,0,0,0,1,0,1,0,0,0,0,0,0,0,0,0,54,0,0,0,0,0,0,0,0,0,990741.2632522583,187791.41383709013,0
0,0,0,0,0,1,0,0,0,0,0,0,0,0,0,0,0,1,0,0,0,0,0,0,0,0,0,55,1,0,0,0,0,0,1,0,0,991375.376157254,186923.1865709275,0
0,0,0,0,2,0,0,0,1,0,0,0,0,2,0,0,0,2,1,0,0,0,0,2,0,0,0,56,0,0,0,0,0,0,0,0,0,993811.1255508363,189477.86322009563,0
0,0,0,1,0,0,0,0,0,0,0,0,0,0,0,0,0,1,0,0,0,0,0,0,0,0,0,57,1,0,0,0,1,0,0,0,0,997980.973182261,183330.29054149985,0
1,0,0,0,0,0,0,0,0,0,0,0,0,0,0,0,0,1,0,0,0,0,0,0,0,0,0,58,1,1,0,0,0,0,0,0,0,999608.4728800058,189539.0671659261,0
0,0,0,0,0,0,1,0,0,0,0,0,0,0,0,0,0,1,0,0,0,0,0,0,0,0,0,59,1,0,0,0,0,0,0,1,0,996126.7377175093,194201.81013700366,0
0,0,1,0,0,0,0,0,0,0,0,0,0,0,0,0,0,1,0,0,0,0,0,0,0,0,0,60,1,0,0,1,0,0,0,0,0,983550.6119511724,208788.45714475214,0
0,0,0,1,0,0,0,0,0,0,0,0,0,0,0,0,0,1,0,0,0,0,0,0,0,0,0,61,1,0,0,0,1,0,0,0,0,986118.2013041675,202449.8051239252,0
0,0,0,0,1,0,0,0,0,0,0,0,0,0,0,0,0,1,0,0,0,0,0,0,0,0,0,62,1,0,0,0,0,1,0,0,0,987931.0260905921,200117.50368617475,0
0,0,0,0,0,0,1,0,0,0,0,0,0,0,0,0,0,1,1,0,0,0,0,0,0,1,0,63,0,0,0,0,0,0,0,0,0,987841.0951680839,203483.5599461794,0
1,0,0,0,0,0,0,0,0,0,0,0,0,0,0,0,0,1,0,0,0,0,0,0,0,0,0,64,1,1,0,0,0,0,0,0,0,989698.8309539258,205397.06628975272,0
0,0,0,1,0,0,0,0,0,0,0,0,0,0,0,0,0,1,0,0,0,0,0,0,0,0,0,65,1,0,0,0,1,0,0,0,0,982044.827233091,211361.13572642207,0
0,0,0,0,0,1,0,0,0,0,0,0,0,0,0,0,0,1,0,0,0,0,0,0,0,0,0,66,1,0,0,0,0,0,1,0,0,983227.7005235106,211923.39444442093,0
0,0,0,1,0,0,0,0,0,0,0,0,0,0,0,0,0,1,0,0,0,0,0,0,0,0,0,67,1,0,0,0,1,0,0,0,0,986819.2435372621,214689.9479664266,0
0,0,0,0,1,0,0,0,0,0,0,0,0,0,0,0,0,1,0,0,0,0,0,0,0,0,0,68,1,0,0,0,0,1,0,0,0,986033.6184680909,215124.69119141996,0
0,0,1,0,0,0,0,0,0,0,0,0,0,0,0,0,0,1,0,0,0,0,0,0,0,0,0,69,1,0,0,1,0,0,0,0,0,987466.2501172572,215860.91019141674,0
0,0,0,0,0,0,1,0,0,0,0,0,0,0,0,0,0,1,0,0,0,0,0,0,0,0,0,70,1,0,0,0,0,0,0,1,0,987691.3546539247,218119.8029833436,0
0,0,0,0,0,0,1,0,0,0,0,0,0,0,0,0,0,1,0,0,0,0,0,0,0,0,0,71,1,0,0,0,0,0,0,1,0,988972.3363439292,211707.82794642448,0
0,0,1,0,0,0,0,0,0,0,0,0,0,0,0,0,0,1,0,0,0,0,0,0,0,0,0,72,1,0,0,1,0,0,0,0,0,988911.9588400126,212647.01209166646,0
0,0,1,0,0,0,0,0,0,0,0,0,0,0,0,0,0,1,0,0,0,0,0,0,0,0,0,73,1,0,0,1,0,0,0,0,0,989420.2160255909,211458.10042750835,0
1,0,0,0,0,0,0,0,0,0,0,0,0,0,0,0,0,1,0,0,0,0,0,0,0,0,0,74,1,1,0,0,0,0,0,0,0,989681.5081539303,214036.2255205959,0
0,0,0,0,0,1,0,0,0,0,0,0,0,0,0,0,0,1,1,0,0,0,0,0,1,0,0,75,0,0,0,0,0,0,0,0,0,989139.238897264,217019.37211333215,0
0,2,0,0,0,0,0,0,0,0,0,0,0,0,0,0,0,2,2,0,2,0,0,0,0,0,0,76,0,0,0,0,0,0,0,0,0,985760.3020855933,220079.01166333258,0
1,0,0,0,0,0,0,0,0,0,0,0,0,0,0,0,0,1,0,0,0,0,0,0,0,0,0,77,1,1,0,0,0,0,0,0,0,996829.9154449999,206085.31294475496,0
1,0,0,0,0,0,0,0,1,1,0,0,0,0,0,0,0,1,0,0,0,0,0,0,0,0,0,78,0,0,0,0,0,0,0,0,0,998615.6139733344,203285.5121139288,0
0,1,0,0,0,0,0,0,0,0,0,0,0,0,0,0,0,1,1,0,1,0,0,0,0,0,0,79,0,0,0,0,0,0,0,0,0,998225.8017608374,206259.92217558622,0
0,1,0,0,0,0,0,0,0,0,0,0,0,0,0,0,0,1,1,0,1,0,0,0,0,0,0,80,0,0,0,0,0,0,0,0,0,999105.1143066734,205758.88971309364,0
0,1,0,0,0,0,0,0,0,0,0,0,0,0,0,0,0,1,0,0,0,0,0,0,0,0,0,81,1,0,1,0,0,0,0,0,0,990566.7655697614,217741.29652251303,0
0,0,0,0,0,0,0,1,0,0,0,0,0,0,0,0,0,1,0,0,0,0,0,0,0,0,0,82,1,0,0,0,0,0,0,0,1,990168.0488475114,218969.479761675,0
0,0,0,0,0,1,0,0,0,0,0,0,0,0,0,0,0,1,0,0,0,0,0,0,0,0,0,83,1,0,0,0,0,0,1,0,0,991458.151582256,215138.77548083663,0
0,0,0,0,0,0,0,1,0,0,0,0,0,0,0,0,0,1,0,0,0,0,0,0,0,0,0,84,1,0,0,0,0,0,0,0,1,993695.9125266671,218118.8843500018,0
0,0,0,1,0,0,0,0,0,0,0,0,0,0,0,0,0,1,0,0,0,0,0,0,0,0,0,85,1,0,0,0,1,0,0,0,0,998836.8733733445,211836.7348408401,0
0,1,0,0,0,0,0,0,0,0,0,0,0,0,0,0,0,1,1,0,1,0,0,0,0,0,0,86,0,0,0,0,0,0,0,0,0,991938.7805422544,227642.28361025453,0
1,0,0,0,0,0,0,0,0,0,0,0,0,0,0,0,0,1,0,0,0,0,0,0,0,0,0,87,1,1,0,0,0,0,0,0,0,994345.5273691714,221402.49326834083,0
1,0,0,0,0,0,0,0,0,0,0,0,0,0,0,0,0,1,0,0,0,0,0,0,0,0,0,88,1,1,0,0,0,0,0,0,0,999898.4296491742,229312.86753942072,0
1,0,0,0,0,0,0,0,0,0,0,0,0,0,0,0,0,1,0,0,0,0,0,0,0,0,0,89,1,1,0,0,0,0,0,0,0,996831.224497512,236475.50413276255,0
0,0,0,1,0,0,0,0,0,0,0,0,0,0,0,0,0,1,0,0,0,0,0,0,0,0,0,90,1,0,0,0,1,0,0,0,0,996957.7531158477,236702.86555467546,0
0,0,1,0,0,0,0,0,0,0,0,0,0,0,0,0,0,1,0,0,0,0,0,0,0,0,0,91,1,0,0,1,0,0,0,0,0,996819.8695333451,238308.7908205092,0
0,0,0,0,1,0,0,0,0,0,0,0,0,0,0,0,0,1,0,0,0,0,0,0,0,0,0,92,1,0,0,0,0,1,0,0,0,997910.9467475116,232849.973326087,0
0,0,0,0,1,0,0,0,0,0,0,0,0,0,0,0,0,1,0,0,0,0,0,0,0,0,0,93,1,0,0,0,0,1,0,0,0,998037.5442633331,233078.80784216523,0
0,0,0,0,0,1,0,0,0,0,0,0,0,0,0,0,0,1,0,0,0,0,0,0,0,0,0,94,1,0,0,0,0,0,1,0,0,998602.198645845,241526.5927838385,0
1,0,0,0,0,0,0,0,0,0,0,0,0,0,0,0,0,1,0,0,0,0,0,0,0,0,0,95,1,1,0,0,0,0,0,0,0,1000971.0554566681,154076.80639767647,0
0,0,0,1,0,0,0,0,0,0,0,0,0,0,0,0,0,1,0,0,0,0,0,0,0,0,0,96,1,0,0,0,1,0,0,0,0,1002290.7247333378,158510.93466851115,0
0,0,1,0,0,0,0,0,0,0,0,0,0,0,0,0,0,1,0,0,0,0,0,0,0,0,0,97,1,0,0,1,0,0,0,0,0,1005526.6989044249,161252.8747226745,0
0,1,0,0,0,0,0,0,0,0,0,0,0,0,0,0,0,1,0,0,0,0,0,0,0,0,0,98,1,0,1,0,0,0,0,0,0,1006153.2593310922,164917.28635708988,0
0,0,1,0,0,0,0,0,0,0,0,0,0,0,0,0,0,1,0,0,0,0,0,0,0,0,0,99,1,0,0,1,0,0,0,0,0,1003925.2322910875,172378.94794292748,0
0,1,0,0,0,0,0,0,0,0,0,0,0,0,0,0,0,1,0,0,0,0,0,0,0,0,0,100,1,0,1,0,0,0,0,0,0,1003371.2504594177,179118.86195650697,0
0,0,0,1,0,0,0,0,0,0,0,0,0,0,0,0,0,1,0,0,0,0,0,0,0,0,0,101,1,0,0,0,1,0,0,0,0,1005334.819366917,174888.32907900214,0
0,0,1,0,0,0,0,0,1,0,0,1,0,0,0,0,0,1,0,0,0,0,0,0,0,0,0,102,0,0,0,0,0,0,0,0,0,1006068.1381102502,178410.05103817582,0
0,0,0,0,1,0,0,0,0,0,0,0,0,0,0,0,0,1,0,0,0,0,0,0,0,0,0,103,1,0,0,0,0,1,0,0,0,1007421.4926870018,178963.23792392015,0
0,1,0,0,0,0,0,0,0,0,0,0,0,0,0,0,0,1,0,0,0,0,0,0,0,0,0,104,1,0,1,0,0,0,0,0,0,1008916.111416921,174225.5223337561,0
0,0,0,1,0,0,0,0,0,0,0,0,0,0,0,0,0,1,0,0,0,0,0,0,0,0,0,105,1,0,0,0,1,0,0,0,0,1003358.2124277502,182945.2548942566,0
0,0,1,0,0,0,0,0,0,0,0,0,0,0,0,0,0,1,0,0,0,0,0,0,0,0,0,106,1,0,0,1,0,0,0,0,0,1005404.2942935973,181336.20332233608,0
0,1,0,0,0,0,0,0,0,0,0,0,0,0,0,0,0,1,0,0,0,0,0,0,0,0,0,107,1,0,1,0,0,0,0,0,0,1006949.1107577533,180007.3641165048,0
0,0,1,0,0,0,0,0,0,0,0,0,0,0,0,0,0,1,1,0,0,1,0,0,0,0,0,108,0,0,0,0,0,0,0,0,0,1008446.6405710876,185735.71519258618,0
0,0,0,1,0,0,0,0,0,0,0,0,0,0,0,0,0,1,0,0,0,0,0,0,0,0,0,109,1,0,0,0,1,0,0,0,0,1000897.0529800057,191645.49930475652,0
0,0,0,0,0,0,1,0,1,0,0,0,0,0,0,1,0,1,0,0,0,0,0,0,0,0,0,110,0,0,0,0,0,0,0,0,0,1001274.2664644271,195792.90275533497,0
0,0,0,0,0,0,1,0,1,0,0,0,0,0,0,1,0,1,0,0,0,0,0,0,0,0,0,111,0,0,0,0,0,0,0,0,0,1003132.4451627582,196627.73704367876,0
0,0,0,0,0,0,1,0,0,0,0,0,0,0,0,0,0,1,1,0,0,0,0,0,0,1,0,112,0,0,0,0,0,0,0,0,0,1004684.4171244204,193854.1307142526,0
0,0,0,1,0,0,0,0,0,0,0,0,0,0,0,0,0,1,1,0,0,0,1,0,0,0,0,113,0,0,0,0,0,0,0,0,0,1004672.8653102517,199430.81870783865,0
0,0,0,0,1,0,0,0,0,0,0,0,0,0,0,0,0,1,0,0,0,0,0,0,0,0,0,114,1,0,0,0,0,1,0,0,0,1008918.4867402613,194147.40112508833,0
0,0,0,0,1,0,0,0,0,0,0,0,0,0,0,0,0,1,0,0,0,0,0,0,0,0,0,115,1,0,0,0,0,1,0,0,0,1014401.4708530009,169811.64664709568,0
0,0,0,0,1,0,0,0,0,0,0,0,0,0,0,0,0,1,1,0,0,0,0,1,0,0,0,116,0,0,0,0,0,0,0,0,0,1015425.3401963413,184531.14411091805,0
1,0,0,0,0,0,0,0,0,0,0,0,0,0,0,0,0,1,0,0,0,0,0,0,0,0,0,117,1,1,0,0,0,0,0,0,0,1010142.6017460972,194453.12853200734,0
0,0,1,0,0,0,0,0,0,0,0,0,0,0,0,0,0,1,0,0,0,0,0,0,0,0,0,118,1,0,0,1,0,0,0,0,0,1028727.0061782598,176326.16412983835,0
1,0,0,0,0,0,0,0,0,0,0,0,0,0,0,0,0,1,1,1,0,0,0,0,0,0,0,119,0,0,0,0,0,0,0,0,0,1022787.0872838348,184870.5597706735,0
0,0,0,1,0,0,0,0,0,0,0,0,0,0,0,0,0,1,1,0,0,0,1,0,0,0,0,120,0,0,0,0,0,0,0,0,0,1023569.3622940928,184914.00095675886,0
0,1,0,0,0,0,0,0,0,0,0,0,0,0,0,0,0,1,0,0,0,0,0,0,0,0,0,121,1,0,1,0,0,0,0,0,0,1025416.8523655087,185492.3301806748,0
0,0,1,0,0,0,0,0,0,0,0,0,0,0,0,0,0,1,0,0,0,0,0,0,0,0,0,122,1,0,0,1,0,0,0,0,0,1028444.8643540889,180691.55205258727,0
0,0,0,0,1,0,0,0,0,0,0,0,0,0,0,0,0,1,1,0,0,0,0,1,0,0,0,123,0,0,0,0,0,0,0,0,0,1022825.4070890844,191537.17668674886,0
0,0,0,0,1,0,0,0,0,0,0,0,0,0,0,0,0,1,0,0,0,0,0,0,0,0,0,124,1,0,0,0,0,1,0,0,0,1026473.9365374297,192438.51674759388,0
0,0,1,0,0,0,0,0,0,0,0,0,0,0,0,0,0,1,0,0,0,0,0,0,0,0,0,125,1,0,0,1,0,0,0,0,0,1033939.4563832581,183624.11213234067,0
0,0,0,0,0,1,0,0,0,0,0,0,0,0,0,0,0,1,1,0,0,0,0,0,1,0,0,126,0,0,0,0,0,0,0,0,0,1037753.4608943462,188732.28728342056,0
0,0,0,1,0,0,0,0,0,0,0,0,0,0,0,0,0,1,0,0,0,0,0,0,0,0,0,127,1,0,0,0,1,0,0,0,0,1031706.8456910104,192103.9209600836,0
0,0,0,0,1,0,0,0,0,0,0,0,0,0,0,0,0,1,1,0,0,0,0,1,0,0,0,128,0,0,0,0,0,0,0,0,0,1036349.4545160085,192136.22404508293,0
0,0,0,1,0,0,0,0,0,0,0,0,0,0,0,0,0,1,0,0,0,0,0,0,0,0,0,129,1,0,0,0,1,0,0,0,0,1037195.4764460027,195031.81503866613,0
0,0,0,1,0,0,0,0,0,0,0,0,0,0,0,0,0,1,0,0,0,0,0,0,0,0,0,130,1,0,0,0,1,0,0,0,0,1047709.0377679169,156465.51553100348,0
0,0,0,0,0,0,1,0,0,0,0,0,0,0,0,0,0,1,0,0,0,0,0,0,0,0,0,131,1,0,0,0,0,0,0,1,0,1041406.9312776774,189382.97167758644,0
0,0,0,1,0,0,0,0,0,0,0,0,0,0,0,0,0,1,0,0,0,0,0,0,0,0,0,132,1,0,0,0,1,0,0,0,0,1042992.3841435015,191591.43182758987,0
0,0,2,0,0,0,0,0,0,0,0,0,0,0,0,0,0,2,2,0,0,2,0,0,0,0,0,133,0,0,0,0,0,0,0,0,0,1046815.2209860086,195838.2865228355,0
0,1,0,0,0,0,0,0,0,0,0,0,0,0,0,0,0,1,1,0,1,0,0,0,0,0,0,134,0,0,0,0,0,0,0,0,0,1046898.4619612545,197909.97857366502,0
0,0,0,0,1,0,0,0,0,0,0,0,0,0,0,0,0,1,1,0,0,0,0,1,0,0,0,135,0,0,0,0,0,0,0,0,0,1054484.0960681736,156357.3694218397,0
0,0,2,0,0,0,0,0,0,0,0,0,0,0,0,0,0,2,2,0,0,2,0,0,0,0,0,136,0,0,0,0,0,0,0,0,0,1055935.7273512632,172099.7716640085,0
0,0,0,0,0,1,0,0,0,0,0,0,0,0,0,0,0,1,1,0,0,0,0,0,1,0,0,137,0,0,0,0,0,0,0,0,0,1053238.1408829242,188477.1532792598,0
0,0,0,0,0,1,0,0,0,0,0,0,0,0,0,0,0,1,0,0,0,0,0,0,0,0,0,138,1,0,0,0,0,0,1,0,0,1058273.8358640075,198994.22837367654,0
0,0,0,0,3,0,0,0,0,0,0,0,0,0,0,0,0,3,3,0,0,0,0,3,0,0,0,139,0,0,0,0,0,0,0,0,0,1007122.7980744243,207244.63149225712,0
0,0,1,0,0,0,0,0,0,0,0,0,0,0,0,0,0,1,0,0,0,0,0,0,0,0,0,140,1,0,0,1,0,0,0,0,0,1001760.9223152548,216128.8588025123,0
0,0,0,1,0,0,0,0,1,0,0,0,1,0,0,0,0,1,0,0,0,0,0,0,0,0,0,141,0,0,0,0,0,0,0,0,0,1002148.748967424,216665.62314891815,0
0,1,0,0,0,0,0,0,0,0,0,0,0,0,0,0,0,1,1,0,1,0,0,0,0,0,0,142,0,0,0,0,0,0,0,0,0,1004246.806779176,219776.35478833318,0
0,0,1,0,0,0,0,0,0,0,0,0,0,0,0,0,0,1,0,0,0,0,0,0,0,0,0,143,1,0,0,1,0,0,0,0,0,1008180.9914960861,224038.4197550118,0
0,0,0,0,0,0,1,0,0,0,0,0,0,0,0,0,0,1,0,0,0,0,0,0,0,0,0,144,1,0,0,0,0,0,0,1,0,1009481.1496569216,221592.8537800014,0
0,1,0,0,0,0,0,0,0,0,0,0,0,0,0,0,0,1,0,0,0,0,0,0,0,0,0,145,1,0,1,0,0,0,0,0,0,1004858.1405302584,235097.73753133416,0
0,0,0,0,1,0,0,0,0,0,0,0,0,0,0,0,0,1,0,0,0,0,0,0,0,0,0,146,1,0,0,0,0,1,0,0,0,1001215.7531300038,247299.62913800776,0
0,0,0,1,0,0,0,0,0,0,0,0,0,0,0,0,0,1,0,0,0,0,0,0,0,0,0,147,1,0,0,0,1,0,0,0,0,1001846.3785091788,248794.6159774214,0
0,0,0,1,0,0,0,0,0,0,0,0,0,0,0,0,0,1,1,0,0,0,1,0,0,0,0,148,0,0,0,0,0,0,0,0,0,1002589.6411302537,246866.06373217702,0
0,0,0,1,0,0,0,0,0,0,0,0,0,0,0,0,0,1,0,0,0,0,0,0,0,0,0,149,1,0,0,0,1,0,0,0,0,1002828.1019394249,248247.71746492386,0
0,1,0,1,0,0,0,0,0,0,0,0,0,0,0,0,0,2,0,0,0,0,0,0,0,0,0,150,2,0,1,0,1,0,0,0,0,1002024.071723342,249023.18835492432,0
0,0,0,0,1,1,0,0,0,0,0,0,0,0,0,0,0,2,0,0,0,0,0,0,0,0,0,151,2,0,0,0,0,1,1,0,0,1006260.99828884,242011.1249512583,0
0,0,0,0,0,1,0,0,0,0,0,0,0,0,0,0,0,1,0,0,0,0,0,0,0,0,0,152,1,0,0,0,0,0,1,0,0,1004230.1037285924,253672.85425242782,0
0,0,1,0,0,0,0,0,0,0,0,0,0,0,0,0,0,1,1,0,0,1,0,0,0,0,0,153,0,0,0,0,0,0,0,0,0,1005164.8262685835,254562.64906075597,0
0,0,0,0,0,0,0,1,0,0,0,0,0,0,0,0,0,1,0,0,0,0,0,0,0,0,0,154,1,0,0,0,0,0,0,0,1,1009050.0557028353,257820.5936603397,0
0,0,0,1,0,0,0,0,1,0,0,0,1,0,0,0,0,1,0,0,0,0,0,0,0,0,0,155,0,0,0,0,0,0,0,0,0,1013111.0275677592,208994.83796559274,0
0,0,0,0,1,0,0,0,0,0,0,0,0,0,0,0,0,1,0,0,0,0,0,0,0,0,0,156,1,0,0,0,0,1,0,0,0,1013559.7107255012,208899.46085976064,0
0,2,0,0,0,0,0,0,0,0,0,0,0,0,0,0,0,2,0,0,0,0,0,0,0,0,0,157,2,0,2,0,0,0,0,0,0,1018156.8734471798,202745.45446699858,0
1,0,0,0,0,0,0,0,0,0,0,0,0,0,0,0,0,1,0,0,0,0,0,0,0,0,0,158,1,1,0,0,0,0,0,0,0,1019382.8060346693,204499.84072200954,0
0,0,0,0,2,0,0,0,0,0,0,0,0,0,0,0,0,2,2,0,0,0,0,2,0,0,0,159,0,0,0,0,0,0,0,0,0,1017446.1498030126,215557.29170417786,0
0,0,0,0,0,0,0,1,0,0,0,0,0,0,0,0,0,1,0,0,0,0,0,0,0,0,0,160,1,0,0,0,0,0,0,0,1,1014554.1805213392,234951.70796775818,0
0,0,0,0,0,0,0,1,0,0,0,0,0,0,0,0,0,1,0,0,0,0,0,0,0,0,0,161,1,0,0,0,0,0,0,0,1,1012453.4665469229,247888.9845865816,0
0,0,1,0,0,0,0,0,0,0,0,0,0,0,0,0,0,1,1,0,0,1,0,0,0,0,0,162,0,0,0,0,0,0,0,0,0,1014773.3631538451,240157.51087634265,0
0,1,0,0,0,0,0,0,0,0,0,0,0,0,0,0,0,1,1,0,1,0,0,0,0,0,0,163,0,0,0,0,0,0,0,0,0,1015529.7067855,243545.36827383935,0
0,1,0,0,0,0,0,0,0,0,0,0,0,0,0,0,0,1,1,0,1,0,0,0,0,0,0,164,0,0,0,0,0,0,0,0,0,1015448.8014355004,245600.58693242073,0
0,0,1,0,0,0,0,0,0,0,0,0,0,0,0,0,0,1,0,0,0,0,0,0,0,0,0,165,1,0,0,1,0,0,0,0,0,1019194.4533930123,241603.79407300055,0
0,0,0,0,1,0,0,0,0,0,0,0,0,0,0,0,0,1,1,0,0,0,0,1,0,0,0,166,0,0,0,0,0,0,0,0,0,1010372.41755943,251078.01036076248,0
0,0,0,0,1,0,0,0,0,0,0,0,0,0,0,0,0,1,1,0,0,0,0,1,0,0,0,167,0,0,0,0,0,0,0,0,0,1010053.0514002591,257493.47653242946,0
1,0,0,0,0,0,0,0,0,0,0,0,0,0,0,0,0,1,0,0,0,0,0,0,0,0,0,168,1,1,0,0,0,0,0,0,0,1011833.6479046792,253994.45465908945,0
0,0,0,0,0,0,1,0,0,0,0,0,0,0,0,0,0,1,0,0,0,0,0,0,0,0,0,169,1,0,0,0,0,0,0,1,0,1010395.7836544216,260251.83026766777,0
0,0,0,0,1,0,0,0,0,0,0,0,0,0,0,0,0,1,0,0,0,0,0,0,0,0,0,170,1,0,0,0,0,1,0,0,0,1012806.9107219279,265660.805670172,0
0,0,0,0,1,0,0,0,0,0,0,0,0,0,0,0,0,1,0,0,0,0,0,0,0,0,0,171,1,0,0,0,0,1,0,0,0,1012732.1205171794,267411.79265375435,0
0,0,0,0,0,0,1,0,0,0,0,0,0,0,0,0,0,1,0,0,0,0,0,0,0,0,0,172,1,0,0,0,0,0,0,1,0,1020479.3294321746,203235.11851392686,0
0,0,0,0,1,0,0,0,0,0,0,0,0,0,0,0,0,1,0,0,0,0,0,0,0,0,0,173,1,0,0,0,0,1,0,0,0,1025093.7657413334,204019.7330864221,0
0,0,0,1,0,0,0,0,0,0,0,0,0,0,0,0,0,1,0,0,0,0,0,0,0,0,0,174,1,0,0,0,1,0,0,0,0,1029814.5991474241,206103.0753764212,0
0,0,0,0,0,0,0,1,0,0,0,0,0,0,0,0,0,1,0,0,0,0,0,0,0,0,0,175,1,0,0,0,0,0,0,0,1,1022284.8671596795,212503.574058339,0
0,0,0,0,0,1,0,0,0,0,0,0,0,0,0,0,0,1,0,0,0,0,0,0,0,0,0,176,1,0,0,0,0,0,1,0,0,1022006.48188968,215365.96990834177,0
0,0,0,0,0,0,1,0,0,0,0,0,0,0,0,0,0,1,0,0,0,0,0,0,0,0,0,177,1,0,0,0,0,0,0,1,0,1024259.4068457633,210588.88989558816,0
0,1,0,0,0,0,0,0,0,0,0,0,0,0,0,0,0,1,0,0,0,0,0,0,0,0,0,178,1,0,1,0,0,0,0,0,0,1022841.7836967558,244398.06374692917,0
0,0,0,1,0,0,0,0,0,0,0,0,0,0,0,0,0,1,0,0,0,0,0,0,0,0,0,179,1,0,0,0,1,0,0,0,0,1025612.4914099276,241622.62605634332,0
0,0,0,0,2,0,0,0,0,0,0,0,0,0,0,0,0,2,2,0,0,0,0,2,0,0,0,180,0,0,0,0,0,0,0,0,0,1024104.5121424198,253044.5188949257,0
1,0,0,0,0,0,0,0,0,0,0,0,0,0,0,0,0,1,0,0,0,0,0,0,0,0,0,181,1,1,0,0,0,0,0,0,0,1027678.0909532607,252456.2359507531,0
0,0,0,1,0,0,0,0,0,0,0,0,0,0,0,0,0,1,0,0,0,0,0,0,0,0,0,182,1,0,0,0,1,0,0,0,0,1022580.1487213373,265257.9652685076,0
0,1,0,0,0,0,0,0,0,0,0,0,0,0,0,0,0,1,1,0,1,0,0,0,0,0,0,183,0,0,0,0,0,0,0,0,0,1026801.4883757532,266935.8487237543,0
0,0,0,1,0,0,0,0,0,0,0,0,0,0,0,0,0,1,0,0,0,0,0,0,0,0,0,184,1,0,0,0,1,0,0,0,0,1027072.7739224285,266004.2167287618,0
1,0,0,0,0,0,0,0,1,1,0,0,0,0,0,0,0,1,0,0,0,0,0,0,0,0,0,185,0,0,0,0,0,0,0,0,0,1034941.2257051766,214295.24370333552,0
0,0,0,0,1,0,0,0,0,0,0,0,0,0,0,0,0,1,0,0,0,0,0,0,0,0,0,186,1,0,0,0,0,1,0,0,0,1035236.5367943347,211762.9557889253,0
0,0,0,0,0,1,0,0,0,0,0,0,0,0,0,0,0,1,0,0,0,0,0,0,0,0,0,187,1,0,0,0,0,0,1,0,0,1035777.588861838,216462.21115417778,0
0,0,0,0,0,0,1,0,0,0,0,0,0,0,0,0,0,1,0,0,0,0,0,0,0,0,0,188,1,0,0,0,0,0,0,1,0,1039155.275676012,213938.2332625091,0
0,0,0,1,0,0,0,0,0,0,0,0,0,0,0,0,0,1,0,0,0,0,0,0,0,0,0,189,1,0,0,0,1,0,0,0,0,1038492.3701776713,224476.14164859056,0
0,0,0,1,0,0,0,0,0,0,0,0,0,0,0,0,0,1,0,0,0,0,0,0,0,0,0,190,1,0,0,0,1,0,0,0,0,1034008.6127410084,239662.04598800838,0
0,0,0,1,0,0,0,0,0,0,0,0,0,0,0,0,0,1,0,0,0,0,0,0,0,0,0,191,1,0,0,0,1,0,0,0,0,1032059.420445174,249626.00539074838,0
0,0,1,0,0,0,0,0,0,0,0,0,0,0,0,0,0,1,0,0,0,0,0,0,0,0,0,192,1,0,0,1,0,0,0,0,0,1041384.6442487538,205756.7243630886,0
0,0,0,0,1,0,0,0,0,0,0,0,0,0,0,0,0,1,1,0,0,0,0,1,0,0,0,193,0,0,0,0,0,0,0,0,0,1045177.7468987554,213511.92866891623,0
0,0,0,0,1,0,0,0,0,0,0,0,0,0,0,0,0,1,0,0,0,0,0,0,0,0,0,194,1,0,0,0,0,1,0,0,0,1048146.5808560848,216352.64214758575,0
0,0,1,0,0,0,0,0,0,0,0,0,0,0,0,0,0,1,0,0,0,0,0,0,0,0,0,195,1,0,0,1,0,0,0,0,0,1040803.8025626689,228185.5896102488,0
1,0,0,0,0,0,0,0,0,0,0,0,0,0,0,0,0,1,0,0,0,0,0,0,0,0,0,196,1,1,0,0,0,0,0,0,0,1055868.1159379184,205953.40047892928,0
1,0,0,0,0,0,0,0,0,0,0,0,0,0,0,0,0,1,0,0,0,0,0,0,0,0,0,197,1,1,0,0,0,0,0,0,0,1057161.6694531739,200957.4691978395,0
1,0,0,0,0,0,0,0,0,0,0,0,0,0,0,0,0,1,0,0,0,0,0,0,0,0,0,198,1,1,0,0,0,0,0,0,0,1052469.3497695923,212543.48572392762,0
0,0,0,0,0,0,1,0,0,0,0,0,0,0,0,0,0,1,0,0,0,0,0,0,0,0,0,199,1,0,0,0,0,0,0,1,0,1060215.5826366693,209380.40281125903,0
0,0,0,0,0,0,1,0,0,0,0,0,0,0,0,0,0,1,0,0,0,0,0,0,0,0,0,200,1,0,0,0,0,0,0,1,0,915886.4251013398,126868.36770442128,0
1,0,0,0,0,0,0,0,1,1,0,0,0,0,0,0,0,1,0,0,0,0,0,0,0,0,0,201,0,0,0,0,0,0,0,0,0,1031091.9456740916,194334.86794175208,0
0,0,0,0,0,1,0,0,0,0,0,0,0,0,0,0,0,1,1,0,0,0,0,0,1,0,0,202,0,0,0,0,0,0,0,0,0,1012769.1581727564,216895.031810835,0
0,0,1,0,0,0,0,0,0,0,0,0,0,0,0,0,0,1,0,0,0,0,0,0,0,0,0,203,1,0,0,1,0,0,0,0,0,1027279.2630107552,256106.32674767077,0
0,0,0,0,0,0,0,1,0,0,0,0,0,0,0,0,0,1,0,0,0,0,0,0,0,0,0,204,1,0,0,0,0,0,0,0,1,985342.5732622594,200219.0389161706,0
0,1,0,0,0,0,0,0,0,0,0,0,0,0,0,0,0,1,1,0,1,0,0,0,0,0,0,205,0,0,0,0,0,0,0,0,0,1032632.1784860045,243398.14743967354,0
0,0,0,0,0,1,0,0,0,0,0,0,0,0,0,0,0,1,0,0,0,0,0,0,0,0,0,206,1,0,0,0,0,0,1,0,0,984385.9413172603,156576.24037517607,0
0,0,1,0,0,0,0,0,0,0,0,0,0,0,0,0,0,1,0,0,0,0,0,0,0,0,0,207,1,0,0,1,0,0,0,0,0,1007620.369257763,199229.68065866828,0
0,0,1,0,0,0,0,0,0,0,0,0,0,0,0,0,0,1,0,0,0,0,0,0,0,0,0,208,1,0,0,1,0,0,0,0,0,1027341.083753258,187164.5804450959,0
0,0,1,0,0,0,0,0,0,0,0,0,0,0,0,0,0,1,0,0,0,0,0,0,0,0,0,209,1,0,0,1,0,0,0,0,0,1033188.7882651687,164236.5695426762,0
0,1,0,0,0,0,0,0,0,0,0,0,0,0,0,0,0,1,1,0,1,0,0,0,0,0,0,210,0,0,0,0,0,0,0,0,0,1019883.952342093,204984.8840432614,0
0,0,0,1,0,0,0,0,0,0,0,0,0,0,0,0,0,1,0,0,0,0,0,0,0,0,0,1,1,0,0,0,1,0,0,0,0,1012516.3237046748,263731.04575017095,1
0,0,0,0,0,0,0,1,0,0,0,0,0,0,0,0,0,1,0,0,0,0,0,0,0,0,0,2,1,0,0,0,0,0,0,0,1,1023235.1241174191,244676.44507992268,1
0,0,0,0,0,1,0,0,0,0,0,0,0,0,0,0,0,1,0,0,0,0,0,0,0,0,0,3,1,0,0,0,0,0,1,0,0,987987.4433005899,151919.27790433168,1
0,0,1,0,0,0,0,0,0,0,0,0,0,0,0,0,0,1,1,0,0,1,0,0,0,0,0,4,0,0,0,0,0,0,0,0,0,1027710.7670690119,197709.9983305931,1
0,0,1,0,0,0,0,0,0,0,0,0,0,0,0,0,0,1,1,0,0,1,0,0,0,0,0,5,0,0,0,0,0,0,0,0,0,915813.2067438364,122971.68619333208,1
0,0,0,0,0,0,1,0,0,0,0,0,0,0,0,0,0,1,0,0,0,0,0,0,0,0,0,6,1,0,0,0,0,0,0,1,0,928380.5041157603,130762.72015191615,1
0,0,1,0,0,0,0,0,0,0,0,0,0,0,0,0,0,1,0,0,0,0,0,0,0,0,0,7,1,0,0,1,0,0,0,0,0,937249.4355248362,131162.74166159332,1
0,0,0,0,0,0,1,0,0,0,0,0,0,0,0,0,0,1,0,0,0,0,0,0,0,0,0,8,1,0,0,0,0,0,0,1,0,938034.8247020841,138726.20553725958,1
0,0,0,0,0,1,0,0,0,0,0,0,0,0,0,0,0,1,1,0,0,0,0,0,1,0,0,9,0,0,0,0,0,0,0,0,0,934504.7960010022,160754.99809375405,1
0,0,0,0,0,0,1,0,0,0,0,0,0,0,0,0,0,1,0,0,0,0,0,0,0,0,0,10,1,0,0,0,0,0,0,1,0,939713.6963443458,161486.23711684346,1
0,0,0,0,0,0,1,0,0,0,0,0,0,0,0,0,0,1,0,0,0,0,0,0,0,0,0,11,1,0,0,0,0,0,0,1,0,946470.437752083,170274.47708626091,1
0,0,0,1,0,0,0,0,0,0,0,0,0,0,0,0,0,1,0,0,0,0,0,0,0,0,0,12,1,0,0,0,1,0,0,0,0,946925.8961587548,172578.2815337628,1
0,0,0,0,0,0,0,1,0,0,0,0,0,0,0,0,0,1,0,0,0,0,0,0,0,0,0,13,1,0,0,0,0,0,0,0,1,951781.8375623375,162322.75119183958,1
1,0,0,0,0,0,0,0,0,0,0,0,0,0,0,0,0,1,0,0,0,0,0,0,0,0,0,14,1,1,0,0,0,0,0,0,0,953962.787924841,168846.0875545889,1
1,0,0,0,0,0,0,0,0,0,0,0,0,0,0,0,0,1,0,0,0,0,0,0,0,0,0,15,1,1,0,0,0,0,0,0,0,957953.26124309,172741.30909484625,1
0,0,1,1,0,0,0,0,0,0,0,0,0,0,0,0,0,2,2,0,0,1,1,0,0,0,0,16,0,0,0,0,0,0,0,0,0,962464.8670492619,157330.60566434264,1
0,1,0,0,0,0,0,0,0,0,0,0,0,0,0,0,0,1,0,0,0,0,0,0,0,0,0,17,1,0,1,0,0,0,0,0,0,960774.5423459262,165100.3109254241,1
0,0,0,0,0,0,1,0,0,0,0,0,0,0,0,0,0,1,0,0,0,0,0,0,0,0,0,18,1,0,0,0,0,0,0,1,0,962886.0112200975,165226.98061959445,1
0,0,0,0,0,1,0,0,1,0,0,0,0,0,1,0,0,1,0,0,0,0,0,0,0,0,0,19,0,0,0,0,0,0,0,0,0,960047.7130909264,172419.56137876213,1
0,0,0,1,0,0,0,0,0,0,0,0,0,0,0,0,0,1,0,0,0,0,0,0,0,0,0,20,1,0,0,0,1,0,0,0,0,961685.052335918,172726.4075498432,1
0,1,0,0,0,0,0,0,0,0,0,0,0,0,0,0,0,1,1,0,1,0,0,0,0,0,0,21,0,0,0,0,0,0,0,0,0,963106.7916184217,171202.19832792878,1
0,1,0,0,0,0,0,0,0,0,0,0,0,0,0,0,0,1,0,0,0,0,0,0,0,0,0,22,1,0,1,0,0,0,0,0,0,979458.3727603406,167079.29646874964,1
0,0,0,0,0,0,1,0,0,0,0,0,0,0,0,0,0,1,1,0,0,0,0,0,0,1,0,23,0,0,0,0,0,0,0,0,0,980998.2318853438,162512.4978595823,1
0,0,0,0,1,0,0,0,0,0,0,0,0,0,0,0,0,1,0,0,0,0,0,0,0,0,0,24,1,0,0,0,0,1,0,0,0,981817.832936421,163547.3776795864,1
0,0,0,0,1,0,0,0,0,0,0,0,0,0,0,0,0,1,0,0,0,0,0,0,0,0,0,25,1,0,0,0,0,1,0,0,0,981690.9795155972,164642.70718184114,1
0,0,0,0,0,0,1,0,0,0,0,0,0,0,0,0,0,1,0,0,0,0,0,0,0,0,0,26,1,0,0,0,0,0,0,1,0,982188.2655945122,165269.81189875305,1
0,0,1,0,0,0,0,0,0,0,0,0,0,0,0,0,0,1,0,0,0,0,0,0,0,0,0,27,1,0,0,1,0,0,0,0,0,982430.6499522626,168088.25114375353,1
0,1,0,0,0,0,0,0,0,0,0,0,0,0,0,0,0,1,0,0,0,0,0,0,0,0,0,28,1,0,1,0,0,0,0,0,0,988175.707359761,163892.26216042042,1
0,0,0,0,0,1,0,0,0,0,0,0,0,0,0,0,0,1,1,0,0,0,0,0,1,0,0,29,0,0,0,0,0,0,0,0,0,988784.531601429,163405.4291445911,1
0,0,0,1,0,0,0,0,0,0,0,0,0,0,0,0,0,1,0,0,0,0,0,0,0,0,0,30,1,0,0,0,1,0,0,0,0,989752.6497439295,161747.44689625502,1
0,0,0,0,0,0,1,0,0,0,0,0,0,0,0,0,0,1,0,0,0,0,0,0,0,0,0,31,1,0,0,0,0,0,0,1,0,986437.1839339286,170633.3736781776,1
0,0,0,0,1,0,0,0,0,0,0,0,0,0,0,0,0,1,0,0,0,0,0,0,0,0,0,32,1,0,0,0,0,1,0,0,0,986887.4290964305,173598.6699129194,1
1,0,0,0,0,0,0,0,0,0,0,0,0,0,0,0,0,1,0,0,0,0,0,0,0,0,0,33,1,1,0,0,0,0,0,0,0,984602.7715922594,185739.4914317578,1
0,0,0,1,0,0,0,0,0,0,0,0,0,0,0,0,0,1,1,0,0,0,1,0,0,0,0,34,0,0,0,0,0,0,0,0,0,985763.753522262,182374.8524917513,1
1,0,0,0,0,0,0,0,0,0,0,0,0,0,0,0,0,1,0,0,0,0,0,0,0,0,0,35,1,1,0,0,0,0,0,0,0,985666.076552257,183663.53790651262,1
1,0,0,0,0,0,0,0,0,0,0,0,0,0,0,0,0,1,0,0,0,0,0,0,0,0,0,36,1,1,0,0,0,0,0,0,0,988291.5142147541,186415.6974284202,1
0,0,0,0,0,0,1,0,0,0,0,0,0,0,0,0,0,1,1,0,0,0,0,0,0,1,0,37,0,0,0,0,0,0,0,0,0,988457.3669014275,189543.65705175698,1
0,0,0,1,0,0,0,0,0,0,0,0,0,0,0,0,0,1,1,0,0,0,1,0,0,0,0,38,0,0,0,0,0,0,0,0,0,988939.4591130912,189005.21324676275,1
0,0,0,0,0,0,1,0,0,0,0,0,0,0,0,0,0,1,0,0,0,0,0,0,0,0,0,39,1,0,0,0,0,0,0,1,0,981481.095092833,197877.99701033533,1
0,0,1,0,0,0,0,0,0,0,0,0,0,0,0,0,0,1,0,0,0,0,0,0,0,0,0,40,1,0,0,1,0,0,0,0,0,985222.3704186678,198021.46293075383,1
0,0,0,0,0,0,1,0,0,0,0,0,0,0,0,0,0,1,0,0,0,0,0,0,0,0,0,41,1,0,0,0,0,0,0,1,0,987030.1355039179,198912.93916617334,1
0,0,0,0,0,0,0,1,0,0,0,0,0,0,0,0,0,1,0,0,0,0,0,0,0,0,0,42,1,0,0,0,0,0,0,0,1,994197.4928883463,149501.64166350663,1
0,1,0,0,0,0,0,0,0,0,0,0,0,0,0,0,0,1,0,0,0,0,0,0,0,0,0,43,1,0,1,0,0,0,0,0,0,994450.96679084,149572.67203325033,1
1,0,0,0,0,0,0,0,0,0,0,0,0,0,0,0,0,1,0,0,0,0,0,0,0,0,0,44,1,1,0,0,0,0,0,0,0,995463.4811700135,149857.57631908357,1
0,0,1,0,0,0,0,0,0,0,0,0,0,0,0,0,0,1,0,0,0,0,0,0,0,0,0,45,1,0,0,1,0,0,0,0,0,999169.8746758401,149719.26294742525,1
0,0,0,0,1,0,0,0,0,0,0,0,0,0,0,0,0,1,1,0,0,0,0,1,0,0,0,46,0,0,0,0,0,0,0,0,0,991392.1638533473,153760.01273992658,1
0,0,1,0,0,0,0,0,0,0,0,0,0,0,0,0,0,1,0,0,0,0,0,0,0,0,0,47,1,0,0,1,0,0,0,0,0,993930.7283300012,154632.70751683414,1
0,0,0,0,1,0,0,0,0,0,0,0,0,0,0,0,0,1,0,0,0,0,0,0,0,0,0,48,1,0,0,0,0,1,0,0,0,997864.8280733377,151314.44971767068,1
0,0,0,0,1,0,0,0,0,0,0,0,0,0,0,0,0,1,0,0,0,0,0,0,0,0,0,49,1,0,0,0,0,1,0,0,0,999265.8488933444,154617.66489601135,1
0,0,0,1,0,0,0,0,0,0,0,0,0,0,0,0,0,1,0,0,0,0,0,0,0,0,0,50,1,0,0,0,1,0,0,0,0,990139.5551380962,166370.3674404174,1
0,0,0,0,1,0,0,0,0,0,0,0,0,0,0,0,0,1,0,0,0,0,0,0,0,0,0,51,1,0,0,0,0,1,0,0,0,992196.7130972594,162100.92748850584,1
1,0,0,0,0,0,0,0,0,0,0,0,0,0,0,0,0,1,0,0,0,0,0,0,0,0,0,52,1,1,0,0,0,0,0,0,0,991976.8378808349,169937.2402279228,1
0,0,0,0,0,0,1,0,0,0,0,0,0,0,0,0,0,1,0,0,0,0,0,0,0,0,0,53,1,0,0,0,0,0,0,1,0,995087.418930009,164398.56364125013,1
0,0,0,0,1,0,0,0,0,0,0,0,0,0,0,0,0,1,1,0,0,0,0,1,0,0,0,54,0,0,0,0,0,0,0,0,0,996271.0484525114,161741.73168459535,1
0,0,0,0,1,0,0,0,0,0,0,0,0,0,0,0,0,1,1,0,0,0,0,1,0,0,0,55,0,0,0,0,0,0,0,0,0,996858.0978033394,163766.77717517316,1
0,0,0,1,0,0,0,0,0,0,0,0,0,0,0,0,0,1,0,0,0,0,0,0,0,0,0,56,1,0,0,0,1,0,0,0,0,996102.4169000089,168991.8254520893,1
0,0,1,0,0,0,0,0,0,0,0,0,0,0,0,0,0,1,1,0,0,1,0,0,0,0,0,57,0,0,0,0,0,0,0,0,0,997133.3236308396,161865.31116184592,1
0,0,0,0,1,0,0,0,0,0,0,0,0,0,0,0,0,1,0,0,0,0,0,0,0,0,0,58,1,0,0,0,0,1,0,0,0,997246.8240600079,161084.93870684505,1
1,0,0,0,0,0,0,0,0,0,0,0,0,0,0,0,0,1,1,1,0,0,0,0,0,0,0,59,0,0,0,0,0,0,0,0,0,997936.7176933438,161975.26172934473,1
0,0,0,0,0,0,1,0,0,0,0,0,0,0,0,0,0,1,0,0,0,0,0,0,0,0,0,60,1,0,0,0,0,0,0,1,0,995345.965000838,174216.29334959388,1
0,0,0,0,0,0,0,1,1,0,0,0,0,0,0,0,1,1,0,0,0,0,0,0,0,0,0,61,0,0,0,0,0,0,0,0,0,995895.1797816753,174380.26907150447,1
1,0,0,0,0,0,0,0,0,0,0,0,0,0,0,0,0,1,0,0,0,0,0,0,0,0,0,62,1,1,0,0,0,0,0,0,0,998280.3751424998,170448.6102681756,1
0,0,0,1,0,0,0,0,1,0,0,0,1,0,0,0,0,1,0,0,0,0,0,0,0,0,0,63,0,0,0,0,0,0,0,0,0,993815.9713416696,187510.3015384227,1
0,0,0,0,0,0,0,1,0,0,0,0,0,0,0,0,0,1,0,0,0,0,0,0,0,0,0,64,1,0,0,0,0,0,0,0,1,995741.9845500141,186674.56502091885,1
0,0,0,0,0,1,0,0,0,0,0,0,0,0,0,0,0,1,0,0,0,0,0,0,0,0,0,65,1,0,0,0,0,0,1,0,0,995736.5449283421,187656.30518342555,1
0,0,0,0,1,0,0,0,0,0,0,0,0,0,0,0,0,1,0,0,0,0,0,0,0,0,0,66,1,0,0,0,0,1,0,0,0,999690.0770475119,189004.99015009403,1
0,0,0,1,0,0,0,0,0,0,0,0,0,0,0,0,0,1,1,0,0,0,1,0,0,0,0,67,0,0,0,0,0,0,0,0,0,990398.8098689169,191915.43708509207,1
0,0,1,0,0,0,0,0,0,0,0,0,0,0,0,0,0,1,1,0,0,1,0,0,0,0,0,68,0,0,0,0,0,0,0,0,0,993102.7939622551,190464.10140508413,1
0,0,1,0,0,0,0,0,1,0,0,1,0,0,0,0,0,1,0,0,0,0,0,0,0,0,0,69,0,0,0,0,0,0,0,0,0,994108.5593391806,192702.50211200118,1
0,1,0,0,0,0,0,0,0,0,0,0,0,0,0,0,0,1,1,0,1,0,0,0,0,0,0,70,0,0,0,0,0,0,0,0,0,994355.202546671,192794.00488175452,1
0,0,1,0,0,0,0,0,0,0,0,0,0,0,0,0,0,1,1,0,0,1,0,0,0,0,0,71,0,0,0,0,0,0,0,0,0,994101.9943916798,198846.70242200792,1
0,0,1,0,0,0,0,0,0,0,0,0,0,0,0,0,0,1,1,0,0,1,0,0,0,0,0,72,0,0,0,0,0,0,0,0,0,981194.2780811787,203703.01816867292,1
0,0,0,0,0,1,0,0,0,0,0,0,0,0,0,0,0,1,0,0,0,0,0,0,0,0,0,73,1,0,0,0,0,0,1,0,0,981380.7996897548,206104.43396951258,1
0,0,1,0,0,0,0,0,1,0,0,1,0,0,0,0,0,1,0,0,0,0,0,0,0,0,0,74,0,0,0,0,0,0,0,0,0,987296.1290664226,201153.30870117247,1
0,0,0,0,0,1,0,0,0,0,0,0,0,0,0,0,0,1,0,0,0,0,0,0,0,0,0,75,1,0,0,0,0,0,1,0,0,987520.5216622502,201065.9532328397,1
0,0,0,0,1,0,0,0,0,0,0,0,0,0,0,0,0,1,0,0,0,0,0,0,0,0,0,76,1,0,0,0,0,1,0,0,0,987867.4599447548,201950.35107034445,1
0,0,1,0,0,0,0,0,0,0,0,0,0,0,0,0,0,1,0,0,0,0,0,0,0,0,0,77,1,0,0,1,0,0,0,0,0,989541.5740505904,208109.00640392303,1
0,0,0,0,1,0,0,0,0,0,0,0,0,0,0,0,0,1,1,0,0,0,0,1,0,0,0,78,0,0,0,0,0,0,0,0,0,982080.5719122589,211623.82220892608,1
0,1,0,0,0,0,0,0,0,0,0,0,0,0,0,0,0,1,0,0,0,0,0,0,0,0,0,79,1,0,1,0,0,0,0,0,0,988857.5596705973,218368.12925833464,1
1,0,0,0,0,0,0,0,0,0,0,0,0,0,0,0,0,1,0,0,0,0,0,0,0,0,0,80,1,1,0,0,0,0,0,0,0,989803.3845505863,210046.9585647583,1
0,0,0,0,1,0,0,0,0,0,0,0,0,0,0,0,0,1,1,0,0,0,0,1,0,0,0,81,0,0,0,0,0,0,0,0,0,987653.5857005864,221766.4065825045,1
0,0,0,1,0,0,0,0,0,0,0,0,0,0,0,0,0,1,0,0,0,0,0,0,0,0,0,82,1,0,0,0,1,0,0,0,0,989219.6554030925,223012.6967408359,1
0,0,0,0,0,1,0,0,0,0,0,0,0,0,0,0,0,1,0,0,0,0,0,0,0,0,0,83,1,0,0,0,0,0,1,0,0,997925.4316266775,204873.21235059202,1
0,0,0,1,0,0,0,0,0,0,0,0,0,0,0,0,0,1,0,0,0,0,0,0,0,0,0,84,1,0,0,0,1,0,0,0,0,990886.236715585,213047.94009558856,1
0,0,0,1,0,0,0,0,1,0,0,0,1,0,0,0,0,1,0,0,0,0,0,0,0,0,0,85,0,0,0,0,0,0,0,0,0,991591.4944914281,213275.31824976206,1
1,0,0,0,0,0,0,0,0,0,0,0,0,0,0,0,0,1,0,0,0,0,0,0,0,0,0,86,1,1,0,0,0,0,0,0,0,993633.4421791732,216961.01593084633,1
1,0,0,0,0,0,0,0,0,0,0,0,0,0,0,0,0,1,0,0,0,0,0,0,0,0,0,87,1,1,0,0,0,0,0,0,0,994521.3373850137,215551.29434083402,1
1,0,0,0,1,0,0,0,1,0,0,0,0,1,0,0,0,2,0,0,0,0,0,0,0,0,0,88,1,1,0,0,0,0,0,0,0,994136.1773941666,216385.5446408391,1
0,0,0,1,0,0,0,0,0,0,0,0,0,0,0,0,0,1,0,0,0,0,0,0,0,0,0,89,1,0,0,0,1,0,0,0,0,991292.9845897555,227402.8615169227,1
0,0,1,0,0,0,0,0,0,0,0,0,0,0,0,0,0,1,0,0,0,0,0,0,0,0,0,90,1,0,0,1,0,0,0,0,0,992857.4965525866,227437.87522642314,1
0,0,0,0,0,0,1,0,0,0,0,0,0,0,0,0,0,1,0,0,0,0,0,0,0,0,0,91,1,0,0,0,0,0,0,1,0,995005.3456033468,222592.81208191812,1
0,0,0,1,0,0,0,0,0,0,0,0,0,0,0,0,0,1,0,0,0,0,0,0,0,0,0,92,1,0,0,0,1,0,0,0,0,996698.7280433476,221027.46121001244,1
0,0,0,0,0,0,0,1,0,0,0,0,0,0,0,0,0,1,0,0,0,0,0,0,0,0,0,93,1,0,0,0,0,0,0,0,1,996600.4441191703,222314.1023375094,1
0,0,1,0,0,0,0,0,0,0,0,0,0,0,0,0,0,1,0,0,0,0,0,0,0,0,0,94,1,0,0,1,0,0,0,0,0,998004.5554841757,221839.3034183383,1
0,0,0,0,0,0,0,1,0,0,0,0,0,0,0,0,0,1,0,0,0,0,0,0,0,0,0,95,1,0,0,0,0,0,0,0,1,998950.2228841782,232870.3308969289,1
0,0,1,0,0,0,0,0,0,0,0,0,0,0,0,0,0,1,0,0,0,0,0,0,0,0,0,96,1,0,0,1,0,0,0,0,0,1008362.8251219243,143612.46741825342,1
0,0,0,0,0,0,1,0,0,0,0,0,0,0,0,0,0,1,0,0,0,0,0,0,0,0,0,97,1,0,0,0,0,0,0,1,0,1001237.4591233432,154115.18558600545,1
0,0,0,0,2,0,0,0,0,0,0,0,0,0,0,0,0,2,2,0,0,0,0,2,0,0,0,98,0,0,0,0,0,0,0,0,0,1002199.4122519195,163557.06269958615,1
0,0,0,0,1,0,0,0,0,0,0,0,0,0,0,0,0,1,0,0,0,0,0,0,0,0,0,99,1,0,0,0,0,1,0,0,0,1003724.8980460912,169814.39926625788,1
0,1,0,0,0,0,0,0,0,0,0,0,0,0,0,0,0,1,1,0,1,0,0,0,0,0,0,100,0,0,0,0,0,0,0,0,0,1003855.639254421,173231.13094983995,1
0,0,0,0,1,0,0,0,0,0,0,0,0,0,0,0,0,1,1,0,0,0,0,1,0,0,0,101,0,0,0,0,0,0,0,0,0,1004765.2338919193,171785.002280429,1
0,1,0,0,0,0,0,0,0,0,0,0,0,0,0,0,0,1,1,0,1,0,0,0,0,0,0,102,0,0,0,0,0,0,0,0,0,1005454.1563985944,176287.4043648392,1
0,0,0,0,0,1,0,0,0,0,0,0,0,0,0,0,0,1,0,0,0,0,0,0,0,0,0,103,1,0,0,0,0,0,1,0,0,1007085.9051035941,177648.07749649882,1
0,0,0,0,0,0,0,1,0,0,0,0,0,0,0,0,0,1,1,0,0,0,0,0,0,0,1,104,0,0,0,0,0,0,0,0,0,1008319.6690402627,170821.1324890107,1
1,0,0,0,0,0,0,0,0,0,0,0,0,0,0,0,0,1,1,1,0,0,0,0,0,0,0,105,0,0,0,0,0,0,0,0,0,1008591.5877877623,172971.42346400023,1
0,0,0,0,0,0,1,0,1,0,0,0,0,0,0,1,0,1,0,0,0,0,0,0,0,0,0,106,0,0,0,0,0,0,0,0,0,1000510.4953541756,186298.53558926284,1
0,0,1,0,0,0,0,0,0,0,0,0,0,0,0,0,0,1,0,0,0,0,0,0,0,0,0,107,1,0,0,1,0,0,0,0,0,1009518.820185259,180676.037319839,1
0,0,0,1,0,0,0,0,0,0,0,0,0,0,0,0,0,1,0,0,0,0,0,0,0,0,0,108,1,0,0,0,1,0,0,0,0,1004311.7407044172,195804.36598700285,1
0,0,0,1,0,0,0,0,1,0,0,0,1,0,0,0,0,1,0,0,0,0,0,0,0,0,0,109,0,0,0,0,0,0,0,0,0,1004136.9185475111,198151.05420701206,1
0,0,0,0,0,0,1,0,1,0,0,0,0,0,0,1,0,1,0,0,0,0,0,0,0,0,0,110,0,0,0,0,0,0,0,0,0,1006253.3477135897,191009.93364675343,1
1,0,0,0,0,0,0,0,0,0,0,0,0,0,0,0,0,1,0,0,0,0,0,0,0,0,0,111,1,1,0,0,0,0,0,0,0,1008193.7408144176,195336.87348367274,1
0,0,0,0,0,0,0,1,0,0,0,0,0,0,0,0,0,1,0,0,0,0,0,0,0,0,0,112,1,0,0,0,0,0,0,0,1,1009638.7182394266,195502.4935592562,1
1,0,0,0,0,0,0,0,0,0,0,0,0,0,0,0,0,1,1,1,0,0,0,0,0,0,0,113,0,0,0,0,0,0,0,0,0,1009989.3212127537,156408.49136683345,1
0,0,0,0,0,0,1,0,0,0,0,0,0,0,0,0,0,1,0,0,0,0,0,0,0,0,0,114,1,0,0,0,0,0,0,1,0,1012327.4103685915,173192.4141637534,1
0,0,0,1,0,0,0,0,0,0,0,0,0,0,0,0,0,1,0,0,0,0,0,0,0,0,0,115,1,0,0,0,1,0,0,0,0,1016879.992798835,175542.66175983846,1
0,0,0,0,0,0,0,1,0,0,0,0,0,0,0,0,0,1,0,0,0,0,0,0,0,0,0,116,1,0,0,0,0,0,0,0,1,1012861.3725552559,185482.24457092583,1
0,1,0,0,0,0,0,0,1,0,1,0,0,0,0,0,0,1,0,0,0,0,0,0,0,0,0,117,0,0,0,0,0,0,0,0,0,1016405.6991280019,180257.71466566622,1
0,0,0,1,0,0,0,0,0,0,0,0,0,0,0,0,0,1,0,0,0,0,0,0,0,0,0,118,1,0,0,0,1,0,0,0,0,1011783.8681485951,194965.66687700152,1
1,0,0,0,0,0,0,0,1,1,0,0,0,0,0,0,0,1,0,0,0,0,0,0,0,0,0,119,0,0,0,0,0,0,0,0,0,1011651.1059469283,199648.14766950905,1
0,0,0,0,2,0,0,0,0,0,0,0,0,0,0,0,0,2,2,0,0,0,0,2,0,0,0,120,0,0,0,0,0,0,0,0,0,1029373.6354624182,175809.50833900273,1
0,0,0,0,0,0,0,1,0,0,0,0,0,0,0,0,0,1,1,0,0,0,0,0,0,0,1,121,0,0,0,0,0,0,0,0,0,1023569.3622940928,184914.00095675886,1
0,0,0,0,0,1,0,0,0,0,0,0,0,0,0,0,0,1,1,0,0,0,0,0,1,0,0,122,0,0,0,0,0,0,0,0,0,1028444.8643540889,180691.55205258727,1
0,1,0,0,0,0,0,0,0,0,0,0,0,0,0,0,0,1,0,0,0,0,0,0,0,0,0,123,1,0,1,0,0,0,0,0,0,1023324.1432963461,191611.33008176088,1
0,0,0,0,1,0,0,0,0,0,0,0,0,0,0,0,0,1,0,0,0,0,0,0,0,0,0,124,1,0,0,0,0,1,0,0,0,1023129.1240013391,198651.97184033692,1
0,1,0,0,0,0,0,0,0,0,0,0,0,0,0,0,0,1,0,0,0,0,0,0,0,0,0,125,1,0,1,0,0,0,0,0,0,1025245.700804919,192030.57793092728,1
1,0,0,0,0,0,0,0,0,0,0,0,0,0,0,0,0,1,0,0,0,0,0,0,0,0,0,126,1,1,0,0,0,0,0,0,0,1031623.8081274182,189531.7443459183,1
0,0,0,0,0,0,1,0,0,0,0,0,0,0,0,0,0,1,0,0,0,0,0,0,0,0,0,127,1,0,0,0,0,0,0,1,0,1033013.4113193452,189338.9396134168,1
0,0,0,0,0,0,0,1,0,0,0,0,0,0,0,0,0,1,0,0,0,0,0,0,0,0,0,128,1,0,0,0,0,0,0,0,1,1034393.4643335044,185661.78489425778,1
0,0,0,1,0,0,0,0,0,0,0,0,0,0,0,0,0,1,1,0,0,0,1,0,0,0,0,129,0,0,0,0,0,0,0,0,0,1037642.4932685047,183749.94193316996,1
0,0,0,1,0,0,0,0,0,0,0,0,0,0,0,0,0,1,0,0,0,0,0,0,0,0,0,130,1,0,0,0,1,0,0,0,0,1036161.331532672,192575.0712645054,1
0,0,0,0,0,0,0,1,0,0,0,0,0,0,0,0,0,1,0,0,0,0,0,0,0,0,0,131,1,0,0,0,0,0,0,0,1,1037773.8020610064,199334.7723120004,1
0,0,0,1,0,0,0,0,0,0,0,0,0,0,0,0,0,1,0,0,0,0,0,0,0,0,0,132,1,0,0,0,1,0,0,0,0,1048627.4545662552,179944.39508233964,1
0,1,0,0,0,0,0,0,1,0,1,0,0,0,0,0,0,1,0,0,0,0,0,0,0,0,0,133,0,0,0,0,0,0,0,0,0,1041434.5132435113,182521.89648900926,1
1,0,0,0,0,0,0,0,0,0,0,0,0,0,0,0,0,1,1,1,0,0,0,0,0,0,0,134,0,0,0,0,0,0,0,0,0,1042022.7630512565,186836.03451424837,1
0,0,1,0,0,0,0,0,0,0,0,0,0,0,0,0,0,1,0,0,0,0,0,0,0,0,0,135,1,0,0,1,0,0,0,0,0,1046606.0609712601,182695.87251900136,1
0,0,0,0,1,0,0,0,0,0,0,0,0,0,0,0,0,1,0,0,0,0,0,0,0,0,0,136,1,0,0,0,0,1,0,0,0,1049368.5915354192,183564.18771150708,1
0,0,0,0,0,0,0,1,0,0,0,0,0,0,0,0,0,1,0,0,0,0,0,0,0,0,0,137,1,0,0,0,0,0,0,0,1,1041635.1329210103,198580.9582028389,1
0,0,0,0,0,0,0,1,0,0,0,0,0,0,0,0,0,1,0,0,0,0,0,0,0,0,0,138,1,0,0,0,0,0,0,0,1,1045845.1569812596,190710.14422008395,1
0,0,1,0,0,0,0,0,0,0,0,0,0,0,0,0,0,1,1,0,0,1,0,0,0,0,0,139,0,0,0,0,0,0,0,0,0,1047020.0135554224,199895.17145366967,1
0,0,0,1,0,0,0,0,0,0,0,0,0,0,0,0,0,1,1,0,0,0,1,0,0,0,0,140,0,0,0,0,0,0,0,0,0,1051435.8344481736,180997.14527341723,1
0,0,0,0,0,0,1,0,0,0,0,0,0,0,0,0,0,1,0,0,0,0,0,0,0,0,0,141,1,0,0,0,0,0,0,1,0,1058777.5717331767,198834.19588534534,1
0,0,0,1,0,0,0,0,0,0,0,0,0,0,0,0,0,1,1,0,0,0,1,0,0,0,0,142,0,0,0,0,0,0,0,0,0,1004568.4554140866,207597.91031324863,1
0,0,0,0,0,1,0,0,0,0,0,0,0,0,0,0,0,1,1,0,0,0,0,0,1,0,0,143,0,0,0,0,0,0,0,0,0,1008130.010626927,202659.6669089198,1
0,0,0,1,0,0,0,0,0,0,0,0,0,0,0,0,0,1,0,0,0,0,0,0,0,0,0,144,1,0,0,0,1,0,0,0,0,1003172.0287450105,218075.77091917396,1
0,0,0,0,0,0,1,0,0,0,0,0,0,0,0,0,0,1,0,0,0,0,0,0,0,0,0,145,1,0,0,0,0,0,0,1,0,1001478.7676958442,229652.6798519194,1
0,0,0,0,0,0,1,0,0,0,0,0,0,0,0,0,0,1,0,0,0,0,0,0,0,0,0,146,1,0,0,0,0,0,0,1,0,1009481.1496569216,221592.8537800014,1
0,0,0,0,0,0,1,0,1,0,0,0,0,0,0,1,0,1,0,0,0,0,0,0,0,0,0,147,0,0,0,0,0,0,0,0,0,1001375.4640966803,230930.32493442297,1
0,0,0,0,0,1,0,0,0,0,0,0,0,0,0,0,0,1,0,0,0,0,0,0,0,0,0,148,1,0,0,0,0,0,1,0,0,1001373.934900254,239099.90800467134,1
0,0,0,1,0,0,0,0,0,0,0,0,0,0,0,0,0,1,0,0,0,0,0,0,0,0,0,149,1,0,0,0,1,0,0,0,0,1002032.9558919221,236328.73933441937,1
0,1,0,0,0,0,0,0,0,0,0,0,0,0,0,0,0,1,0,0,0,0,0,0,0,0,0,150,1,0,1,0,0,0,0,0,0,1004367.8888860941,237508.8449138403,1
0,1,0,0,0,0,0,0,0,0,0,0,0,0,0,0,0,1,1,0,1,0,0,0,0,0,0,151,0,0,0,0,0,0,0,0,0,1005629.7826877534,237083.16006967425,1
0,0,0,0,1,0,0,0,0,0,0,0,0,0,0,0,0,1,1,0,0,0,0,1,0,0,0,152,0,0,0,0,0,0,0,0,0,1007790.7068435848,236191.87576299906,1
0,1,0,0,0,0,0,0,0,0,0,0,0,0,0,0,0,1,0,0,0,0,0,0,0,0,0,153,1,0,1,0,0,0,0,0,0,1000385.0133216679,244743.8402863443,1
0,0,0,0,0,1,0,0,0,0,0,0,0,0,0,0,0,1,0,0,0,0,0,0,0,0,0,154,1,0,0,0,0,0,1,0,0,1001167.514709428,247022.67070242763,1
1,0,0,0,0,0,0,0,0,0,0,0,0,0,0,0,0,1,1,1,0,0,0,0,0,0,0,155,0,0,0,0,0,0,0,0,0,1008278.6815894246,247720.17258825898,1
0,0,0,0,0,1,0,0,0,0,0,0,0,0,0,0,0,1,0,0,0,0,0,0,0,0,0,156,1,0,0,0,0,0,1,0,0,1003048.5706585944,251819.44588576257,1
1,0,0,0,0,0,0,0,0,0,0,0,0,0,0,0,0,1,1,1,0,0,0,0,0,0,0,157,0,0,0,0,0,0,0,0,0,1008032.1991427541,256676.68354658782,1
0,0,0,0,0,0,0,1,0,0,0,0,0,0,0,0,0,1,1,0,0,0,0,0,0,0,1,158,0,0,0,0,0,0,0,0,0,1016117.0021988451,200572.1648503393,1
0,0,0,0,0,0,1,0,0,0,0,0,0,0,0,0,0,1,0,0,0,0,0,0,0,0,0,159,1,0,0,0,0,0,0,1,0,1015044.274685502,210136.58108891547,1
0,0,1,0,0,0,0,0,0,0,0,0,0,0,0,0,0,1,0,0,0,0,0,0,0,0,0,160,1,0,0,1,0,0,0,0,0,1015324.513626337,218809.06341584027,1
0,1,0,0,0,0,0,0,1,0,1,0,0,0,0,0,0,1,0,0,0,0,0,0,0,0,0,161,0,0,0,0,0,0,0,0,0,1017849.8005705029,212666.8877080828,1
0,0,0,0,1,0,0,0,0,0,0,0,0,0,0,0,0,1,0,0,0,0,0,0,0,0,0,162,1,0,0,0,0,1,0,0,0,1012977.782755509,236701.16313025355,1
0,0,0,0,1,0,0,0,0,0,0,0,0,0,0,0,0,1,0,0,0,0,0,0,0,0,0,163,1,0,0,0,0,1,0,0,0,1013337.9952896684,238402.51438634098,1
0,0,0,0,0,0,1,0,0,0,0,0,0,0,0,0,0,1,1,0,0,0,0,0,0,1,0,164,0,0,0,0,0,0,0,0,0,1012596.8455252498,241474.9918371737,1
0,0,0,0,0,0,0,1,0,0,0,0,0,0,0,0,0,1,0,0,0,0,0,0,0,0,0,165,1,0,0,0,0,0,0,0,1,1014086.4357219189,245712.79832217097,1
0,0,0,0,0,0,1,0,1,0,0,0,0,0,0,1,0,1,0,0,0,0,0,0,0,0,0,166,0,0,0,0,0,0,0,0,0,1014373.3639538437,247301.80072158575,1
0,0,0,0,0,0,0,1,0,0,0,0,0,0,0,0,0,1,0,0,0,0,0,0,0,0,0,167,1,0,0,0,0,0,0,0,1,1011255.726160258,255782.1574485004,1
0,0,0,0,1,0,0,0,1,0,0,0,0,1,0,0,0,1,0,0,0,0,0,0,0,0,0,168,0,0,0,0,0,0,0,0,0,1013788.3618430048,252570.94372658432,1
0,0,0,0,1,0,0,0,0,0,0,0,0,0,0,0,0,1,0,0,0,0,0,0,0,0,0,169,1,0,0,0,0,1,0,0,0,1013968.2269688398,252807.4458782524,1
0,0,0,0,0,1,0,0,0,0,0,0,0,0,0,0,0,1,0,0,0,0,0,0,0,0,0,170,1,0,0,0,0,0,1,0,0,1014186.7075030059,253299.20342491567,1
0,0,0,0,0,0,0,1,0,0,0,0,0,0,0,0,0,1,0,0,0,0,0,0,0,0,0,171,1,0,0,0,0,0,0,0,1,1019758.3859921694,259418.31487433612,1
0,0,1,0,0,0,0,0,0,0,0,0,0,0,0,0,0,1,0,0,0,0,0,0,0,0,0,172,1,0,0,1,0,0,0,0,0,1011002.0258802623,270877.527192086,1
0,0,1,0,0,0,0,0,0,0,0,0,0,0,0,0,0,1,0,0,0,0,0,0,0,0,0,173,1,0,0,1,0,0,0,0,0,1025122.210238263,206587.9956664294,1
0,0,0,0,1,0,0,0,0,0,0,0,0,0,0,0,0,1,0,0,0,0,0,0,0,0,0,174,1,0,0,0,0,1,0,0,0,1025736.4380124211,206835.85934391618,1
1,0,0,0,0,0,0,0,0,0,0,0,0,0,0,0,0,1,0,0,0,0,0,0,0,0,0,175,1,1,0,0,0,0,0,0,0,1028665.0509215891,201481.05082784593,1
0,1,0,0,0,0,0,0,0,0,0,0,0,0,0,0,0,1,1,0,1,0,0,0,0,0,0,176,0,0,0,0,0,0,0,0,0,1023610.4419363439,214989.3141655922,1
0,0,0,1,0,0,0,0,0,0,0,0,0,0,0,0,0,1,1,0,0,0,1,0,0,0,0,177,0,0,0,0,0,0,0,0,0,1022547.5664374232,239449.67764633894,1
0,1,0,0,0,0,0,0,0,0,0,0,0,0,0,0,0,1,0,0,0,0,0,0,0,0,0,178,1,0,1,0,0,0,0,0,0,1023756.4616574198,237245.05279050767,1
1,0,0,0,0,0,0,0,0,0,0,0,0,0,0,0,0,1,0,0,0,0,0,0,0,0,0,179,1,1,0,0,0,0,0,0,0,1027730.1085657626,239551.87232384086,1
0,0,0,0,0,0,1,0,0,0,0,0,0,0,0,0,0,1,0,0,0,0,0,0,0,0,0,180,1,0,0,0,0,0,0,1,0,1024683.0017990917,248692.00463408232,1
1,0,0,0,0,0,0,0,1,1,0,0,0,0,0,0,0,1,0,0,0,0,0,0,0,0,0,181,0,0,0,0,0,0,0,0,0,1021013.6328255087,257845.71303267777,1
0,0,0,0,0,1,0,0,0,0,0,0,0,0,0,0,0,1,1,0,0,0,0,0,1,0,0,182,0,0,0,0,0,0,0,0,0,1021591.5578507632,258067.08070017397,1
0,0,0,0,0,1,0,0,0,0,0,0,0,0,0,0,0,1,0,0,0,0,0,0,0,0,0,183,1,0,0,0,0,0,1,0,0,1026495.5933182538,256638.6157093346,1
0,0,0,1,0,0,0,0,0,0,0,0,0,0,0,0,0,1,0,0,0,0,0,0,0,0,0,184,1,0,0,0,1,0,0,0,0,1026729.2345832586,256481.3555251658,1
0,0,0,0,0,0,1,0,0,0,0,0,0,0,0,0,0,1,0,0,0,0,0,0,0,0,0,185,1,0,0,0,0,0,0,1,0,1027312.914518252,258806.00638766587,1
0,0,0,0,0,0,1,0,0,0,0,0,0,0,0,0,0,1,1,0,0,0,0,0,0,1,0,186,0,0,0,0,0,0,0,0,0,1027947.148814097,263005.8241035044,1
0,0,0,1,0,0,0,0,0,0,0,0,0,0,0,0,0,1,0,0,0,0,0,0,0,0,0,187,1,0,0,0,1,0,0,0,0,1027475.994900763,264626.4274895936,1
0,0,0,0,0,0,0,1,1,0,0,0,0,0,0,0,1,1,0,0,0,0,0,0,0,0,0,188,0,0,0,0,0,0,0,0,0,1031493.5885715932,215553.04335309565,1
0,0,0,0,1,0,0,0,0,0,0,0,0,0,0,0,0,1,0,0,0,0,0,0,0,0,0,189,1,0,0,0,0,1,0,0,0,1031855.6875849217,217647.7665258348,1
1,0,0,0,0,0,0,0,0,0,0,0,0,0,0,0,0,1,0,0,0,0,0,0,0,0,0,190,1,1,0,0,0,0,0,0,0,1036906.0249251723,225858.90135025978,1
1,0,0,0,0,0,0,0,0,0,0,0,0,0,0,0,0,1,0,0,0,0,0,0,0,0,0,191,1,1,0,0,0,0,0,0,0,1043409.5519443452,204375.18874034286,1
0,0,0,0,1,0,0,0,0,0,0,0,0,0,0,0,0,1,1,0,0,0,0,1,0,0,0,192,0,0,0,0,0,0,0,0,0,1041768.6920370907,211415.020133093,1
0,0,0,0,0,0,1,0,0,0,0,0,0,0,0,0,0,1,0,0,0,0,0,0,0,0,0,193,1,0,0,0,0,0,0,1,0,1046183.3813704252,212325.68727500737,1
0,0,0,0,0,1,0,0,0,0,0,0,0,0,0,0,0,1,0,0,0,0,0,0,0,0,0,194,1,0,0,0,0,0,1,0,0,1047649.0674154311,216199.57388417423,1
0,0,0,0,1,0,0,0,0,0,0,0,0,0,0,0,0,1,1,0,0,0,0,1,0,0,0,195,0,0,0,0,0,0,0,0,0,1041654.4747458398,251190.09839117527,1
0,0,0,1,0,0,0,0,0,0,0,0,0,0,0,0,0,1,0,0,0,0,0,0,0,0,0,196,1,0,0,0,1,0,0,0,0,1051229.4966062605,209277.17992058396,1
1,0,0,0,0,0,0,0,0,0,0,0,0,0,0,0,0,1,0,0,0,0,0,0,0,0,0,197,1,1,0,0,0,0,0,0,0,1052653.5849654227,202155.96745701134,1
0,0,0,0,0,0,0,1,0,0,0,0,0,0,0,0,0,1,0,0,0,0,0,0,0,0,0,198,1,0,0,0,0,0,0,0,1,1054491.5766962618,207442.11797392368,1
0,0,0,1,0,0,0,0,0,0,0,0,0,0,0,0,0,1,0,0,0,0,0,0,0,0,0,199,1,0,0,0,1,0,0,0,0,1059829.9712031782,202952.65877699852,1
0,0,0,1,0,0,0,0,0,0,0,0,0,0,0,0,0,1,1,0,0,0,1,0,0,0,0,200,0,0,0,0,0,0,0,0,0,1059630.5818381757,214335.60451500118,1
0,0,0,0,0,0,0,1,0,0,0,0,0,0,0,0,0,1,1,0,0,0,0,0,0,0,1,201,0,0,0,0,0,0,0,0,0,926101.1812465936,142158.67111325264,1
0,2,0,0,0,0,0,0,0,0,0,0,0,0,0,0,0,2,2,0,2,0,0,0,0,0,0,202,0,0,0,0,0,0,0,0,0,934903.1912015975,144682.90490992367,1
0,1,0,0,0,0,0,0,0,0,0,0,0,0,0,0,0,1,1,0,1,0,0,0,0,0,0,203,0,0,0,0,0,0,0,0,0,1018730.6944780052,212004.83850724995,1
0,0,0,0,0,1,0,0,0,0,0,0,0,0,0,0,0,1,0,0,0,0,0,0,0,0,0,204,1,0,0,0,0,0,1,0,0,1031355.0783499181,199420.2806711793,1
0,1,0,0,0,0,0,0,0,0,0,0,0,0,0,0,0,1,1,0,1,0,0,0,0,0,0,205,0,0,0,0,0,0,0,0,0,1005875.2175643444,182846.6911150068,1
0,0,1,0,0,0,0,0,0,0,0,0,0,0,0,0,0,1,1,0,0,1,0,0,0,0,0,206,0,0,0,0,0,0,0,0,0,1013726.6759427637,198851.8598920107,1
0,0,0,1,0,0,0,0,0,0,0,0,0,0,0,0,0,1,0,0,0,0,0,0,0,0,0,207,1,0,0,0,1,0,0,0,0,1007387.5088310838,250662.0991190821,1
0,0,0,0,0,0,1,0,0,0,0,0,0,0,0,0,0,1,0,0,0,0,0,0,0,0,0,208,1,0,0,0,0,0,0,1,0,947752.5368939191,172616.1935314238,1
0,0,0,1,0,0,0,0,0,0,0,0,0,0,0,0,0,1,1,0,0,0,1,0,0,0,0,209,0,0,0,0,0,0,0,0,0,1027163.2776784301,249067.24305683374,1
0,0,0,0,0,0,1,0,0,0,0,0,0,0,0,0,0,1,1,0,0,0,0,0,0,1,0,210,0,0,0,0,0,0,0,0,0,1026705.4518224299,251834.69847992063,1
0,0,0,1,0,0,0,0,0,0,0,0,0,0,0,0,0,1,0,0,0,0,0,0,0,0,0,211,1,0,0,0,1,0,0,0,0,1020855.1702159196,248573.3447664231,1
0,0,0,0,0,0,0,1,0,0,0,0,0,0,0,0,0,1,0,0,0,0,0,0,0,0,0,212,1,0,0,0,0,0,0,0,1,1002536.0401875973,231433.2038499266,1
0,0,0,1,0,0,0,0,0,0,0,0,0,0,0,0,0,1,0,0,0,0,0,0,0,0,0,213,1,0,0,0,1,0,0,0,0,1005769.966134429,244078.90395216644,1
0,0,0,0,0,1,0,0,0,0,0,0,0,0,0,0,0,1,1,0,0,0,0,0,1,0,0,214,0,0,0,0,0,0,0,0,0,1005270.5773694217,175565.56558541954,1
0,0,0,1,0,0,0,0,0,0,0,0,0,0,0,0,0,1,0,0,0,0,0,0,0,0,0,215,1,0,0,0,1,0,0,0,0,989210.7508933395,222689.4559175074,1
0,0,1,0,0,0,0,0,0,0,0,0,0,0,0,0,0,1,1,0,0,1,0,0,0,0,0,216,0,0,0,0,0,0,0,0,0,1046113.9789501727,202347.1248830855,1
0,0,0,0,1,0,0,0,0,0,0,0,0,0,0,0,0,1,0,0,0,0,0,0,0,0,0,1,1,0,0,0,0,1,0,0,0,1015306.4624813348,244373.6933888346,2
0,0,0,1,0,0,0,0,0,0,0,0,0,0,0,0,0,1,1,0,0,0,1,0,0,0,0,2,0,0,0,0,0,0,0,0,0,920247.1407893449,131603.72929666936,2
1,0,0,0,0,0,0,0,0,0,0,0,0,0,0,0,0,1,0,0,0,0,0,0,0,0,0,3,1,1,0,0,0,0,0,0,0,937477.8582963347,165774.25380325317,2
0,0,0,1,0,0,0,0,0,0,0,0,0,0,0,0,0,1,0,0,0,0,0,0,0,0,0,4,1,0,0,0,1,0,0,0,0,944104.9798845947,137455.7937080115,2
0,0,0,0,1,0,0,0,0,0,0,0,0,0,0,0,0,1,1,0,0,0,0,1,0,0,0,5,0,0,0,0,0,0,0,0,0,944585.2348295897,138025.18233300745,2
0,0,1,0,0,0,0,0,0,0,0,0,0,0,0,0,0,1,0,0,0,0,0,0,0,0,0,6,1,0,0,1,0,0,0,0,0,947659.8743495941,159937.95609267056,2
0,0,0,0,0,1,0,0,0,0,0,0,0,0,0,0,0,1,1,0,0,0,0,0,1,0,0,7,0,0,0,0,0,0,0,0,0,947525.1305245906,167502.57318125665,2
0,0,0,0,0,0,0,1,0,0,0,0,0,0,0,0,0,1,1,0,0,0,0,0,0,0,1,8,0,0,0,0,0,0,0,0,0,954221.7112915069,147737.85614909232,2
1,0,0,0,0,0,0,0,0,0,0,0,0,0,0,0,0,1,1,1,0,0,0,0,0,0,0,9,0,0,0,0,0,0,0,0,0,957250.2518223375,156198.97078850865,2
0,0,1,0,0,0,0,0,0,0,0,0,0,0,0,0,0,1,1,0,0,1,0,0,0,0,0,10,0,0,0,0,0,0,0,0,0,953888.4081523418,163190.87248708308,2
0,0,1,0,0,0,0,0,0,0,0,0,0,0,0,0,0,1,1,0,0,1,0,0,0,0,0,11,0,0,0,0,0,0,0,0,0,958597.5322642624,173946.52978150547,2
1,0,0,0,0,0,0,0,0,0,0,0,0,0,0,0,0,1,1,1,0,0,0,0,0,0,0,12,0,0,0,0,0,0,0,0,0,979822.1810878366,164796.9519520849,2
0,0,0,1,0,0,0,0,0,0,0,0,0,0,0,0,0,1,0,0,0,0,0,0,0,0,0,13,1,0,0,0,1,0,0,0,0,978582.449971512,173195.80293650925,2
0,0,0,0,1,0,0,0,0,0,0,0,0,0,0,0,0,1,0,0,0,0,0,0,0,0,0,14,1,0,0,0,0,1,0,0,0,985665.5942697525,147989.5879290849,2
0,0,0,0,0,0,0,1,0,0,0,0,0,0,0,0,0,1,0,0,0,0,0,0,0,0,0,15,1,0,0,0,0,0,0,0,1,982536.1881270111,159288.61355933547,2
0,0,0,0,1,0,0,0,0,0,0,0,0,0,0,0,0,1,0,0,0,0,0,0,0,0,0,16,1,0,0,0,0,1,0,0,0,985863.7349495888,155541.32577833533,2
0,0,0,0,0,0,1,0,0,0,0,0,0,0,0,0,0,1,0,0,0,0,0,0,0,0,0,17,1,0,0,0,0,0,0,1,0,985473.7475405931,157957.21530351043,2
0,0,1,0,0,0,0,0,1,0,0,1,0,0,0,0,0,1,0,0,0,0,0,0,0,0,0,18,0,0,0,0,0,0,0,0,0,989586.4722547531,157307.51187850535,2
0,0,0,0,1,0,0,0,0,0,0,0,0,0,0,0,0,1,0,0,0,0,0,0,0,0,0,19,1,0,0,0,0,1,0,0,0,987852.8864830881,160069.94073684514,2
0,0,0,1,0,0,0,0,1,0,0,0,1,0,0,0,0,1,0,0,0,0,0,0,0,0,0,20,0,0,0,0,0,0,0,0,0,989283.8711539209,164034.6273612529,2
0,0,0,0,0,0,0,1,0,0,0,0,0,0,0,0,0,1,0,0,0,0,0,0,0,0,0,21,1,0,0,0,0,0,0,0,1,980416.323272258,173081.7779020816,2
0,0,0,1,0,0,0,0,0,0,0,0,0,0,0,0,0,1,0,0,0,0,0,0,0,0,0,22,1,0,0,0,1,0,0,0,0,981674.2013339251,173413.54856400192,2
0,0,0,1,0,0,0,0,1,0,0,0,1,0,0,0,0,1,0,0,0,0,0,0,0,0,0,23,0,0,0,0,0,0,0,0,0,982911.7808797508,170106.70511208475,2
0,0,0,0,0,0,1,0,0,0,0,0,0,0,0,0,0,1,0,0,0,0,0,0,0,0,0,24,1,0,0,0,0,0,0,1,0,983973.8620889187,177570.71544650197,2
0,0,0,0,0,0,0,1,0,0,0,0,0,0,0,0,0,1,0,0,0,0,0,0,0,0,0,25,1,0,0,0,0,0,0,0,1,984478.7757772505,173183.55886650085,2
0,0,0,0,0,1,0,0,0,0,0,0,0,0,0,0,0,1,1,0,0,0,0,0,1,0,0,26,0,0,0,0,0,0,0,0,0,984639.0740130842,179699.9926840067,2
0,0,0,0,0,1,0,0,0,0,0,0,0,0,0,0,0,1,0,0,0,0,0,0,0,0,0,27,1,0,0,0,0,0,1,0,0,987443.0513447523,173158.34270958602,2
0,0,0,0,0,0,1,0,0,0,0,0,0,0,0,0,0,1,0,0,0,0,0,0,0,0,0,28,1,0,0,0,0,0,0,1,0,983146.6491764188,187884.79554009438,2
0,0,0,0,0,0,1,0,0,0,0,0,0,0,0,0,0,1,0,0,0,0,0,0,0,0,0,29,1,0,0,0,0,0,0,1,0,984485.4522730857,184276.73517091572,2
0,0,0,0,0,0,0,1,0,0,0,0,0,0,0,0,0,1,0,0,0,0,0,0,0,0,0,30,1,0,0,0,0,0,0,0,1,986267.4467405975,199349.3556161672,2
0,0,1,0,0,0,0,0,0,0,0,0,0,0,0,0,0,1,0,0,0,0,0,0,0,0,0,31,1,0,0,1,0,0,0,0,0,993522.9601166695,152253.11549125612,2
0,0,0,0,0,0,1,0,0,0,0,0,0,0,0,0,0,1,0,0,0,0,0,0,0,0,0,32,1,0,0,0,0,0,0,1,0,994099.7535825074,157962.62867850065,2
0,0,1,0,0,0,0,0,0,0,0,0,0,0,0,0,0,1,0,0,0,0,0,0,0,0,0,33,1,0,0,1,0,0,0,0,0,997077.034373343,156179.184082672,2
0,0,0,1,0,0,0,0,0,0,0,0,0,0,0,0,0,1,0,0,0,0,0,0,0,0,0,34,1,0,0,0,1,0,0,0,0,993641.1229380965,166857.1414012611,2
0,0,0,0,0,0,0,1,0,0,0,0,0,0,0,0,0,1,1,0,0,0,0,0,0,0,1,35,0,0,0,0,0,0,0,0,0,993917.8707441688,166897.21349959075,2
0,0,0,0,0,1,0,0,0,0,0,0,0,0,0,0,0,1,0,0,0,0,0,0,0,0,0,36,1,0,0,0,0,0,1,0,0,994695.5332308412,161513.11698433757,2
0,0,1,0,0,0,0,0,0,0,0,0,0,0,0,0,0,1,0,0,0,0,0,0,0,0,0,37,1,0,0,1,0,0,0,0,0,997377.0862666667,160189.20887100697,2
0,0,0,0,0,1,0,0,0,0,0,0,0,0,0,0,0,1,1,0,0,0,0,0,1,0,0,38,0,0,0,0,0,0,0,0,0,996289.1911327541,169020.44645783305,2
0,0,0,1,0,0,0,0,0,0,0,0,0,0,0,0,0,1,1,0,0,0,1,0,0,0,0,39,0,0,0,0,0,0,0,0,0,991436.5965072513,170982.54325541854,2
0,1,0,0,0,0,0,0,0,0,0,0,0,0,0,0,0,1,0,0,0,0,0,0,0,0,0,40,1,0,1,0,0,0,0,0,0,991438.7716997564,173650.78890317678,2
0,0,0,1,0,0,0,0,0,0,0,0,0,0,0,0,0,1,1,0,0,0,1,0,0,0,0,41,0,0,0,0,0,0,0,0,0,993989.0517041683,175624.8728815019,2
0,0,0,0,0,1,0,0,0,0,0,0,0,0,0,0,0,1,0,0,0,0,0,0,0,0,0,42,1,0,0,0,0,0,1,0,0,995387.1722675115,178144.3691548407,2
0,0,0,0,1,0,0,0,0,0,0,0,0,0,0,0,0,1,1,0,0,0,0,1,0,0,0,43,0,0,0,0,0,0,0,0,0,996980.3908658475,174885.4189798385,2
0,0,1,0,0,0,0,0,0,0,0,0,0,0,0,0,0,1,0,0,0,0,0,0,0,0,0,44,1,0,0,1,0,0,0,0,0,996375.2444383353,177931.1609198451,2
0,1,0,0,0,0,0,0,0,0,0,0,0,0,0,0,0,1,0,0,0,0,0,0,0,0,0,45,1,0,1,0,0,0,0,0,0,992818.3256991804,190469.55743092299,2
0,0,0,0,0,0,0,1,0,0,0,0,0,0,0,0,0,1,0,0,0,0,0,0,0,0,0,46,1,0,0,0,0,0,0,0,1,994962.2288916707,196856.89669033885,2
0,0,0,1,0,0,0,0,0,0,0,0,0,0,0,0,0,1,0,0,0,0,0,0,0,0,0,47,1,0,0,0,1,0,0,0,0,994704.1585416794,197921.99298533797,2
0,0,0,1,0,0,0,0,0,0,0,0,0,0,0,0,0,1,0,0,0,0,0,0,0,0,0,48,1,0,0,0,1,0,0,0,0,996167.7317300141,193934.4291100949,2
0,0,0,1,0,0,0,0,1,0,0,0,1,0,0,0,0,1,0,0,0,0,0,0,0,0,0,49,0,0,0,0,0,0,0,0,0,996695.3330370039,198159.85012117028,2
0,0,0,1,0,0,0,0,0,0,0,0,0,0,0,0,0,1,1,0,0,0,1,0,0,0,0,50,0,0,0,0,0,0,0,0,0,999039.3500025123,197134.56017699838,2
0,0,1,0,0,0,0,0,1,0,0,1,0,0,0,0,0,1,0,0,0,0,0,0,0,0,0,51,0,0,0,0,0,0,0,0,0,982965.1698805839,202085.147060588,2
0,0,0,0,0,0,0,1,0,0,0,0,0,0,0,0,0,1,0,0,0,0,0,0,0,0,0,52,1,0,0,0,0,0,0,0,1,985086.1400480866,200331.5714995116,2
0,0,1,0,0,0,0,0,1,0,0,1,0,0,0,0,0,1,0,0,0,0,0,0,0,0,0,53,0,0,0,0,0,0,0,0,0,986219.2742647529,201581.8770697564,2
0,0,1,0,0,0,0,0,0,0,0,0,0,0,0,0,0,1,0,0,0,0,0,0,0,0,0,54,1,0,0,1,0,0,0,0,0,987520.5216622502,201065.9532328397,2
1,0,0,0,0,0,0,0,0,0,0,0,0,0,0,0,0,1,0,0,0,0,0,0,0,0,0,55,1,1,0,0,0,0,0,0,0,988786.0867164284,208210.5317914188,2
0,0,1,0,0,0,0,0,0,0,0,0,0,0,0,0,0,1,0,0,0,0,0,0,0,0,0,56,1,0,0,1,0,0,0,0,0,984014.9578072578,211482.3657989204,2
0,0,0,0,1,0,0,0,0,0,0,0,0,0,0,0,0,1,1,0,0,0,0,1,0,0,0,57,0,0,0,0,0,0,0,0,0,984928.4074239284,211276.20807474852,2
1,0,0,0,0,0,0,0,1,1,0,0,0,0,0,0,0,1,0,0,0,0,0,0,0,0,0,58,0,0,0,0,0,0,0,0,0,984639.4906789213,212609.63388559222,2
1,0,0,0,0,0,0,0,0,0,0,0,0,0,0,0,0,1,1,1,0,0,0,0,0,0,0,59,0,0,0,0,0,0,0,0,0,984973.7977530956,216939.51991084218,2
0,1,0,0,0,0,0,0,0,0,0,0,0,0,0,0,0,1,0,0,0,0,0,0,0,0,0,60,1,0,1,0,0,0,0,0,0,985015.9564614296,218404.2610758394,2
0,0,0,0,1,0,0,0,0,0,0,0,0,0,0,0,0,1,0,0,0,0,0,0,0,0,0,61,1,0,0,0,0,1,0,0,0,986932.9342547506,216750.59312333167,2
0,1,0,0,0,0,0,0,0,0,0,0,0,0,0,0,0,1,0,0,0,0,0,0,0,0,0,62,1,0,1,0,0,0,0,0,0,987356.7785514295,213803.36148500443,2
0,1,0,0,0,0,0,0,0,0,0,0,0,0,0,0,0,1,0,0,0,0,0,0,0,0,0,63,1,0,1,0,0,0,0,0,0,987419.0848572552,219486.61127333343,2
0,0,0,0,1,0,0,0,0,0,0,0,0,0,0,0,0,1,0,0,0,0,0,0,0,0,0,64,1,0,0,0,0,1,0,0,0,987524.5636489242,221533.86439667642,2
0,0,0,1,0,0,0,0,0,0,0,0,0,0,0,0,0,1,0,0,0,0,0,0,0,0,0,65,1,0,0,0,1,0,0,0,0,997925.4316266775,204873.21235059202,2
0,0,0,0,0,0,0,1,0,0,0,0,0,0,0,0,0,1,0,0,0,0,0,0,0,0,0,66,1,0,0,0,0,0,0,0,1,992481.9188916683,219090.39159333706,2
1,0,0,0,0,0,0,0,0,0,0,0,0,0,0,0,0,1,0,0,0,0,0,0,0,0,0,67,1,1,0,0,0,0,0,0,0,993350.2147272527,214988.37256641686,2
0,0,0,0,1,0,0,0,0,0,0,0,0,0,0,0,0,1,0,0,0,0,0,0,0,0,0,68,1,0,0,0,0,1,0,0,0,994386.6230875105,215306.52448917925,2
0,0,0,1,0,0,0,0,0,0,0,0,0,0,0,0,0,1,0,0,0,0,0,0,0,0,0,69,1,0,0,0,1,0,0,0,0,991569.4699291736,223262.74873417616,2
0,0,1,0,0,0,0,0,0,0,0,0,0,0,0,0,0,1,0,0,0,0,0,0,0,0,0,70,1,0,0,1,0,0,0,0,0,992718.381673336,229049.8136035949,2
0,0,0,0,0,1,0,0,0,0,0,0,0,0,0,0,0,1,1,0,0,0,0,0,1,0,0,71,0,0,0,0,0,0,0,0,0,994536.7933908403,224035.35545666516,2
0,1,0,0,0,0,0,0,0,0,0,0,0,0,0,0,0,1,0,0,0,0,0,0,0,0,0,72,1,0,1,0,0,0,0,0,0,997979.6050747633,220318.75134134293,2
0,0,1,0,0,0,0,0,0,0,0,0,0,0,0,0,0,1,0,0,0,0,0,0,0,0,0,73,1,0,0,1,0,0,0,0,0,998787.6313458383,223251.1575500071,2
0,0,1,0,0,0,0,0,1,0,0,1,0,0,0,0,0,1,0,0,0,0,0,0,0,0,0,74,0,0,0,0,0,0,0,0,0,998902.5218640864,225002.86566075683,2
0,0,0,0,1,0,0,0,0,0,0,0,0,0,0,0,0,1,0,0,0,0,0,0,0,0,0,75,1,0,0,0,0,1,0,0,0,993143.9231450856,231233.27577209473,2
0,0,1,0,0,0,0,0,0,0,0,0,0,0,0,0,0,1,0,0,0,0,0,0,0,0,0,76,1,0,0,1,0,0,0,0,0,995800.9168468416,234613.48849983513,2
0,0,0,0,1,0,0,0,0,0,0,0,0,0,0,0,0,1,0,0,0,0,0,0,0,0,0,77,1,0,0,0,0,1,0,0,0,997784.0605183393,232620.1312660873,2
0,0,0,0,0,0,0,1,0,0,0,0,0,0,0,0,0,1,1,0,0,0,0,0,0,0,1,78,0,0,0,0,0,0,0,0,0,997850.2788898349,241052.59340375662,2
0,0,1,0,0,0,0,0,0,0,0,0,0,0,0,0,0,1,0,0,0,0,0,0,0,0,0,79,1,0,0,1,0,0,0,0,0,1000858.0402627587,154848.5207335055,2
0,1,0,0,0,0,0,0,0,0,0,0,0,0,0,0,0,1,1,0,1,0,0,0,0,0,0,80,0,0,0,0,0,0,0,0,0,1004084.9599900097,152491.29447683692,2
0,0,0,0,1,0,0,0,0,0,0,0,0,0,0,0,0,1,0,0,0,0,0,0,0,0,0,81,1,0,0,0,0,1,0,0,0,1004330.608776927,167430.25049126148,2
0,0,1,0,0,0,0,0,0,0,0,0,0,0,0,0,0,1,1,0,0,1,0,0,0,0,0,82,0,0,0,0,0,0,0,0,0,1004273.1974744201,168142.762189582,2
0,0,0,0,0,0,1,0,0,0,0,0,0,0,0,0,0,1,0,0,0,0,0,0,0,0,0,83,1,0,0,0,0,0,0,1,0,1005319.7176910937,161091.28711934388,2
0,0,0,0,0,0,0,1,0,0,0,0,0,0,0,0,0,1,1,0,0,0,0,0,0,0,1,84,0,0,0,0,0,0,0,0,0,1005769.0245352536,161455.80049791932,2
0,0,0,0,1,0,0,0,1,0,0,0,0,1,0,0,0,1,0,0,0,0,0,0,0,0,0,85,0,0,0,0,0,0,0,0,0,1005426.1774519235,163999.90630209446,2
0,0,0,1,0,0,0,0,0,0,0,0,0,0,0,0,0,1,0,0,0,0,0,0,0,0,0,86,1,0,0,0,1,0,0,0,0,1009037.3349277526,169115.89016458392,2
0,0,0,0,1,0,0,0,0,0,0,0,0,0,0,0,0,1,0,0,0,0,0,0,0,0,0,87,1,0,0,0,0,1,0,0,0,1003617.0373694301,176136.2137223333,2
0,0,0,1,0,0,0,0,0,0,0,0,0,0,0,0,0,1,1,0,0,0,1,0,0,0,0,88,0,0,0,0,0,0,0,0,0,1003371.2504594177,179118.86195650697,2
0,0,0,0,1,0,0,0,1,0,0,0,0,1,0,0,0,1,0,0,0,0,0,0,0,0,0,89,0,0,0,0,0,0,0,0,0,1004313.0071060956,177549.0947548449,2
0,0,1,0,0,0,0,0,0,0,0,0,0,0,0,0,0,1,0,0,0,0,0,0,0,0,0,90,1,0,0,1,0,0,0,0,0,1005454.1563985944,176287.4043648392,2
0,0,0,1,0,0,0,0,0,0,0,0,0,0,0,0,0,1,1,0,0,0,1,0,0,0,0,91,0,0,0,0,0,0,0,0,0,1006749.1603702605,172669.18653567135,2
1,0,0,0,0,0,0,0,0,0,0,0,0,0,0,0,0,1,1,1,0,0,0,0,0,0,0,92,0,0,0,0,0,0,0,0,0,1006234.4763602614,179016.60166233778,2
0,0,1,0,0,0,0,0,0,0,0,0,0,0,0,0,0,1,0,0,0,0,0,0,0,0,0,93,1,0,0,1,0,0,0,0,0,1007389.5298244208,173166.2295048386,2
0,0,0,0,0,0,1,0,0,0,0,0,0,0,0,0,0,1,0,0,0,0,0,0,0,0,0,94,1,0,0,0,0,0,0,1,0,1001821.9326919168,183054.1329573393,2
1,0,0,0,0,0,0,0,0,0,0,0,0,0,0,0,0,1,1,1,0,0,0,0,0,0,0,95,0,0,0,0,0,0,0,0,0,1004158.2931766808,186039.1004125923,2
0,1,0,0,0,0,0,0,0,0,0,0,0,0,0,0,0,1,1,0,1,0,0,0,0,0,0,96,0,0,0,0,0,0,0,0,0,1007236.6561144292,187965.39577259123,2
0,0,0,0,0,0,1,0,0,0,0,0,0,0,0,0,0,1,0,0,0,0,0,0,0,0,0,97,1,0,0,0,0,0,0,1,0,1009448.59066692,185083.84969842434,2
0,0,0,1,0,0,0,0,1,0,0,0,1,0,0,0,0,1,0,0,0,0,0,0,0,0,0,98,0,0,0,0,0,0,0,0,0,1000499.494720012,199173.5160728395,2
0,0,0,0,0,0,0,1,0,0,0,0,0,0,0,0,0,1,0,0,0,0,0,0,0,0,0,99,1,0,0,0,0,0,0,0,1,1000516.2053165138,199669.9294500947,2
0,0,0,0,0,0,1,0,0,0,0,0,0,0,0,0,0,1,0,0,0,0,0,0,0,0,0,100,1,0,0,0,0,0,0,1,0,1002212.3288927525,193214.0893434286,2
0,0,0,0,1,0,0,0,1,0,0,0,0,1,0,0,0,1,0,0,0,0,0,0,0,0,0,101,0,0,0,0,0,0,0,0,0,1002826.0747125,197706.9638878405,2
0,0,0,0,0,0,1,0,1,0,0,0,0,0,0,1,0,1,0,0,0,0,0,0,0,0,0,102,0,0,0,0,0,0,0,0,0,1004672.8653102517,199430.81870783865,2
0,1,0,0,0,0,0,0,0,0,0,0,0,0,0,0,0,1,0,0,0,0,0,0,0,0,0,103,1,0,1,0,0,0,0,0,0,1005816.5014744252,191335.7860134244,2
0,0,0,0,1,0,0,0,0,0,0,0,0,0,0,0,0,1,0,0,0,0,0,0,0,0,0,104,1,0,0,0,0,1,0,0,0,1005803.926040262,193018.77444534004,2
0,0,0,1,0,0,0,0,1,0,0,0,1,0,0,0,0,1,0,0,0,0,0,0,0,0,0,105,0,0,0,0,0,0,0,0,0,1005578.2243919224,194023.4837220013,2
0,0,0,0,0,0,1,0,0,0,0,0,0,0,0,0,0,1,0,0,0,0,0,0,0,0,0,106,1,0,0,0,0,0,0,1,0,1010857.4198702574,171942.10826542974,2
0,0,0,0,0,0,1,0,0,0,0,0,0,0,0,0,0,1,1,0,0,0,0,0,0,1,0,107,0,0,0,0,0,0,0,0,0,1017514.0400871783,174793.67703734338,2
0,0,0,0,1,0,0,0,1,0,0,0,0,1,0,0,0,1,0,0,0,0,0,0,0,0,0,108,0,0,0,0,0,0,0,0,0,1015937.8194863349,179991.7637540102,2
0,1,0,0,0,0,0,0,0,0,0,0,0,0,0,0,0,1,0,0,0,0,0,0,0,0,0,109,1,0,1,0,0,0,0,0,0,1017313.9190963358,184899.64074926078,2
0,0,0,0,0,1,0,0,0,0,0,0,0,0,0,0,0,1,1,0,0,0,0,0,1,0,0,110,0,0,0,0,0,0,0,0,0,1016784.9273721725,191528.03267617524,2
0,0,0,0,0,1,0,1,0,0,0,0,0,0,0,0,0,2,0,0,0,0,0,0,0,0,0,111,2,0,0,0,0,0,1,0,1,1021331.0498415977,188208.05604842305,2
0,0,0,0,0,0,1,0,0,0,0,0,0,0,0,0,0,1,1,0,0,0,0,0,0,1,0,112,0,0,0,0,0,0,0,0,0,1022682.9503530115,182649.72431734204,2
0,0,0,0,1,0,0,0,0,0,0,0,0,0,0,0,0,1,0,0,0,0,0,0,0,0,0,113,1,0,0,0,0,1,0,0,0,1026705.7274124175,189213.6773967594,2
0,0,0,0,1,0,0,0,0,0,0,0,0,0,0,0,0,1,0,0,0,0,0,0,0,0,0,114,1,0,0,0,0,1,0,0,0,1025581.7237549275,198155.48989367485,2
0,1,0,0,0,0,0,0,0,0,0,0,0,0,0,0,0,1,0,0,0,0,0,0,0,0,0,115,1,0,1,0,0,0,0,0,0,1026173.4351699203,190024.37131342292,2
0,0,0,1,0,0,0,0,0,0,0,0,0,0,0,0,0,1,1,0,0,0,1,0,0,0,0,116,0,0,0,0,0,0,0,0,0,1026492.9095965922,197397.38445450366,2
0,0,0,0,1,0,0,0,1,0,0,0,0,1,0,0,0,1,0,0,0,0,0,0,0,0,0,117,0,0,0,0,0,0,0,0,0,1033769.141763255,163340.74423459172,2
0,0,0,0,0,1,0,0,0,0,0,0,0,0,0,0,0,1,1,0,0,0,0,0,1,0,0,118,0,0,0,0,0,0,0,0,0,1032981.8303457499,181510.45494234562,2
0,0,1,0,0,0,0,0,0,0,0,0,0,0,0,0,0,1,0,0,0,0,0,0,0,0,0,119,1,0,0,1,0,0,0,0,0,1033939.4563832581,183624.11213234067,2
0,0,0,0,0,1,0,0,0,0,0,0,0,0,0,0,0,1,1,0,0,0,0,0,1,0,0,120,0,0,0,0,0,0,0,0,0,1037753.4608943462,188732.28728342056,2
0,1,0,0,0,0,0,0,0,0,0,0,0,0,0,0,0,1,1,0,1,0,0,0,0,0,0,121,0,0,0,0,0,0,0,0,0,1035483.7771135122,194174.25474591553,2
0,0,0,0,1,0,0,0,0,0,0,0,0,0,0,0,0,1,0,0,0,0,0,0,0,0,0,122,1,0,0,0,0,1,0,0,0,1039868.0826493353,191837.13671675324,2
0,0,0,0,1,0,0,0,0,0,0,0,0,0,0,0,0,1,0,0,0,0,0,0,0,0,0,123,1,0,0,0,0,1,0,0,0,1049477.062447086,187565.8263617605,2
0,0,0,1,0,0,0,0,0,0,0,0,0,0,0,0,0,1,0,0,0,0,0,0,0,0,0,124,1,0,0,0,1,0,0,0,0,1042636.6565085053,195044.59716534615,2
0,0,0,0,0,0,0,1,0,0,0,0,0,0,0,0,0,1,0,0,0,0,0,0,0,0,0,125,1,0,0,0,0,0,0,0,1,1045792.9723743349,199502.57053284347,2
0,0,0,1,0,0,0,0,0,0,0,0,0,0,0,0,0,1,1,0,0,0,1,0,0,0,0,126,0,0,0,0,0,0,0,0,0,1055342.027751252,156531.55542516708,2
0,0,0,1,0,0,0,0,0,0,0,0,0,0,0,0,0,1,0,0,0,0,0,0,0,0,0,127,1,0,0,0,1,0,0,0,0,1056439.3283781707,179734.5103315115,2
0,0,0,0,0,0,1,0,0,0,0,0,0,0,0,0,0,1,1,0,0,0,0,0,0,1,0,128,0,0,0,0,0,0,0,0,0,1052248.0608420968,186359.31958842278,2
0,0,0,0,1,0,0,0,0,0,0,0,0,0,0,0,0,1,1,0,0,0,0,1,0,0,0,129,0,0,0,0,0,0,0,0,0,1053117.110941261,182159.7613864988,2
0,0,0,1,0,0,0,0,0,0,0,0,0,0,0,0,0,1,1,0,0,0,1,0,0,0,0,130,0,0,0,0,0,0,0,0,0,1057864.2221819311,184293.358497262,2
0,0,0,1,0,0,0,0,0,0,0,0,0,0,0,0,0,1,0,0,0,0,0,0,0,0,0,131,1,0,0,0,1,0,0,0,0,1058651.105450675,184873.5318775922,2
0,0,0,0,0,1,0,0,0,0,0,0,0,0,0,0,0,1,1,0,0,0,0,0,1,0,0,132,0,0,0,0,0,0,0,0,0,1052180.0360437632,195470.32137951255,2
0,0,1,0,0,0,0,0,0,0,0,0,0,0,0,0,0,1,0,0,0,0,0,0,0,0,0,133,1,0,0,1,0,0,0,0,0,1006309.8633485883,208676.2985764295,2
0,0,0,1,0,0,0,0,0,0,0,0,0,0,0,0,0,1,0,0,0,0,0,0,0,0,0,134,1,0,0,0,1,0,0,0,0,1000090.9948808402,214734.3901347518,2
0,0,0,1,0,0,0,0,0,0,0,0,0,0,0,0,0,1,1,0,0,0,1,0,0,0,0,135,0,0,0,0,0,0,0,0,0,1004405.0180769265,216053.68539641798,2
1,0,0,0,0,0,0,0,0,0,0,0,0,0,0,0,0,1,0,0,0,0,0,0,0,0,0,136,1,1,0,0,0,0,0,0,0,1006472.0447827578,218416.8299483359,2
0,0,0,0,1,0,0,0,0,0,0,0,0,0,0,0,0,1,0,0,0,0,0,0,0,0,0,137,1,0,0,0,0,1,0,0,0,1001478.7676958442,229652.6798519194,2
1,0,0,0,0,0,0,0,1,1,0,0,0,0,0,0,0,1,0,0,0,0,0,0,0,0,0,138,0,0,0,0,0,0,0,0,0,1000233.7767475098,233081.31144608557,2
0,0,0,0,1,0,0,0,0,0,0,0,0,0,0,0,0,1,0,0,0,0,0,0,0,0,0,139,1,0,0,0,0,1,0,0,0,1001575.4735391736,232338.60262967646,2
1,0,0,0,0,0,0,0,0,0,0,0,0,0,0,0,0,1,0,0,0,0,0,0,0,0,0,140,1,1,0,0,0,0,0,0,0,1001112.0033375025,238627.70094384253,2
0,0,0,0,0,1,0,0,0,0,0,0,0,0,0,0,0,1,0,0,0,0,0,0,0,0,0,141,1,0,0,0,0,0,1,0,0,1002142.7493075132,230804.35077692568,2
0,0,0,1,0,0,0,0,0,0,0,0,0,0,0,0,0,1,0,0,0,0,0,0,0,0,0,142,1,0,0,0,1,0,0,0,0,1005537.5059694201,236831.48406383395,2
0,0,1,0,0,0,0,0,0,0,0,0,0,0,0,0,0,1,1,0,0,1,0,0,0,0,0,143,0,0,0,0,0,0,0,0,0,1006319.9026985914,231810.64797692,2
1,0,0,0,0,0,0,0,0,0,0,0,0,0,0,0,0,1,0,0,0,0,0,0,0,0,0,144,1,1,0,0,0,0,0,0,0,1007913.8886838406,232774.53974992037,2
1,0,0,0,0,0,0,0,0,0,0,0,0,0,0,0,0,1,0,0,0,0,0,0,0,0,0,145,1,1,0,0,0,0,0,0,0,1009098.9424160868,231134.85208442807,2
0,0,0,0,1,0,0,0,0,0,0,0,0,0,0,0,0,1,0,0,0,0,0,0,0,0,0,146,1,0,0,0,0,1,0,0,0,1009516.2447310835,239520.06464467943,2
0,0,0,0,1,0,0,0,1,0,0,0,0,1,0,0,0,1,0,0,0,0,0,0,0,0,0,147,0,0,0,0,0,0,0,0,0,1000911.340681091,247944.52253325284,2
0,0,0,1,0,0,0,0,0,0,0,0,0,0,0,0,0,1,0,0,0,0,0,0,0,0,0,148,1,0,0,0,1,0,0,0,0,1003725.1277044266,249865.33562076092,2
0,0,0,0,0,2,0,0,0,0,0,0,0,0,0,0,0,2,2,0,0,0,0,0,2,0,0,149,0,0,0,0,0,0,0,0,0,1006260.99828884,242011.1249512583,2
0,0,0,0,0,0,1,0,0,0,0,0,0,0,0,0,0,1,1,0,0,0,0,0,0,1,0,150,0,0,0,0,0,0,0,0,0,1014630.4533346742,203680.74787200987,2
0,0,0,1,0,0,0,0,0,0,0,0,0,0,0,0,0,1,0,0,0,0,0,0,0,0,0,151,1,0,0,0,1,0,0,0,0,1016717.6834121794,209952.6083597541,2
0,0,0,0,0,0,1,0,0,0,0,0,0,0,0,0,0,1,0,0,0,0,0,0,0,0,0,152,1,0,0,0,0,0,0,1,0,1019879.9966413379,209783.63560058177,2
0,0,0,0,0,0,1,0,0,0,0,0,0,0,0,0,0,1,0,0,0,0,0,0,0,0,0,153,1,0,0,0,0,0,0,1,0,1011020.0737444311,210931.85180808604,2
1,0,0,0,0,0,0,0,0,0,0,0,0,0,0,0,0,1,0,0,0,0,0,0,0,0,0,154,1,1,0,0,0,0,0,0,0,1012811.0967371762,214910.9970650077,2
1,0,0,0,0,0,0,0,0,0,0,0,0,0,0,0,0,1,0,0,0,0,0,0,0,0,0,155,1,1,0,0,0,0,0,0,0,1012222.9355119169,238430.58519634604,2
1,0,0,0,0,0,0,0,0,0,0,0,0,0,0,0,0,1,0,0,0,0,0,0,0,0,0,156,1,1,0,0,0,0,0,0,0,1011595.4859794229,244670.9434505105,2
0,0,0,1,0,0,0,0,0,0,0,0,0,0,0,0,0,1,0,0,0,0,0,0,0,0,0,157,1,0,0,0,1,0,0,0,0,1013486.8929577619,249662.10111908615,2
0,0,0,0,0,0,1,0,0,0,0,0,0,0,0,0,0,1,0,0,0,0,0,0,0,0,0,158,1,0,0,0,0,0,0,1,0,1011924.5794813335,251675.46323408186,2
1,0,0,0,0,0,0,0,0,0,0,0,0,0,0,0,0,1,0,0,0,0,0,0,0,0,0,159,1,1,0,0,0,0,0,0,0,1014703.169724673,256087.2129407525,2
0,0,0,0,0,1,0,0,0,0,0,0,0,0,0,0,0,1,0,0,0,0,0,0,0,0,0,160,1,0,0,0,0,0,1,0,0,1015381.3212555051,252482.33497992158,2
0,0,2,0,0,0,0,0,0,0,0,0,0,0,0,0,0,2,2,0,0,2,0,0,0,0,0,161,0,0,0,0,0,0,0,0,0,1017226.3011613339,251574.649787426,2
0,0,0,0,0,0,1,0,0,0,0,0,0,0,0,0,0,1,0,0,0,0,0,0,0,0,0,162,1,0,0,0,0,0,0,1,0,1012885.0339252502,268830.48404209316,2
0,0,0,0,0,1,0,0,0,0,0,0,0,0,0,0,0,1,0,0,0,0,0,0,0,0,0,163,1,0,0,0,0,0,1,0,0,1015858.7120330036,260156.57783350348,2
1,0,0,0,0,0,0,0,0,0,0,0,0,0,0,0,0,1,0,0,0,0,0,0,0,0,0,164,1,1,0,0,0,0,0,0,0,1020933.0588396788,202589.23069809377,2
0,1,0,0,0,0,0,0,0,0,0,0,0,0,0,0,0,1,1,0,1,0,0,0,0,0,0,165,0,0,0,0,0,0,0,0,0,1020176.2493296713,206536.06040284038,2
0,0,0,0,0,0,1,0,0,0,0,0,0,0,0,0,0,1,0,0,0,0,0,0,0,0,0,166,1,0,0,0,0,0,0,1,0,1025447.6164115965,207571.4812322557,2
0,1,0,0,0,0,0,0,0,0,0,0,0,0,0,0,0,1,0,0,0,0,0,0,0,0,0,167,1,0,1,0,0,0,0,0,0,1020968.1896749288,215260.85857000947,2
0,0,0,0,1,0,0,0,1,0,0,0,0,1,0,0,0,1,0,0,0,0,0,0,0,0,0,168,0,0,0,0,0,0,0,0,0,1021198.2361308336,212411.24747133255,2
0,0,0,0,0,1,0,0,0,0,0,0,0,0,0,0,0,1,0,0,0,0,0,0,0,0,0,169,1,0,0,0,0,0,1,0,0,1022116.9570624232,243713.30068075657,2
1,0,0,0,0,0,0,0,0,0,0,0,0,0,0,0,0,1,1,1,0,0,0,0,0,0,0,170,0,0,0,0,0,0,0,0,0,1023853.60713242,246630.3653846681,2
0,1,0,0,0,0,0,0,0,0,0,0,0,0,0,0,0,1,0,0,0,0,0,0,0,0,0,171,1,0,1,0,0,0,0,0,0,1025893.9672249258,240048.64626467228,2
0,0,0,1,0,0,0,0,0,0,0,0,0,0,0,0,0,1,0,0,0,0,0,0,0,0,0,172,1,0,0,0,1,0,0,0,0,1025706.3235713392,241096.31149217486,2
0,0,0,1,0,0,0,0,0,0,0,0,0,0,0,0,0,1,0,0,0,0,0,0,0,0,0,173,1,0,0,0,1,0,0,0,0,1025146.275150761,244015.7672674209,2
0,0,0,0,0,1,0,0,0,0,0,0,0,0,0,0,0,1,1,0,0,0,0,0,1,0,0,174,0,0,0,0,0,0,0,0,0,1025712.5240182579,243290.96589550376,2
0,0,0,0,0,0,1,0,0,0,0,0,0,0,0,0,0,1,1,0,0,0,0,0,0,1,0,175,0,0,0,0,0,0,0,0,0,1027857.165398255,245478.2151299268,2
0,0,0,0,0,1,0,0,0,0,0,0,0,0,0,0,0,1,1,0,0,0,0,0,1,0,0,176,0,0,0,0,0,0,0,0,0,1028866.8352949172,240965.7015171796,2
0,0,1,0,0,0,0,0,0,0,0,0,0,0,0,0,0,1,0,0,0,0,0,0,0,0,0,177,1,0,0,1,0,0,0,0,0,1021218.7206699252,254612.42914491892,2
1,0,0,0,0,0,0,0,0,0,0,0,0,0,0,0,0,1,0,0,0,0,0,0,0,0,0,178,1,1,0,0,0,0,0,0,0,1025440.9861755073,253693.21182325482,2
0,0,0,0,0,1,0,0,0,0,0,0,0,0,0,0,0,1,0,0,0,0,0,0,0,0,0,179,1,0,0,0,0,0,1,0,0,1025621.4021532536,268476.4361937493,2
1,0,0,0,0,0,0,0,0,0,0,0,0,0,0,0,0,1,0,0,0,0,0,0,0,0,0,180,1,1,0,0,0,0,0,0,0,1027767.3886749297,263627.4698418379,2
1,0,0,0,0,0,0,0,0,0,0,0,0,0,0,0,0,1,0,0,0,0,0,0,0,0,0,181,1,1,0,0,0,0,0,0,0,1027072.7739224285,266004.2167287618,2
0,0,0,0,0,0,0,1,0,0,0,0,0,0,0,0,0,1,0,0,0,0,0,0,0,0,0,182,1,0,0,0,0,0,0,0,1,1036879.1581810117,202753.83371533453,2
0,0,0,0,0,0,0,1,0,0,0,0,0,0,0,0,0,1,0,0,0,0,0,0,0,0,0,183,1,0,0,0,0,0,0,0,1,1039633.3882368356,202726.36985950172,2
0,0,0,0,1,0,0,0,0,0,0,0,0,0,0,0,0,1,0,0,0,0,0,0,0,0,0,184,1,0,0,0,0,1,0,0,0,1032940.0453243405,213238.50729975104,2
0,0,0,0,0,0,0,1,0,0,0,0,0,0,0,0,0,1,0,0,0,0,0,0,0,0,0,185,1,0,0,0,0,0,0,0,1,1033237.384296596,215555.76316392422,2
0,0,0,0,0,1,0,0,0,0,0,0,0,0,0,0,0,1,1,0,0,0,0,0,1,0,0,186,0,0,0,0,0,0,0,0,0,1033092.4826835096,259916.38146351278,2
0,0,0,0,0,0,0,1,0,0,0,0,0,0,0,0,0,1,0,0,0,0,0,0,0,0,0,187,1,0,0,0,0,0,0,0,1,1044383.0667295903,206450.3450230956,2
0,0,0,1,0,0,0,0,0,0,0,0,0,0,0,0,0,1,0,0,0,0,0,0,0,0,0,188,1,0,0,0,1,0,0,0,0,1049539.5032670945,201275.45412617922,2
0,0,0,0,1,0,0,0,0,0,0,0,0,0,0,0,0,1,1,0,0,0,0,1,0,0,0,189,0,0,0,0,0,0,0,0,0,1054804.295559004,200222.58549700677,2
1,0,0,0,0,0,0,0,0,0,0,0,0,0,0,0,0,1,0,0,0,0,0,0,0,0,0,190,1,1,0,0,0,0,0,0,0,982056.9171039164,202939.98130892217,2
0,0,0,0,0,0,1,0,0,0,0,0,0,0,0,0,0,1,0,0,0,0,0,0,0,0,0,191,1,0,0,0,0,0,0,1,0,995159.0198366791,180082.15071234107,2
0,0,0,1,0,0,0,0,0,0,0,0,0,0,0,0,0,1,1,0,0,0,1,0,0,0,0,192,0,0,0,0,0,0,0,0,0,1007137.4240294248,231364.4218352586,2
0,0,0,0,0,0,0,1,1,0,0,0,0,0,0,0,1,1,0,0,0,0,0,0,0,0,0,193,0,0,0,0,0,0,0,0,0,1032796.4074882567,198642.06372366846,2
1,0,0,0,0,0,0,0,0,0,0,0,0,0,0,0,0,1,1,1,0,0,0,0,0,0,0,194,0,0,0,0,0,0,0,0,0,1050788.5033937544,158515.42612934113,2
0,0,0,1,0,0,0,0,0,0,0,0,0,0,0,0,0,1,0,0,0,0,0,0,0,0,0,195,1,0,0,0,1,0,0,0,0,1008597.4604794234,253236.8216599226,2
0,0,0,0,0,2,0,0,0,0,0,0,0,0,0,0,0,2,1,0,0,0,0,0,1,0,0,196,1,0,0,0,0,0,1,0,0,1000633.3202397525,212847.60913142562,2
0,0,1,0,0,0,0,0,0,0,0,0,0,0,0,0,0,1,0,0,0,0,0,0,0,0,0,197,1,0,0,1,0,0,0,0,0,1019855.3241185099,205630.8840635866,2
0,0,0,0,0,1,0,0,0,0,0,0,0,0,0,0,0,1,1,0,0,0,0,0,1,0,0,198,0,0,0,0,0,0,0,0,0,984643.2636372596,217724.54130667448,2
0,0,0,0,0,0,2,0,0,0,0,0,0,0,0,0,0,2,2,0,0,0,0,0,0,2,0,199,0,0,0,0,0,0,0,0,0,1008326.7457977533,232263.9475952536,2
1,0,0,0,0,0,0,0,0,0,0,0,0,0,0,0,0,1,0,0,0,0,0,0,0,0,0,200,1,1,0,0,0,0,0,0,0,1013649.2443390936,253353.0937370956,2
0,0,0,0,0,0,1,0,0,0,0,0,0,0,0,0,0,1,1,0,0,0,0,0,0,1,0,201,0,0,0,0,0,0,0,0,0,1020873.2062690854,251532.00223492086,2
0,0,0,0,0,1,0,0,0,0,0,0,0,0,0,0,0,1,0,0,0,0,0,0,0,0,0,202,1,0,0,0,0,0,1,0,0,987029.5308463424,207192.1959015876,2
0,0,0,0,1,0,0,0,0,0,0,0,0,0,0,0,0,1,0,0,0,0,0,0,0,0,0,203,1,0,0,0,0,1,0,0,0,1032668.8614835143,209565.59797891974,2
0,0,2,0,0,0,0,0,0,0,0,0,0,0,0,0,0,2,2,0,0,2,0,0,0,0,0,204,0,0,0,0,0,0,0,0,0,1012093.4213352501,209217.39329475164,2
2,0,0,0,0,0,0,0,0,0,0,0,0,0,0,0,0,2,0,0,0,0,0,0,0,0,0,205,2,2,0,0,0,0,0,0,0,1004031.2547168434,241435.8961148411,2
0,0,0,0,1,0,0,0,0,0,0,0,0,0,0,0,0,1,1,0,0,0,0,1,0,0,0,1,0,0,0,0,0,0,0,0,0,966166.0945549309,158371.5957083404,3
0,0,0,0,0,0,1,0,0,0,0,0,0,0,0,0,0,1,0,0,0,0,0,0,0,0,0,2,1,0,0,0,0,0,0,1,0,1011974.8552994281,185902.63415008783,3
0,0,1,0,0,0,0,0,0,0,0,0,0,0,0,0,0,1,0,0,0,0,0,0,0,0,0,3,1,0,0,1,0,0,0,0,0,1021106.6132825911,185624.15701675415,3
0,0,0,0,0,0,1,0,0,0,0,0,0,0,0,0,0,1,1,0,0,0,0,0,0,1,0,4,0,0,0,0,0,0,0,0,0,934000.5844110101,162462.49828767776,3
0,0,0,2,0,0,0,0,0,0,0,0,0,0,0,0,0,2,2,0,0,0,2,0,0,0,0,5,0,0,0,0,0,0,0,0,0,941679.6205620915,134227.61446884274,3
0,0,0,1,0,0,0,0,0,0,0,0,0,0,0,0,0,1,0,0,0,0,0,0,0,0,0,6,1,0,0,0,1,0,0,0,0,941091.2949670851,160984.39428851008,3
0,0,0,0,0,0,0,1,0,0,0,0,0,0,0,0,0,1,1,0,0,0,0,0,0,0,1,7,0,0,0,0,0,0,0,0,0,941083.6673576683,168353.7394579202,3
0,0,0,0,0,0,0,1,0,0,0,0,0,0,0,0,0,1,0,0,0,0,0,0,0,0,0,8,1,0,0,0,0,0,0,0,1,946154.9610208422,166750.9897106737,3
0,1,0,0,0,0,0,0,0,0,0,0,0,0,0,0,0,1,1,0,1,0,0,0,0,0,0,9,0,0,0,0,0,0,0,0,0,949153.4373073429,165705.30643458664,3
0,1,0,0,0,0,0,0,0,0,0,0,0,0,0,0,0,1,1,0,1,0,0,0,0,0,0,10,0,0,0,0,0,0,0,0,0,946321.4190212637,172557.077507928,3
0,0,0,0,0,1,0,0,0,0,0,0,0,0,0,0,0,1,1,0,0,0,0,0,1,0,0,11,0,0,0,0,0,0,0,0,0,950460.5511629283,147513.27982659638,3
0,0,1,0,0,0,0,0,0,0,0,0,0,0,0,0,0,1,0,0,0,0,0,0,0,0,0,12,1,0,0,1,0,0,0,0,0,953080.9196098447,151067.3603168428,3
0,0,1,0,0,0,0,0,0,0,0,0,0,0,0,0,0,1,0,0,0,0,0,0,0,0,0,13,1,0,0,1,0,0,0,0,0,950606.282498762,161114.4399601668,3
0,0,0,0,1,0,0,0,0,0,0,0,0,0,0,0,0,1,0,0,0,0,0,0,0,0,0,14,1,0,0,0,0,1,0,0,0,950821.2161240131,169641.44357542694,3
0,0,0,0,1,0,0,0,1,0,0,0,0,1,0,0,0,1,0,0,0,0,0,0,0,0,0,15,0,0,0,0,0,0,0,0,0,957173.0669373423,163015.55492433906,3
0,0,0,1,0,0,0,0,0,0,0,0,0,0,0,0,0,1,1,0,0,0,1,0,0,0,0,16,0,0,0,0,0,0,0,0,0,961906.6959215105,164184.02338792384,3
1,0,0,0,0,0,0,0,0,0,0,0,0,0,0,0,0,1,1,1,0,0,0,0,0,0,0,17,0,0,0,0,0,0,0,0,0,977938.8548020124,164463.3666612506,3
0,0,0,0,0,0,0,1,0,0,0,0,0,0,0,0,0,1,0,0,0,0,0,0,0,0,0,18,1,0,0,0,0,0,0,0,1,977794.045380339,168064.1534229219,3
0,0,0,1,0,0,0,0,0,0,0,0,0,0,0,0,0,1,0,0,0,0,0,0,0,0,0,19,1,0,0,0,1,0,0,0,0,979308.4944511801,168572.19046458602,3
0,0,0,1,0,0,0,0,0,0,0,0,0,0,0,0,0,1,1,0,0,0,1,0,0,0,0,20,0,0,0,0,0,0,0,0,0,978644.8668414205,172132.49469567835,3
0,0,0,0,0,0,1,0,0,0,0,0,0,0,0,0,0,1,0,0,0,0,0,0,0,0,0,21,1,0,0,0,0,0,0,1,0,979950.8947411776,173783.2627195865,3
0,0,1,0,0,0,0,0,0,0,0,0,0,0,0,0,0,1,0,0,0,0,0,0,0,0,0,22,1,0,0,1,0,0,0,0,0,987448.6714122593,152988.67898075283,3
0,0,0,1,0,0,0,0,0,0,0,0,0,0,0,0,0,1,0,0,0,0,0,0,0,0,0,23,1,0,0,0,1,0,0,0,0,988948.3826516718,150281.1384640932,3
0,0,0,1,0,0,0,0,0,0,0,0,0,0,0,0,0,1,1,0,0,0,1,0,0,0,0,24,0,0,0,0,0,0,0,0,0,983827.707525596,167338.99411208928,3
1,0,0,0,0,0,0,0,0,0,0,0,0,0,0,0,0,1,0,0,0,0,0,0,0,0,0,25,1,1,0,0,0,0,0,0,0,985716.2798639238,160788.93864266574,3
0,0,1,0,0,0,0,0,1,0,0,1,0,0,0,0,0,1,0,0,0,0,0,0,0,0,0,26,0,0,0,0,0,0,0,0,0,985694.426233083,163178.03786708415,3
0,0,0,0,0,0,1,0,0,0,0,0,0,0,0,0,0,1,0,0,0,0,0,0,0,0,0,27,1,0,0,0,0,0,0,1,0,987429.0749947578,160423.90000267327,3
0,1,0,0,0,0,0,0,0,0,0,0,0,0,0,0,0,1,1,0,1,0,0,0,0,0,0,28,0,0,0,0,0,0,0,0,0,988833.8359647542,164722.34908291698,3
0,0,0,1,0,0,0,0,0,0,0,0,0,0,0,0,0,1,0,0,0,0,0,0,0,0,0,29,1,0,0,0,1,0,0,0,0,980043.0136514306,175041.2946523428,3
1,0,0,0,0,0,0,0,0,0,0,0,0,0,0,0,0,1,0,0,0,0,0,0,0,0,0,30,1,1,0,0,0,0,0,0,0,985667.2707755864,170912.09064042568,3
0,0,0,1,0,0,0,0,0,0,0,0,0,0,0,0,0,1,0,0,0,0,0,0,0,0,0,31,1,0,0,0,1,0,0,0,0,986323.1979414225,183249.8149806708,3
1,0,0,0,0,0,0,0,0,0,0,0,0,0,0,0,0,1,1,1,0,0,0,0,0,0,0,32,0,0,0,0,0,0,0,0,0,987577.5064564198,185225.42093758285,3
1,0,0,0,0,0,0,0,0,0,0,0,0,0,0,0,0,1,0,0,0,0,0,0,0,0,0,33,1,1,0,0,0,0,0,0,0,981147.5357205868,196593.06519700587,3
0,0,1,0,0,0,0,0,0,0,0,0,0,0,0,0,0,1,0,0,0,0,0,0,0,0,0,34,1,0,0,1,0,0,0,0,0,982453.7404572517,198396.85424034297,3
0,0,1,0,0,0,0,0,0,0,0,0,0,0,0,0,0,1,0,0,0,0,0,0,0,0,0,35,1,0,0,1,0,0,0,0,0,984690.3075064272,190609.6162059158,3
0,0,0,0,1,0,0,0,0,0,0,0,0,0,0,0,0,1,1,0,0,0,0,1,0,0,0,36,0,0,0,0,0,0,0,0,0,993982.535969168,154909.61641183496,3
0,0,0,0,0,0,1,0,0,0,0,0,0,0,0,0,0,1,0,0,0,0,0,0,0,0,0,37,1,0,0,0,0,0,0,1,0,993423.629934758,159941.56172850728,3
0,0,0,0,1,0,0,0,0,0,0,0,0,0,0,0,0,1,1,0,0,0,0,1,0,0,0,38,0,0,0,0,0,0,0,0,0,995854.4219891727,159104.450541839,3
0,0,0,0,0,0,0,1,0,0,0,0,0,0,0,0,0,1,0,0,0,0,0,0,0,0,0,39,1,0,0,0,0,0,0,0,1,996111.6229183376,159139.55184958875,3
1,0,0,0,0,0,0,0,0,0,0,0,0,0,0,0,0,1,0,0,0,0,0,0,0,0,0,40,1,1,0,0,0,0,0,0,0,990277.5794683397,160075.13101516664,3
0,0,0,0,0,0,0,1,0,0,0,0,0,0,0,0,0,1,1,0,0,0,0,0,0,0,1,41,0,0,0,0,0,0,0,0,0,993905.8432091773,161399.13066375256,3
0,0,0,1,0,0,0,0,0,0,0,0,0,0,0,0,0,1,1,0,0,0,1,0,0,0,0,42,0,0,0,0,0,0,0,0,0,993000.2774350047,167653.0289170891,3
0,0,0,0,1,0,0,0,0,0,0,0,0,0,0,0,0,1,0,0,0,0,0,0,0,0,0,43,1,0,0,0,0,1,0,0,0,994043.9039566666,166025.60435041785,3
0,0,0,0,0,0,0,1,0,0,0,0,0,0,0,0,0,1,0,0,0,0,0,0,0,0,0,44,1,0,0,0,0,0,0,0,1,996273.4336183369,165460.04117709398,3
0,0,0,1,0,0,0,0,0,0,0,0,0,0,0,0,0,1,0,0,0,0,0,0,0,0,0,45,1,0,0,0,1,0,0,0,0,997663.9098400027,160230.71797433496,3
0,0,0,1,0,0,0,0,0,0,0,0,0,0,0,0,0,1,0,0,0,0,0,0,0,0,0,46,1,0,0,0,1,0,0,0,0,998376.5298058391,162632.30733124912,3
0,0,0,0,1,0,0,0,0,0,0,0,0,0,0,0,0,1,0,0,0,0,0,0,0,0,0,47,1,0,0,0,0,1,0,0,0,995310.6205833405,178555.23447483778,3
0,0,0,1,0,0,0,0,0,0,0,0,0,0,0,0,0,1,0,0,0,0,0,0,0,0,0,48,1,0,0,0,1,0,0,0,0,997352.8769975007,171592.96854375303,3
0,0,0,0,0,1,0,0,0,0,0,0,0,0,0,0,0,1,0,0,0,0,0,0,0,0,0,49,1,0,0,0,0,0,1,0,0,998608.3338041753,171942.4363487512,3
0,0,0,1,0,0,0,0,0,0,0,0,0,0,0,0,0,1,0,0,0,0,0,0,0,0,0,50,1,0,0,0,1,0,0,0,0,998827.5820533335,175743.37330067158,3
0,1,0,0,0,0,0,0,0,0,0,0,0,0,0,0,0,1,0,0,0,0,0,0,0,0,0,51,1,0,1,0,0,0,0,0,0,990502.1754758358,188495.92292675376,3
0,0,0,0,0,1,0,0,0,0,0,0,0,0,0,0,0,1,0,0,0,0,0,0,0,0,0,52,1,0,0,0,0,0,1,0,0,996146.1307233423,180732.4348448366,3
0,0,0,0,0,0,0,1,1,0,0,0,0,0,0,0,1,1,0,0,0,0,0,0,0,0,0,53,0,0,0,0,0,0,0,0,0,996121.5179116726,181016.57141567767,3
0,0,0,0,1,0,0,0,0,0,0,0,0,0,0,0,0,1,1,0,0,0,0,1,0,0,0,54,0,0,0,0,0,0,0,0,0,997980.973182261,183330.29054149985,3
0,0,1,0,0,0,0,0,0,0,0,0,0,0,0,0,0,1,1,0,0,1,0,0,0,0,0,55,0,0,0,0,0,0,0,0,0,998862.8706966788,189152.8277809173,3
0,0,0,0,1,0,0,0,0,0,0,0,0,0,0,0,0,1,0,0,0,0,0,0,0,0,0,56,1,0,0,0,0,1,0,0,0,993927.9563539177,196359.88652950525,3
0,0,0,0,1,0,0,0,1,0,0,0,0,1,0,0,0,1,0,0,0,0,0,0,0,0,0,57,0,0,0,0,0,0,0,0,0,995657.9066341668,193826.1284736693,3
0,0,0,0,0,1,1,0,0,0,0,0,0,0,0,0,0,2,0,0,0,0,0,0,0,0,0,58,2,0,0,0,0,0,1,1,0,997118.7403266728,198212.79620949924,3
0,0,0,0,0,1,0,0,0,0,0,0,0,0,0,0,0,1,0,0,0,0,0,0,0,0,0,59,1,0,0,0,0,0,1,0,0,982923.4737697542,202912.6194870025,3
0,0,0,0,1,0,0,0,0,0,0,0,0,0,0,0,0,1,0,0,0,0,0,0,0,0,0,60,1,0,0,0,0,1,0,0,0,982700.4509218335,208200.58430474997,3
1,0,0,0,0,0,0,0,0,0,0,0,0,0,0,0,0,1,0,0,0,0,0,0,0,0,0,61,1,1,0,0,0,0,0,0,0,984262.1390714198,200869.51005616784,3
1,0,0,0,0,0,0,0,0,0,0,0,0,0,0,0,0,1,0,0,0,0,0,0,0,0,0,62,1,1,0,0,0,0,0,0,0,984641.0720405877,200535.20954367518,3
0,1,0,0,0,0,0,0,0,0,0,0,0,0,0,0,0,1,0,0,0,0,0,0,0,0,0,63,1,0,1,0,0,0,0,0,0,986812.4075929224,206998.4433363378,3
0,0,0,0,0,0,0,1,0,0,0,0,0,0,0,0,0,1,0,0,0,0,0,0,0,0,0,64,1,0,0,0,0,0,0,0,1,986929.6173322499,207833.76089142263,3
0,0,0,0,1,0,0,0,0,0,0,0,0,0,0,0,0,1,0,0,0,0,0,0,0,0,0,65,1,0,0,0,0,1,0,0,0,987263.3371372521,209373.41988559067,3
1,0,0,0,0,0,0,0,0,0,0,0,0,0,0,0,0,1,0,0,0,0,0,0,0,0,0,66,1,1,0,0,0,0,0,0,0,988195.6712305844,200762.92923258245,3
0,0,0,0,0,0,0,1,0,0,0,0,0,0,0,0,0,1,0,0,0,0,0,0,0,0,0,67,1,0,0,0,0,0,0,0,1,989541.5740505904,208109.00640392303,3
0,0,0,0,0,1,0,0,0,0,0,0,0,0,0,0,0,1,0,0,0,0,0,0,0,0,0,68,1,0,0,0,0,0,1,0,0,983478.2725289166,212373.36795392632,3
0,0,0,0,0,1,0,0,0,0,0,0,0,0,0,0,0,1,0,0,0,0,0,0,0,0,0,69,1,0,0,0,0,0,1,0,0,984801.9017714262,211046.82205058634,3
0,0,0,0,0,1,0,0,0,0,0,0,0,0,0,0,0,1,0,0,0,0,0,0,0,0,0,70,1,0,0,0,0,0,1,0,0,985893.3959795088,216731.86612667143,3
0,0,0,0,0,1,0,0,0,0,0,0,0,0,0,0,0,1,0,0,0,0,0,0,0,0,0,71,1,0,0,0,0,0,1,0,0,989293.7694280893,215444.83129917085,3
1,0,0,0,0,0,0,0,0,0,0,0,0,0,0,0,0,1,0,0,0,0,0,0,0,0,0,72,1,1,0,0,0,0,0,0,0,989314.2516705841,218755.70066167414,3
0,0,0,1,0,0,0,0,0,0,0,0,0,0,0,0,0,1,0,0,0,0,0,0,0,0,0,73,1,0,0,0,1,0,0,0,0,989214.6915022582,220854.40709416568,3
0,1,0,0,0,0,0,0,0,0,0,0,0,0,0,0,0,1,0,0,0,0,0,0,0,0,0,74,1,0,1,0,0,0,0,0,0,990196.8916375935,207745.37130442262,3
1,0,0,0,0,0,0,0,1,1,0,0,0,0,0,0,0,1,0,0,0,0,0,0,0,0,0,75,0,0,0,0,0,0,0,0,0,991245.471561417,202174.2974728346,3
0,0,0,1,0,0,0,0,0,0,0,0,0,0,0,0,0,1,0,0,0,0,0,0,0,0,0,76,1,0,0,0,1,0,0,0,0,990045.8410866708,218671.0879700035,3
0,0,0,0,1,0,0,0,0,0,0,0,0,0,0,0,0,1,0,0,0,0,0,0,0,0,0,77,1,0,0,0,0,1,0,0,0,992615.898282513,217228.1413808316,3
1,0,0,0,0,0,0,0,0,0,0,0,0,0,0,0,0,1,0,0,0,0,0,0,0,0,0,78,1,1,0,0,0,0,0,0,0,996047.1611050069,218306.25930334628,3
0,0,0,0,0,0,1,0,0,0,0,0,0,0,0,0,0,1,0,0,0,0,0,0,0,0,0,79,1,0,0,0,0,0,0,1,0,990262.0384889245,222758.75696000457,3
0,0,0,0,1,0,0,0,0,0,0,0,0,0,0,0,0,1,0,0,0,0,0,0,0,0,0,80,1,0,0,0,0,1,0,0,0,992454.4353508353,229500.05876608193,3
0,0,0,1,0,0,0,0,1,0,0,0,1,0,0,0,0,1,0,0,0,0,0,0,0,0,0,81,0,0,0,0,0,0,0,0,0,994690.1067325026,223070.49485358596,3
0,0,0,0,0,0,1,0,0,0,0,0,0,0,0,0,0,1,0,0,0,0,0,0,0,0,0,82,1,0,0,0,0,0,0,1,0,994799.3092700094,229093.79973608255,3
0,1,0,0,0,0,0,0,0,0,0,0,0,0,0,0,0,1,0,0,0,0,0,0,0,0,0,83,1,0,1,0,0,0,0,0,0,997349.1532516778,222202.61962084472,3
0,0,0,0,0,0,1,0,0,0,0,0,0,0,0,0,0,1,0,0,0,0,0,0,0,0,0,84,1,0,0,0,0,0,0,1,0,998660.5088966787,223021.31188109517,3
0,0,0,1,0,0,0,0,1,0,0,0,1,0,0,0,0,1,0,0,0,0,0,0,0,0,0,85,0,0,0,0,0,0,0,0,0,998939.5732991695,228642.30785691738,3
0,0,0,0,1,0,0,0,0,0,0,0,0,0,0,0,0,1,0,0,0,0,0,0,0,0,0,86,1,0,0,0,0,1,0,0,0,993981.4204858392,233183.8666871786,3
0,0,0,1,0,0,0,0,0,0,0,0,0,0,0,0,0,1,1,0,0,0,1,0,0,0,0,87,0,0,0,0,0,0,0,0,0,995422.1754783392,231162.46357776225,3
0,0,1,0,0,0,0,0,0,0,0,0,0,0,0,0,0,1,0,0,0,0,0,0,0,0,0,88,1,0,0,1,0,0,0,0,0,995560.3346508443,231412.94864109159,3
0,0,0,1,0,0,0,0,1,0,0,0,1,0,0,0,0,1,0,0,0,0,0,0,0,0,0,89,0,0,0,0,0,0,0,0,0,997250.0327150077,233514.8604477495,3
0,1,0,0,0,0,0,0,0,0,0,0,0,0,0,0,0,1,0,0,0,0,0,0,0,0,0,90,1,0,1,0,0,0,0,0,0,997373.6938850135,234664.3069677502,3
0,0,0,0,0,0,1,0,0,0,0,0,0,0,0,0,0,1,0,0,0,0,0,0,0,0,0,91,1,0,0,0,0,0,0,1,0,997072.6216525137,238763.72757467628,3
1,0,0,0,0,0,0,0,0,0,0,0,0,0,0,0,0,1,1,1,0,0,0,0,0,0,0,92,0,0,0,0,0,0,0,0,0,999342.3710500002,233575.10310941935,3
0,0,0,0,0,1,0,0,0,0,0,0,0,0,0,0,0,1,0,0,0,0,0,0,0,0,0,93,1,0,0,0,0,0,1,0,0,1000971.0554566681,154076.80639767647,3
0,0,1,0,0,0,0,0,0,0,0,0,0,0,0,0,0,1,0,0,0,0,0,0,0,0,0,94,1,0,0,1,0,0,0,0,0,1001237.4591233432,154115.18558600545,3
0,0,1,0,0,0,0,0,0,0,0,0,0,0,0,0,0,1,0,0,0,0,0,0,0,0,0,95,1,0,0,1,0,0,0,0,0,1001547.6911144257,157409.22099266946,3
0,0,0,1,0,0,0,0,0,0,0,0,0,0,0,0,0,1,1,0,0,0,1,0,0,0,0,96,0,0,0,0,0,0,0,0,0,1002794.0439366698,157918.7672176659,3
1,0,0,0,0,0,0,0,0,0,0,0,0,0,0,0,0,1,0,0,0,0,0,0,0,0,0,97,1,1,0,0,0,0,0,0,0,1003833.7987469286,163672.08871625364,3
0,0,0,1,0,0,0,0,0,0,0,0,0,0,0,0,0,1,0,0,0,0,0,0,0,0,0,98,1,0,0,0,1,0,0,0,0,1005587.7584935874,168499.53641042113,3
0,0,0,1,0,0,0,0,0,0,0,0,0,0,0,0,0,1,0,0,0,0,0,0,0,0,0,99,1,0,0,0,1,0,0,0,0,1006350.3783594221,165816.53652708232,3
0,0,0,0,0,1,0,0,0,0,0,0,0,0,0,0,0,1,1,0,0,0,0,0,1,0,0,100,0,0,0,0,0,0,0,0,0,1003855.639254421,173231.13094983995,3
0,1,0,0,0,0,0,0,0,0,0,0,0,0,0,0,0,1,0,0,0,0,0,0,0,0,0,101,1,0,1,0,0,0,0,0,0,1003358.2124277502,182945.2548942566,3
0,1,0,0,0,0,0,0,0,0,0,0,0,0,0,0,0,1,0,0,0,0,0,0,0,0,0,102,1,0,1,0,0,0,0,0,0,1004126.6032794267,182890.73072509468,3
0,1,0,0,0,0,0,0,0,0,0,0,0,0,0,0,0,1,0,0,0,0,0,0,0,0,0,103,1,0,1,0,0,0,0,0,0,1005404.2942935973,181336.20332233608,3
0,0,1,0,0,1,0,0,0,0,0,0,0,0,0,0,0,2,1,0,0,0,0,0,1,0,0,104,1,0,0,1,0,0,0,0,0,1005934.3096377552,185912.98517926037,3
0,0,0,1,0,0,0,0,0,0,0,0,0,0,0,0,0,1,1,0,0,0,1,0,0,0,0,105,0,0,0,0,0,0,0,0,0,1007268.3817727566,183647.74397483468,3
0,0,0,1,0,0,0,0,0,0,0,0,0,0,0,0,0,1,1,0,0,0,1,0,0,0,0,106,0,0,0,0,0,0,0,0,0,1000568.234740004,193779.31131008267,3
1,0,0,0,0,0,0,0,0,0,0,0,0,0,0,0,0,1,0,0,0,0,0,0,0,0,0,107,1,1,0,0,0,0,0,0,0,999991.7431108356,194864.47974342108,3
0,0,0,0,0,1,0,0,0,0,0,0,0,0,0,0,0,1,1,0,0,0,0,0,1,0,0,108,0,0,0,0,0,0,0,0,0,1004831.2147310972,197521.53446866572,3
0,0,0,0,0,1,0,0,1,0,0,0,0,0,1,0,0,1,0,0,0,0,0,0,0,0,0,109,0,0,0,0,0,0,0,0,0,1004164.1527450085,199489.99509866536,3
0,0,0,1,0,0,0,0,0,0,0,0,0,0,0,0,0,1,1,0,0,0,1,0,0,0,0,110,0,0,0,0,0,0,0,0,0,1006461.8840419203,190853.92346009612,3
0,2,0,0,0,0,0,0,0,0,0,0,0,0,0,0,0,2,2,0,2,0,0,0,0,0,0,111,0,0,0,0,0,0,0,0,0,1009333.0725252628,191222.57101675868,3
0,0,0,1,0,0,0,0,0,0,0,0,0,0,0,0,0,1,0,0,0,0,0,0,0,0,0,112,1,0,0,0,1,0,0,0,0,1012327.4103685915,173192.4141637534,3
0,0,0,0,0,0,0,1,0,0,0,0,0,0,0,0,0,1,1,0,0,0,0,0,0,0,1,113,0,0,0,0,0,0,0,0,0,1014771.5977374166,176526.57252167165,3
0,0,0,1,0,0,0,0,0,0,0,0,0,0,0,0,0,1,0,0,0,0,0,0,0,0,0,114,1,0,0,0,1,0,0,0,0,1017266.432314679,179267.798666507,3
0,0,0,1,0,0,0,0,0,0,0,0,0,0,0,0,0,1,0,0,0,0,0,0,0,0,0,115,1,0,0,0,1,0,0,0,0,1010558.2472402602,180877.84465900064,3
0,0,1,0,0,0,0,0,1,0,0,1,0,0,0,0,0,1,0,0,0,0,0,0,0,0,0,116,0,0,0,0,0,0,0,0,0,1010335.9346927553,181998.39687983692,3
0,0,0,0,1,0,0,0,0,0,0,0,0,0,0,0,0,1,0,0,0,0,0,0,0,0,0,117,1,0,0,0,0,1,0,0,0,1011258.7051569223,187275.8630309254,3
0,0,1,0,0,0,0,0,0,0,0,0,0,0,0,0,0,1,1,0,0,1,0,0,0,0,0,118,0,0,0,0,0,0,0,0,0,1014161.5599155128,185681.8537517488,3
1,0,0,0,0,0,0,0,0,0,0,0,0,0,0,0,0,1,0,0,0,0,0,0,0,0,0,119,1,1,0,0,0,0,0,0,0,1015010.5838080049,188728.91458675265,3
0,0,0,0,0,0,0,1,0,0,0,0,0,0,0,0,0,1,0,0,0,0,0,0,0,0,0,120,1,0,0,0,0,0,0,0,1,1019699.0718063414,188374.89429742098,3
0,0,0,1,0,0,0,0,0,0,0,0,0,0,0,0,0,1,0,0,0,0,0,0,0,0,0,121,1,0,0,0,1,0,0,0,0,1012823.8923152536,196689.99413700402,3
0,0,0,0,1,0,0,0,0,0,0,0,0,0,0,0,0,1,1,0,0,0,0,1,0,0,0,122,0,0,0,0,0,0,0,0,0,1024266.473432675,179900.5979258418,3
0,0,0,0,0,0,0,1,0,0,0,0,0,0,0,0,0,1,1,0,0,0,0,0,0,0,1,123,0,0,0,0,0,0,0,0,0,1026232.5787524283,179638.75264900923,3
0,0,1,0,0,0,0,0,0,0,0,0,0,0,0,0,0,1,1,0,0,1,0,0,0,0,0,124,0,0,0,0,0,0,0,0,0,1029257.024803251,176427.74857233465,3
0,0,0,0,0,0,0,1,0,0,0,0,0,0,0,0,0,1,1,0,0,0,0,0,0,0,1,125,0,0,0,0,0,0,0,0,0,1022052.1802890897,187953.40104591846,3
0,1,0,0,0,0,0,0,0,0,0,0,0,0,0,0,0,1,1,0,1,0,0,0,0,0,0,126,0,0,0,0,0,0,0,0,0,1024508.3075946718,189400.5635059178,3
0,0,0,0,0,1,0,0,0,0,0,0,0,0,0,0,0,1,1,0,0,0,0,0,1,0,0,127,0,0,0,0,0,0,0,0,0,1025055.697904095,184003.51393258572,3
0,0,0,1,0,0,0,0,0,0,0,0,0,0,0,0,0,1,0,0,0,0,0,0,0,0,0,128,1,0,0,0,1,0,0,0,0,1027186.0446932614,187352.194899261,3
0,0,1,0,0,0,0,0,0,0,0,0,0,0,0,0,0,1,0,0,0,0,0,0,0,0,0,129,1,0,0,1,0,0,0,0,0,1028444.8643540889,180691.55205258727,3
0,0,1,0,0,0,0,0,0,0,0,0,0,0,0,0,0,1,0,0,0,0,0,0,0,0,0,130,1,0,0,1,0,0,0,0,0,1024372.963049084,195284.09799867868,3
0,0,0,1,0,0,0,0,0,0,0,0,0,0,0,0,0,1,0,0,0,0,0,0,0,0,0,131,1,0,0,0,1,0,0,0,0,1025245.700804919,192030.57793092728,3
0,0,0,0,0,1,0,0,0,0,0,0,0,0,0,0,0,1,0,0,0,0,0,0,0,0,0,132,1,0,0,0,0,0,1,0,0,1030348.1052982509,188408.0359634161,3
0,1,0,0,0,0,0,0,0,0,0,0,0,0,0,0,0,1,1,0,1,0,0,0,0,0,0,133,0,0,0,0,0,0,0,0,0,1032615.6850806773,186040.6263281703,3
0,1,0,0,1,0,0,0,0,0,0,0,0,0,0,0,0,2,1,0,1,0,0,0,0,0,0,134,1,0,0,0,0,1,0,0,0,1034393.4643335044,185661.78489425778,3
0,1,0,0,0,0,0,0,0,0,0,0,0,0,0,0,0,1,1,0,1,0,0,0,0,0,0,135,0,0,0,0,0,0,0,0,0,1036349.4545160085,192136.22404508293,3
0,0,0,0,0,5,0,0,0,0,0,0,0,0,0,0,0,5,5,0,0,0,0,0,5,0,0,136,0,0,0,0,0,0,0,0,0,1036011.3777643442,193342.20588508248,3
0,0,0,0,1,0,0,0,0,0,0,0,0,0,0,0,0,1,0,0,0,0,0,0,0,0,0,137,1,0,0,0,0,1,0,0,0,1037506.6667685062,195006.96272617579,3
0,0,0,0,1,0,0,0,0,0,0,0,0,0,0,0,0,1,0,0,0,0,0,0,0,0,0,138,1,0,0,0,0,1,0,0,0,1048800.967998758,178418.9322540015,3
0,0,0,0,1,0,0,0,0,0,0,0,0,0,0,0,0,1,0,0,0,0,0,0,0,0,0,139,1,0,0,0,0,1,0,0,0,1043339.6570710093,186350.37275591493,3
0,0,1,0,0,0,0,0,0,0,0,0,0,0,0,0,0,1,1,0,0,1,0,0,0,0,0,140,0,0,0,0,0,0,0,0,0,1046795.0829029232,189552.09535509348,3
0,0,0,1,0,0,0,0,0,0,0,0,0,0,0,0,0,1,1,0,0,0,1,0,0,0,0,141,0,0,0,0,0,0,0,0,0,1047372.9360779226,189024.27488842607,3
0,0,0,1,0,0,0,0,0,0,0,0,0,0,0,0,0,1,0,0,0,0,0,0,0,0,0,142,1,0,0,0,1,0,0,0,0,1040650.6991943419,190079.5385259241,3
0,0,0,1,0,0,0,0,0,0,0,0,0,0,0,0,0,1,0,0,0,0,0,0,0,0,0,143,1,0,0,0,1,0,0,0,0,1040697.8677351773,197843.5810686797,3
0,0,0,0,0,2,0,0,0,0,0,0,0,0,0,0,0,2,2,0,0,0,0,0,2,0,0,144,0,0,0,0,0,0,0,0,0,1055935.7273512632,172099.7716640085,3
0,0,0,0,0,1,0,0,0,0,0,0,0,0,0,0,0,1,0,0,0,0,0,0,0,0,0,145,1,0,0,0,0,0,1,0,0,1057899.6010481715,181430.56665067375,3
0,1,0,0,0,0,0,0,0,0,0,0,0,0,0,0,0,1,1,0,1,0,0,0,0,0,0,146,0,0,0,0,0,0,0,0,0,1058741.4563198388,193820.95788033307,3
0,0,0,0,0,1,0,0,1,0,0,0,0,0,1,0,0,1,0,0,0,0,0,0,0,0,0,147,0,0,0,0,0,0,0,0,0,1003201.6418747604,207729.2837381661,3
0,0,0,0,1,0,0,0,1,0,0,0,0,1,0,0,0,1,0,0,0,0,0,0,0,0,0,148,0,0,0,0,0,0,0,0,0,1004398.1414502561,208274.78592801094,3
0,0,1,0,0,0,0,0,0,0,0,0,0,0,0,0,0,1,1,0,0,1,0,0,0,0,0,149,0,0,0,0,0,0,0,0,0,1006864.04203026,207126.16060058773,3
0,1,0,0,0,0,0,0,0,0,0,0,0,0,0,0,0,1,0,0,0,0,0,0,0,0,0,150,1,0,1,0,0,0,0,0,0,1006723.8618644178,209685.601019755,3
0,0,0,0,1,0,0,0,0,0,0,0,0,0,0,0,0,1,1,0,0,0,0,1,0,0,0,151,0,0,0,0,0,0,0,0,0,1001122.3701146692,215249.52657167614,3
0,0,0,0,0,1,0,0,0,0,0,0,0,0,0,0,0,1,0,0,0,0,0,0,0,0,0,152,1,0,0,0,0,0,1,0,0,1000212.5513962507,228832.99973276258,3
0,0,0,0,1,0,0,0,0,0,0,0,0,0,0,0,0,1,0,0,0,0,0,0,0,0,0,153,1,0,0,0,0,1,0,0,0,1002397.5683516711,229765.25508609414,3
0,1,1,0,0,0,0,0,0,0,0,0,0,0,0,0,0,2,0,0,0,0,0,0,0,0,0,154,2,0,1,1,0,0,0,0,0,1001112.0033375025,238627.70094384253,3
0,0,0,0,1,0,0,0,0,0,0,0,0,0,0,0,0,1,0,0,0,0,0,0,0,0,0,155,1,0,0,0,0,1,0,0,0,1001247.8265566677,238872.79231716692,3
1,0,0,0,0,0,0,0,0,0,0,0,0,0,0,0,0,1,0,0,0,0,0,0,0,0,0,156,1,1,0,0,0,0,0,0,0,1007089.7006996721,233231.76816616952,3
0,0,0,0,1,0,0,0,0,0,0,0,0,0,0,0,0,1,1,0,0,0,0,1,0,0,0,157,0,0,0,0,0,0,0,0,0,1000428.4774735868,241108.335746333,3
0,0,0,1,0,0,0,0,0,0,0,0,0,0,0,0,0,1,1,0,0,0,1,0,0,0,0,158,0,0,0,0,0,0,0,0,0,1006413.435976088,243253.93184883893,3
0,0,0,1,0,0,0,0,0,0,0,0,0,0,0,0,0,1,1,0,0,0,1,0,0,0,0,159,0,0,0,0,0,0,0,0,0,1006006.3337719291,245424.7313130051,3
0,0,0,1,0,0,0,0,0,0,0,0,0,0,0,0,0,1,0,0,0,0,0,0,0,0,0,160,1,0,0,0,1,0,0,0,0,1008493.4449394196,242021.8936305046,3
0,1,0,0,0,0,0,0,0,0,0,0,0,0,0,0,0,1,0,0,0,0,0,0,0,0,0,161,1,0,1,0,0,0,0,0,0,1008109.8794335872,244858.0031157583,3
0,0,0,0,1,0,0,0,0,0,0,0,0,0,0,0,0,1,0,0,0,0,0,0,0,0,0,162,1,0,0,0,0,1,0,0,0,1013214.0293302536,204446.81228475273,3
0,0,0,0,0,0,1,0,0,0,0,0,0,0,0,0,0,1,0,0,0,0,0,0,0,0,0,163,1,0,0,0,0,0,0,1,0,1011001.2319185883,217049.28675167263,3
0,1,0,0,0,0,0,0,0,0,0,0,0,0,0,0,0,1,1,0,1,0,0,0,0,0,0,164,0,0,0,0,0,0,0,0,0,1012006.9845002592,211244.0395039171,3
1,0,0,0,0,0,0,0,0,0,0,0,0,0,0,0,0,1,0,0,0,0,0,0,0,0,0,165,1,1,0,0,0,0,0,0,0,1013676.9578663409,211698.66457892954,3
0,0,0,2,0,0,0,0,0,0,0,0,0,0,0,0,0,2,2,0,0,0,2,0,0,0,0,166,0,0,0,0,0,0,0,0,0,1013504.6849169284,215582.72833308578,3
0,0,0,0,0,0,1,0,0,0,0,0,0,0,0,0,0,1,0,0,0,0,0,0,0,0,0,167,1,0,0,0,0,0,0,1,0,1015493.5815296769,214496.02414166927,3
0,0,0,0,0,0,0,1,0,0,0,0,0,0,0,0,0,1,0,0,0,0,0,0,0,0,0,168,1,0,0,0,0,0,0,0,1,1016409.3769421726,211679.8129105866,3
0,0,0,1,0,0,0,0,0,0,0,0,0,0,0,0,0,1,1,0,0,0,1,0,0,0,0,169,0,0,0,0,0,0,0,0,0,1017154.8971046805,217649.5742650032,3
0,0,0,0,0,0,1,0,0,0,0,0,0,0,0,0,0,1,1,0,0,0,0,0,0,1,0,170,0,0,0,0,0,0,0,0,0,1017695.9754188359,217530.71951584518,3
0,0,1,0,0,0,0,0,0,0,0,0,0,0,0,0,0,1,0,0,0,0,0,0,0,0,0,171,1,0,0,1,0,0,0,0,0,1018982.4262580127,210094.17631809413,3
0,0,0,1,0,0,0,0,0,0,0,0,0,0,0,0,0,1,0,0,0,0,0,0,0,0,0,172,1,0,0,0,1,0,0,0,0,1010096.7750660926,222262.04535500705,3
0,1,0,0,0,0,0,0,0,0,0,0,0,0,0,0,0,1,0,0,0,0,0,0,0,0,0,173,1,0,1,0,0,0,0,0,0,1011628.8881435841,235191.90072883666,3
0,0,0,1,0,0,0,0,0,0,0,0,0,0,0,0,0,1,1,0,0,0,1,0,0,0,0,174,0,0,0,0,0,0,0,0,0,1016485.9647155106,234624.62167967856,3
0,0,0,1,0,0,0,0,0,0,0,0,0,0,0,0,0,1,0,0,0,0,0,0,0,0,0,175,1,0,0,0,1,0,0,0,0,1010332.0961177498,247175.63627575338,3
0,0,1,0,0,0,0,0,0,0,0,0,0,0,0,0,0,1,0,0,0,0,0,0,0,0,0,176,1,0,0,1,0,0,0,0,0,1010990.4248535931,254548.7284849286,3
0,0,1,0,0,0,0,0,1,0,0,1,0,0,0,0,0,1,0,0,0,0,0,0,0,0,0,177,0,0,0,0,0,0,0,0,0,1011611.7425085902,253618.47772075236,3
1,0,0,0,0,0,0,0,0,0,0,0,0,0,0,0,0,1,1,1,0,0,0,0,0,0,0,178,0,0,0,0,0,0,0,0,0,1015266.2099371701,257032.29274350405,3
0,0,0,0,0,0,1,0,0,0,0,0,0,0,0,0,0,1,1,0,0,0,0,0,0,1,0,179,0,0,0,0,0,0,0,0,0,1016145.1812763363,259815.20384433866,3
0,0,0,0,1,0,0,0,1,0,0,0,0,1,0,0,0,1,0,0,0,0,0,0,0,0,0,180,0,0,0,0,0,0,0,0,0,1018946.877772674,257527.73696258664,3
1,0,0,0,0,0,0,0,0,0,0,0,0,0,0,0,0,1,0,0,0,0,0,0,0,0,0,181,1,1,0,0,0,0,0,0,0,1010758.7258419245,269686.89965209365,3
0,0,0,1,0,0,0,0,0,0,0,0,0,0,0,0,0,1,0,0,0,0,0,0,0,0,0,182,1,0,0,0,1,0,0,0,0,1012885.0339252502,268830.48404209316,3
0,0,0,0,0,0,0,1,0,0,0,0,0,0,0,0,0,1,0,0,0,0,0,0,0,0,0,183,1,0,0,0,0,0,0,0,1,1026774.1590340883,201232.544107005,3
0,0,0,0,0,0,1,0,0,0,0,0,0,0,0,0,0,1,0,0,0,0,0,0,0,0,0,184,1,0,0,0,0,0,0,1,0,1026530.7868174165,202686.7341120094,3
0,0,0,0,1,0,0,0,0,0,0,0,0,0,0,0,0,1,0,0,0,0,0,0,0,0,0,185,1,0,0,0,0,1,0,0,0,1021215.6435763389,215295.47464250028,3
0,0,1,0,0,0,0,0,1,0,0,1,0,0,0,0,0,1,0,0,0,0,0,0,0,0,0,186,0,0,0,0,0,0,0,0,0,1027679.383601591,214505.11533084512,3
0,0,0,0,1,0,0,0,0,0,0,0,0,0,0,0,0,1,0,0,0,0,0,0,0,0,0,187,1,0,0,0,0,1,0,0,0,1023332.2892774194,239590.1366830021,3
0,0,1,0,0,0,0,0,0,0,0,0,0,0,0,0,0,1,0,0,0,0,0,0,0,0,0,188,1,0,0,1,0,0,0,0,0,1021222.4020930082,244460.94058966637,3
0,0,1,0,0,0,0,0,0,0,0,0,0,0,0,0,0,1,0,0,0,0,0,0,0,0,0,189,1,0,0,1,0,0,0,0,0,1023077.8741038442,240343.43570134044,3
0,0,0,0,0,1,0,0,0,0,0,0,0,0,0,0,0,1,0,0,0,0,0,0,0,0,0,190,1,0,0,0,0,0,1,0,0,1024471.433980763,243118.56105658412,3
0,1,0,0,0,0,0,0,0,0,0,0,0,0,0,0,0,1,1,0,1,0,0,0,0,0,0,191,0,0,0,0,0,0,0,0,0,1026155.3774632514,246443.88248991966,3
0,0,0,0,2,0,0,0,0,0,0,0,0,0,0,0,0,2,2,0,0,0,0,2,0,0,0,192,0,0,0,0,0,0,0,0,0,1022556.1789530069,255380.3341051787,3
0,0,0,1,0,0,0,0,1,0,0,0,1,0,0,0,0,1,0,0,0,0,0,0,0,0,0,193,0,0,0,0,0,0,0,0,0,1023648.4963221699,253054.79085600376,3
0,0,0,0,0,0,1,0,0,0,0,0,0,0,0,0,0,1,0,0,0,0,0,0,0,0,0,194,1,0,0,0,0,0,0,1,0,1023097.1850888431,255450.83593267202,3
0,0,0,0,1,0,0,0,0,0,0,0,0,0,0,0,0,1,1,0,0,0,0,1,0,0,0,195,0,0,0,0,0,0,0,0,0,1027170.6608657539,259151.93417350948,3
0,0,0,0,1,0,0,0,0,0,0,0,0,0,0,0,0,1,1,0,0,0,0,1,0,0,0,196,0,0,0,0,0,0,0,0,0,1021971.5406865925,265517.4037260115,3
1,0,0,0,0,0,0,0,0,0,0,0,0,0,0,0,0,1,1,1,0,0,0,0,0,0,0,197,0,0,0,0,0,0,0,0,0,1023332.3749071807,267253.29887625575,3
0,0,0,0,0,1,0,0,0,0,0,0,0,0,0,0,0,1,0,0,0,0,0,0,0,0,0,198,1,0,0,0,0,0,1,0,0,1024480.1577165872,264465.3979559988,3
0,0,0,0,0,0,0,1,0,0,0,0,0,0,0,0,0,1,1,0,0,0,0,0,0,0,1,199,0,0,0,0,0,0,0,0,0,1034834.795471847,204515.30952309072,3
0,0,0,0,0,0,1,0,0,0,0,0,0,0,0,0,0,1,0,0,0,0,0,0,0,0,0,200,1,0,0,0,0,0,0,1,0,1038442.5933743417,209727.22823308408,3
0,0,1,0,0,0,0,0,0,0,0,0,0,0,0,0,0,1,0,0,0,0,0,0,0,0,0,201,1,0,0,1,0,0,0,0,0,1031951.8750565946,214117.50488558412,3
0,0,0,0,0,0,1,0,0,0,0,0,0,0,0,0,0,1,0,0,0,0,0,0,0,0,0,202,1,0,0,0,0,0,0,1,0,1031855.6875849217,217647.7665258348,3
0,0,0,0,1,0,0,0,0,0,0,0,0,0,0,0,0,1,0,0,0,0,0,0,0,0,0,203,1,0,0,0,0,1,0,0,0,1032462.8317118436,215968.79678666592,3
0,0,0,1,0,0,0,0,0,0,0,0,0,0,0,0,0,1,0,0,0,0,0,0,0,0,0,204,1,0,0,0,1,0,0,0,0,1036038.5036943406,214780.23289084435,3
0,0,0,0,0,1,0,0,0,0,0,0,0,0,0,0,0,1,1,0,0,0,0,0,1,0,0,205,0,0,0,0,0,0,0,0,0,1041395.2679151744,201058.60744699836,3
0,0,0,1,0,0,0,0,1,0,0,0,1,0,0,0,0,1,0,0,0,0,0,0,0,0,0,206,0,0,0,0,0,0,0,0,0,1042571.8698926717,203989.2344597578,3
1,0,0,0,0,0,0,0,0,0,0,0,0,0,0,0,0,1,0,0,0,0,0,0,0,0,0,207,1,1,0,0,0,0,0,0,0,1044654.7197295874,204916.51639783382,3
0,0,1,0,0,0,0,0,0,0,0,0,0,0,0,0,0,1,0,0,0,0,0,0,0,0,0,208,1,0,0,1,0,0,0,0,0,1054491.5766962618,207442.11797392368,3
0,0,0,0,1,0,0,0,0,0,0,0,0,0,0,0,0,1,0,0,0,0,0,0,0,0,0,209,1,0,0,0,0,1,0,0,0,1053670.390674591,211431.59818391502,3
0,0,1,0,0,0,0,0,0,0,0,0,0,0,0,0,0,1,0,0,0,0,0,0,0,0,0,210,1,0,0,1,0,0,0,0,0,1063591.8698473424,207609.2370622605,3
0,1,0,0,0,0,0,0,0,0,0,0,0,0,0,0,0,1,0,0,0,0,0,0,0,0,0,211,1,0,1,0,0,0,0,0,0,1000132.9203219265,199662.35367783904,3
0,0,0,0,0,0,1,0,0,0,0,0,0,0,0,0,0,1,1,0,0,0,0,0,0,1,0,212,0,0,0,0,0,0,0,0,0,1036761.4251487553,154042.36289700866,3
0,0,0,0,0,0,0,1,0,0,0,0,0,0,0,0,0,1,0,0,0,0,0,0,0,0,0,213,1,0,0,0,0,0,0,0,1,1010870.4480594248,256109.45666266978,3
0,0,0,0,0,1,0,0,0,0,0,0,0,0,0,0,0,1,0,0,0,0,0,0,0,0,0,214,1,0,0,0,0,0,1,0,0,1031355.0783499181,199420.2806711793,3
0,0,0,0,0,0,1,0,1,0,0,0,0,0,0,1,0,1,0,0,0,0,0,0,0,0,0,215,0,0,0,0,0,0,0,0,0,1032796.4074882567,198642.06372366846,3
0,1,0,0,0,0,0,0,0,0,0,0,0,0,0,0,0,1,0,0,0,0,0,0,0,0,0,216,1,0,1,0,0,0,0,0,0,1002041.1875027567,186192.63028925657,3
0,1,0,0,0,0,0,0,0,0,0,0,0,0,0,0,0,1,0,0,0,0,0,0,0,0,0,217,1,0,1,0,0,0,0,0,0,1011973.9002488405,178722.75382484496,3
0,0,0,1,0,0,0,0,0,0,0,0,0,0,0,0,0,1,0,0,0,0,0,0,0,0,0,218,1,0,0,0,1,0,0,0,0,941660.6937626749,161134.10166625679,3
0,0,0,0,0,0,1,0,0,0,0,0,0,0,0,0,0,1,1,0,0,0,0,0,0,1,0,219,0,0,0,0,0,0,0,0,0,1033188.7882651687,164236.5695426762,3
0,0,0,0,0,2,0,0,0,0,0,0,0,0,0,0,0,2,2,0,0,0,0,0,2,0,0,220,0,0,0,0,0,0,0,0,0,1005485.0516780019,176393.18761783838,3
0,0,0,0,1,0,0,0,0,0,0,0,0,0,0,0,0,1,0,0,0,0,0,0,0,0,0,221,1,0,0,0,0,1,0,0,0,987262.8876630962,202191.4168611765,3
0,1,0,0,0,0,0,0,0,0,0,0,0,0,0,0,0,1,1,0,1,0,0,0,0,0,0,222,0,0,0,0,0,0,0,0,0,1044977.6816820949,209754.87581558526,3
0,0,0,1,0,0,0,0,0,0,0,0,0,0,0,0,0,1,0,0,0,0,0,0,0,0,0,223,1,0,0,0,1,0,0,0,0,1027818.5631132573,183656.04415509105,3
0,0,0,0,0,0,1,0,0,0,0,0,0,0,0,0,0,1,0,0,0,0,0,0,0,0,0,224,1,0,0,0,0,0,0,1,0,983469.1583739221,204638.90212367475,3
0,0,0,0,0,0,1,0,0,0,0,0,0,0,0,0,0,1,0,0,0,0,0,0,0,0,0,1,1,0,0,0,0,0,0,1,0,984264.5373605937,184807.99657559395,4
0,0,0,0,1,0,0,0,0,0,0,0,0,0,0,0,0,1,1,0,0,0,0,1,0,0,0,2,0,0,0,0,0,0,0,0,0,1020873.2062690854,251532.00223492086,4
0,0,0,1,0,0,0,0,0,0,0,0,0,0,0,0,0,1,0,0,0,0,0,0,0,0,0,3,1,0,0,0,1,0,0,0,0,1003696.9647030085,253413.76257900894,4
0,1,0,0,0,0,0,0,0,0,0,0,0,0,0,0,0,1,1,0,1,0,0,0,0,0,0,4,0,0,0,0,0,0,0,0,0,1011960.6292780042,262280.2300822586,4
0,0,1,0,0,0,0,0,0,0,0,0,0,0,0,0,0,1,0,0,0,0,0,0,0,0,0,5,1,0,0,1,0,0,0,0,0,951936.3959802538,144734.324426502,4
0,0,0,0,0,1,0,0,0,0,0,0,0,0,0,0,0,1,1,0,0,0,0,0,1,0,0,6,0,0,0,0,0,0,0,0,0,1005270.5773694217,175565.56558541954,4
0,0,0,0,1,0,0,0,0,0,0,0,0,0,0,0,0,1,0,0,0,0,0,0,0,0,0,7,1,0,0,0,0,1,0,0,0,1006635.146818757,207082.42446759343,4
0,1,0,0,0,0,0,0,0,0,0,0,0,0,0,0,0,1,1,0,1,0,0,0,0,0,0,8,0,0,0,0,0,0,0,0,0,1016936.2361246794,243643.89169883728,4
0,1,0,0,0,0,0,0,0,0,0,0,0,0,0,0,0,1,1,0,1,0,0,0,0,0,0,9,0,0,0,0,0,0,0,0,0,934685.120443508,166907.76794041693,4
0,0,1,0,0,0,0,0,0,0,0,0,0,0,0,0,0,1,0,0,0,0,0,0,0,0,0,10,1,0,0,1,0,0,0,0,0,948906.4138512611,145039.87269991636,4
0,0,2,0,0,0,0,0,0,0,0,0,0,0,0,0,0,2,0,0,0,0,0,0,0,0,0,11,2,0,0,2,0,0,0,0,0,944106.8827679306,155221.00030350685,4
0,0,0,1,0,0,0,0,0,0,0,0,0,0,0,0,0,1,0,0,0,0,0,0,0,0,0,12,1,0,0,0,1,0,0,0,0,947095.6208849251,156564.07242050767,4
0,0,0,0,0,0,1,0,0,0,0,0,0,0,0,0,0,1,0,0,0,0,0,0,0,0,0,13,1,0,0,0,0,0,0,1,0,942229.3898037523,171378.3652984202,4
0,0,0,0,0,1,0,0,0,0,0,0,0,0,0,0,0,1,1,0,0,0,0,0,1,0,0,14,0,0,0,0,0,0,0,0,0,953596.2958756685,156179.43014517426,4
0,0,0,1,0,0,0,0,0,0,0,0,0,0,0,0,0,1,0,0,0,0,0,0,0,0,0,15,1,0,0,0,1,0,0,0,0,957627.8462115079,156411.95264600217,4
0,0,0,1,0,0,0,0,0,0,0,0,0,0,0,0,0,1,0,0,0,0,0,0,0,0,0,16,1,0,0,0,1,0,0,0,0,958128.2454731762,150009.29484766722,4
0,0,0,0,0,0,0,1,0,0,0,0,0,0,0,0,0,1,1,0,0,0,0,0,0,0,1,17,0,0,0,0,0,0,0,0,0,954335.192035675,174368.0745420903,4
0,0,1,0,0,0,0,0,0,0,0,0,0,0,0,0,0,1,0,0,0,0,0,0,0,0,0,18,1,0,0,1,0,0,0,0,0,961906.6959215105,164184.02338792384,4
0,0,0,1,0,0,0,0,0,0,0,0,0,0,0,0,0,1,0,0,0,0,0,0,0,0,0,19,1,0,0,0,1,0,0,0,0,965888.7053459287,163012.45453684032,4
0,0,0,0,0,0,1,0,0,0,0,0,0,0,0,0,0,1,0,0,0,0,0,0,0,0,0,20,1,0,0,0,0,0,0,1,0,976379.8979461789,166179.98724375665,4
0,0,1,0,0,0,0,0,0,0,0,0,0,0,0,0,0,1,1,0,0,1,0,0,0,0,0,21,0,0,0,0,0,0,0,0,0,977022.7575528473,170895.10904708505,4
0,0,0,0,0,0,0,1,1,0,0,0,0,0,0,0,1,1,0,0,0,0,0,0,0,0,0,22,0,0,0,0,0,0,0,0,0,979616.1906861663,170814.42843417823,4
0,0,1,0,0,0,0,0,0,0,0,0,0,0,0,0,0,1,1,0,0,1,0,0,0,0,0,23,0,0,0,0,0,0,0,0,0,983117.4300747514,148445.41706992686,4
0,0,0,0,1,0,0,0,0,0,0,0,0,0,0,0,0,1,1,0,0,0,0,1,0,0,0,24,0,0,0,0,0,0,0,0,0,981697.5677570105,159954.6588151753,4
1,0,0,0,0,0,0,0,1,1,0,0,0,0,0,0,0,1,0,0,0,0,0,0,0,0,0,25,0,0,0,0,0,0,0,0,0,984648.8016839176,158611.59391599894,4
1,0,0,0,0,0,0,0,0,0,0,0,0,0,0,0,0,1,0,0,0,0,0,0,0,0,0,26,1,1,0,0,0,0,0,0,0,982672.5687597543,161186.04710042477,4
0,0,0,0,0,0,0,1,0,0,0,0,0,0,0,0,0,1,0,0,0,0,0,0,0,0,0,27,1,0,0,0,0,0,0,0,1,982188.2655945122,165269.81189875305,4
0,0,0,0,0,1,0,0,1,0,0,0,0,0,1,0,0,1,0,0,0,0,0,0,0,0,0,28,0,0,0,0,0,0,0,0,0,985266.9959855974,168236.1412679255,4
1,0,0,0,0,0,0,0,0,0,0,0,0,0,0,0,0,1,0,0,0,0,0,0,0,0,0,29,1,1,0,0,0,0,0,0,0,985628.238701418,169614.96068875492,4
0,0,1,0,0,0,0,0,0,0,0,0,0,0,0,0,0,1,0,0,0,0,0,0,0,0,0,30,1,0,0,1,0,0,0,0,0,986170.8327605873,163796.5635329187,4
0,0,0,0,1,0,0,0,0,0,0,0,0,0,0,0,0,1,0,0,0,0,0,0,0,0,0,31,1,0,0,0,0,1,0,0,0,988101.3505530953,161271.99509125948,4
0,0,1,0,0,0,0,0,0,0,0,0,0,0,0,0,0,1,0,0,0,0,0,0,0,0,0,32,1,0,0,1,0,0,0,0,0,980577.8357445002,173285.75354400277,4
0,0,0,0,1,0,0,0,0,0,0,0,0,0,0,0,0,1,0,0,0,0,0,0,0,0,0,33,1,0,0,0,0,1,0,0,0,985215.6706289202,171602.53545375168,4
1,0,0,0,0,0,0,0,0,0,0,0,0,0,0,0,0,1,0,0,0,0,0,0,0,0,0,34,1,1,0,0,0,0,0,0,0,987380.9976630956,183505.70029567182,4
0,0,0,0,1,0,0,0,1,0,0,0,0,1,0,0,0,1,0,0,0,0,0,0,0,0,0,35,0,0,0,0,0,0,0,0,0,987494.5473047644,190614.68837425113,4
0,0,0,1,0,0,0,0,0,0,0,0,0,0,0,0,0,1,1,0,0,0,1,0,0,0,0,36,0,0,0,0,0,0,0,0,0,988539.8011197597,192861.27508842945,4
0,1,0,0,0,0,0,0,0,0,0,0,0,0,0,0,0,1,1,0,1,0,0,0,0,0,0,37,0,0,0,0,0,0,0,0,0,992649.1993970126,149284.01316174865,4
0,0,0,1,0,0,0,0,0,0,0,0,0,0,0,0,0,1,1,0,0,0,1,0,0,0,0,38,0,0,0,0,0,0,0,0,0,993700.414158091,153295.6235768348,4
0,3,0,0,0,0,0,0,0,0,0,0,0,0,0,0,0,3,3,0,3,0,0,0,0,0,0,39,0,0,0,0,0,0,0,0,0,993456.1689116806,157030.12726266682,4
0,1,0,0,0,0,0,0,0,0,0,0,0,0,0,0,0,1,1,0,1,0,0,0,0,0,0,40,0,0,0,0,0,0,0,0,0,992446.9386466742,166679.73361958563,4
1,0,0,0,0,0,0,0,0,0,0,0,0,0,0,0,0,1,0,0,0,0,0,0,0,0,0,41,1,1,0,0,0,0,0,0,0,993472.7666475028,162286.11707875133,4
0,0,0,0,1,0,0,0,0,0,0,0,0,0,0,0,0,1,0,0,0,0,0,0,0,0,0,42,1,0,0,0,0,1,0,0,0,999979.751665011,168345.05181126297,4
1,0,0,0,0,0,0,0,0,0,0,0,0,0,0,0,0,1,0,0,0,0,0,0,0,0,0,43,1,1,0,0,0,0,0,0,0,995432.9136458337,177854.5403381735,4
0,0,1,0,0,0,0,0,0,0,0,0,0,0,0,0,0,1,1,0,0,1,0,0,0,0,0,44,0,0,0,0,0,0,0,0,0,999371.0455333441,175787.58581067622,4
1,0,0,0,0,0,0,0,0,0,0,0,0,0,0,0,0,1,0,0,0,0,0,0,0,0,0,45,1,1,0,0,0,0,0,0,0,990339.6669425964,188788.92201267183,4
0,0,1,0,0,0,0,0,0,0,0,0,0,0,0,0,0,1,0,0,0,0,0,0,0,0,0,46,1,0,0,1,0,0,0,0,0,991511.2059380859,182729.17264924943,4
0,1,0,0,0,0,0,0,0,0,0,0,0,0,0,0,0,1,0,0,0,0,0,0,0,0,0,47,1,0,1,0,0,0,0,0,0,991375.376157254,186923.1865709275,4
0,1,0,0,0,0,0,0,1,0,1,0,0,0,0,0,0,1,0,0,0,0,0,0,0,0,0,48,0,0,0,0,0,0,0,0,0,994632.6970704198,183968.7154457569,4
0,0,0,0,1,0,0,0,0,0,0,0,0,0,0,0,0,1,0,0,0,0,0,0,0,0,0,49,1,0,0,0,0,1,0,0,0,995908.3621700108,183617.72730259597,4
1,0,0,0,0,0,0,0,0,0,0,0,0,0,0,0,0,1,0,0,0,0,0,0,0,0,0,50,1,1,0,0,0,0,0,0,0,992533.2540908456,190483.5895550847,4
0,3,0,0,0,0,0,0,0,0,0,0,0,0,0,0,0,3,3,0,3,0,0,0,0,0,0,51,0,0,0,0,0,0,0,0,0,993711.985329181,195457.62455449998,4
0,0,0,0,0,1,0,0,0,0,0,0,0,0,0,0,0,1,1,0,0,0,0,0,1,0,0,52,0,0,0,0,0,0,0,0,0,996576.0412808359,197074.9868053347,4
0,0,1,0,0,0,0,0,0,0,0,0,0,0,0,0,0,1,0,0,0,0,0,0,0,0,0,53,1,0,0,1,0,0,0,0,0,996967.9335416704,196829.65921200812,4
1,0,0,0,0,0,0,0,0,0,0,0,0,0,0,0,0,1,0,0,0,0,0,0,0,0,0,54,1,1,0,0,0,0,0,0,0,998259.7551050037,196137.95816758275,4
0,0,0,0,1,0,0,0,0,0,0,0,0,0,0,0,0,1,1,0,0,0,0,1,0,0,0,55,0,0,0,0,0,0,0,0,0,999122.5847441703,192744.72348426282,4
1,0,0,0,0,0,0,0,0,0,0,0,0,0,0,0,0,1,0,0,0,0,0,0,0,0,0,56,1,1,0,0,0,0,0,0,0,983346.4650497586,201729.3475753367,4
0,0,1,0,0,0,0,0,0,0,0,0,0,0,0,0,0,1,1,0,0,1,0,0,0,0,0,57,0,0,0,0,0,0,0,0,0,984273.3398364186,204118.473046422,4
0,0,0,0,0,0,1,0,0,0,0,0,0,0,0,0,0,1,0,0,0,0,0,0,0,0,0,58,1,0,0,0,0,0,0,1,0,987179.9449155927,203846.40370866656,4
0,0,1,0,0,0,0,0,0,0,0,0,0,0,0,0,0,1,0,0,0,0,0,0,0,0,0,59,1,0,0,1,0,0,0,0,0,988733.8850491792,202128.96947950125,4
0,0,0,0,0,0,0,1,0,0,0,0,0,0,0,0,0,1,0,0,0,0,0,0,0,0,0,60,1,0,0,0,0,0,0,0,1,988543.3706664294,207772.284636423,4
1,0,0,0,0,0,0,0,1,1,0,0,0,0,0,0,0,1,0,0,0,0,0,0,0,0,0,61,0,0,0,0,0,0,0,0,0,988029.4379672557,208946.1897689253,4
0,1,0,0,0,0,0,0,0,0,0,0,0,0,0,0,0,1,0,0,0,0,0,0,0,0,0,62,1,0,1,0,0,0,0,0,0,989158.084660083,209227.14688417315,4
0,1,0,0,0,0,0,0,0,0,0,0,0,0,0,0,0,1,0,0,0,0,0,0,0,0,0,63,1,0,1,0,0,0,0,0,0,989428.6638433337,209371.3037480861,4
0,1,0,0,0,0,0,0,0,0,0,0,0,0,0,0,0,1,0,0,0,0,0,0,0,0,0,64,1,0,1,0,0,0,0,0,0,981931.5334964246,212634.27950559556,4
0,0,0,0,0,0,1,0,0,0,0,0,0,0,0,0,0,1,1,0,0,0,0,0,0,1,0,65,0,0,0,0,0,0,0,0,0,983645.2541503459,216447.96577583253,4
0,1,0,0,0,0,0,0,0,0,0,0,0,0,0,0,0,1,1,0,1,0,0,0,0,0,0,66,0,0,0,0,0,0,0,0,0,984139.5802614242,211708.65799725056,4
1,0,0,0,0,0,0,0,0,0,0,0,0,0,0,0,0,1,0,0,0,0,0,0,0,0,0,67,1,1,0,0,0,0,0,0,0,984639.4906789213,212609.63388559222,4
0,0,0,0,0,1,0,0,0,0,0,0,0,0,0,0,0,1,1,0,0,0,0,0,1,0,0,68,0,0,0,0,0,0,0,0,0,985733.0810114294,219801.70250667632,4
0,0,0,0,0,0,0,1,0,0,0,0,0,0,0,0,0,1,0,0,0,0,0,0,0,0,0,69,1,0,0,0,0,0,0,0,1,986169.6779072583,215373.7487641722,4
0,0,0,0,0,1,0,0,0,0,0,0,0,0,0,0,0,1,0,0,0,0,0,0,0,0,0,70,1,0,0,0,0,0,1,0,0,988268.8305330873,211484.7214372605,4
1,0,0,0,0,0,0,0,0,0,0,0,0,0,0,0,0,1,0,0,0,0,0,0,0,0,0,71,1,1,0,0,0,0,0,0,0,989808.6601305902,214264.95833083987,4
0,1,0,0,0,0,0,0,0,0,0,0,0,0,0,0,0,1,1,0,1,0,0,0,0,0,0,72,0,0,0,0,0,0,0,0,0,989480.91144225,221349.31752167642,4
0,0,1,0,0,0,0,0,0,0,0,0,0,0,0,0,0,1,0,0,0,0,0,0,0,0,0,73,1,0,0,1,0,0,0,0,0,991233.6015064269,205162.90009142458,4
0,0,0,0,1,0,0,0,0,0,0,0,0,0,0,0,0,1,1,0,0,0,0,1,0,0,0,74,0,0,0,0,0,0,0,0,0,996700.5456250012,207118.2997239232,4
0,0,0,0,0,1,0,0,1,0,0,0,0,0,1,0,0,1,0,0,0,0,0,0,0,0,0,75,0,0,0,0,0,0,0,0,0,998510.1827537566,200765.41183917224,4
0,0,1,0,0,0,0,0,0,0,0,0,0,0,0,0,0,1,0,0,0,0,0,0,0,0,0,76,1,0,0,1,0,0,0,0,0,998615.6139733344,203285.5121139288,4
0,0,0,0,0,0,1,0,0,0,0,0,0,0,0,0,0,1,1,0,0,0,0,0,0,1,0,77,0,0,0,0,0,0,0,0,0,999328.6538858414,201438.97414034605,4
0,0,0,0,0,0,0,1,0,0,0,0,0,0,0,0,0,1,0,0,0,0,0,0,0,0,0,78,1,0,0,0,0,0,0,0,1,990440.5056516677,215405.064318344,4
0,1,0,0,0,0,0,0,0,0,0,0,0,0,0,0,0,1,0,0,0,0,0,0,0,0,0,79,1,0,1,0,0,0,0,0,0,990305.8179289252,217267.7147925049,4
0,1,0,0,0,0,0,0,0,0,0,0,0,0,0,0,0,1,0,0,0,0,0,0,0,0,0,80,1,0,1,0,0,0,0,0,0,991906.4971422553,217000.14971083403,4
0,0,0,0,1,0,0,0,0,0,0,0,0,0,0,0,0,1,0,0,0,0,0,0,0,0,0,81,1,0,0,0,0,1,0,0,0,993633.4421791732,216961.01593084633,4
0,0,1,0,0,0,0,0,0,0,0,0,0,0,0,0,0,1,0,0,0,0,0,0,0,0,0,82,1,0,0,1,0,0,0,0,0,994133.5067958385,214848.89745166898,4
0,0,1,0,0,0,0,0,0,0,0,0,0,0,0,0,0,1,0,0,0,0,0,0,0,0,0,83,1,0,0,1,0,0,0,0,0,994386.6230875105,215306.52448917925,4
0,0,0,1,0,0,0,0,0,0,0,0,0,0,0,0,0,1,0,0,0,0,0,0,0,0,0,84,1,0,0,0,1,0,0,0,0,996671.5046725869,217959.93978600204,4
0,1,0,0,0,0,0,0,0,0,0,0,0,0,0,0,0,1,0,0,0,0,0,0,0,0,0,85,1,0,1,0,0,0,0,0,0,999667.4885100126,215031.61034083366,4
0,0,0,0,0,0,1,0,0,0,0,0,0,0,0,0,0,1,0,0,0,0,0,0,0,0,0,86,1,0,0,0,0,0,0,1,0,995496.73241584,221369.75383250415,4
0,0,1,0,0,0,0,0,0,0,0,0,0,0,0,0,0,1,1,0,0,1,0,0,0,0,0,87,0,0,0,0,0,0,0,0,0,996042.2562591732,226910.1000352502,4
1,0,0,0,0,0,0,0,0,0,0,0,0,0,0,0,0,1,0,0,0,0,0,0,0,0,0,88,1,1,0,0,0,0,0,0,0,998004.30614084,223386.5411375016,4
1,0,0,0,0,0,0,0,0,0,0,0,0,0,0,0,0,1,0,0,0,0,0,0,0,0,0,89,1,1,0,0,0,0,0,0,0,998160.1194775105,227234.4825885892,4
0,0,0,1,0,0,0,0,1,0,0,0,1,0,0,0,0,1,0,0,0,0,0,0,0,0,0,90,0,0,0,0,0,0,0,0,0,998939.5732991695,228642.30785691738,4
0,0,1,0,0,0,0,0,0,0,0,0,0,0,0,0,0,1,0,0,0,0,0,0,0,0,0,91,1,0,0,1,0,0,0,0,0,999025.1407133341,220669.5255741775,4
0,1,0,0,0,0,0,0,0,0,0,0,0,0,0,0,0,1,0,0,0,0,0,0,0,0,0,92,1,0,1,0,0,0,0,0,0,995794.0743408352,236458.0235246718,4
1,0,0,0,0,0,0,0,0,0,0,0,0,0,0,0,0,1,1,1,0,0,0,0,0,0,0,93,0,0,0,0,0,0,0,0,0,996683.9150808454,238063.86676967144,4
0,0,1,0,0,0,0,0,0,0,0,0,0,0,0,0,0,1,0,0,0,0,0,0,0,0,0,94,1,0,0,1,0,0,0,0,0,997392.2109083384,231914.02047358453,4
0,0,0,0,0,0,0,1,0,0,0,0,0,0,0,0,0,1,0,0,0,0,0,0,0,0,0,95,1,0,0,0,0,0,0,0,1,998456.2376516759,236459.98218217492,4
0,0,0,0,0,1,0,0,0,0,0,0,0,0,0,0,0,1,0,0,0,0,0,0,0,0,0,96,1,0,0,0,0,0,1,0,0,998910.7971100062,236510.39218634367,4
0,0,0,0,1,0,0,0,0,0,0,0,0,0,0,0,0,1,0,0,0,0,0,0,0,0,0,97,1,0,0,0,0,1,0,0,0,1000629.8389475048,156391.97237101197,4
0,1,0,0,0,0,0,0,0,0,0,0,0,0,0,0,0,1,0,0,0,0,0,0,0,0,0,98,1,0,1,0,0,0,0,0,0,1002769.7457569242,152759.23357351124,4
0,0,0,1,0,0,0,0,0,0,0,0,0,0,0,0,0,1,1,0,0,0,1,0,0,0,0,99,0,0,0,0,0,0,0,0,0,1004273.1974744201,168142.762189582,4
0,0,1,0,0,0,0,0,0,0,0,0,0,0,0,0,0,1,1,0,0,1,0,0,0,0,0,100,0,0,0,0,0,0,0,0,0,1000687.4664569199,175895.42680233717,4
0,0,0,0,1,0,0,0,0,0,0,0,0,0,0,0,0,1,1,0,0,0,0,1,0,0,0,101,0,0,0,0,0,0,0,0,0,1000231.5326575041,178238.16161817312,4
0,0,0,1,0,0,0,0,0,0,0,0,0,0,0,0,0,1,0,0,0,0,0,0,0,0,0,102,1,0,0,0,1,0,0,0,0,1001981.6013358384,173077.0236465037,4
0,0,0,0,0,1,0,0,0,0,0,0,0,0,0,0,0,1,1,0,0,0,0,0,1,0,0,103,0,0,0,0,0,0,0,0,0,1003786.8762685955,174068.44554817677,4
0,0,0,1,0,0,0,0,0,0,0,0,0,0,0,0,0,1,0,0,0,0,0,0,0,0,0,104,1,0,0,0,1,0,0,0,0,1003567.8645675033,176728.34836484492,4
0,0,0,0,0,1,0,0,0,0,0,0,0,0,0,0,0,1,1,0,0,0,0,0,1,0,0,105,0,0,0,0,0,0,0,0,0,1004313.0071060956,177549.0947548449,4
0,0,0,0,0,1,0,0,0,0,0,0,0,0,0,0,0,1,1,0,0,0,0,0,1,0,0,106,0,0,0,0,0,0,0,0,0,1006601.8214260936,172543.09131541848,4
0,0,0,0,0,0,1,0,0,0,0,0,0,0,0,0,0,1,0,0,0,0,0,0,0,0,0,107,1,0,0,0,0,0,0,1,0,1006749.1603702605,172669.18653567135,4
0,0,1,0,0,0,0,0,0,0,0,0,0,0,0,0,0,1,0,0,0,0,0,0,0,0,0,108,1,0,0,1,0,0,0,0,0,1007389.5298244208,173166.2295048386,4
0,0,1,0,0,0,0,0,0,0,0,0,0,0,0,0,0,1,1,0,0,1,0,0,0,0,0,109,0,0,0,0,0,0,0,0,0,1007684.545638591,176108.08713817596,4
0,0,0,1,0,0,0,0,0,0,0,0,0,0,0,0,0,1,0,0,0,0,0,0,0,0,0,110,1,0,0,0,1,0,0,0,0,1007749.7062694281,177638.52370983362,4
0,0,0,0,1,0,0,0,0,0,0,0,0,0,0,0,0,1,0,0,0,0,0,0,0,0,0,111,1,0,0,0,0,1,0,0,0,1008592.2013035864,177588.82892733812,4
0,1,0,0,0,0,0,0,0,0,0,0,0,0,0,0,0,1,1,0,1,0,0,0,0,0,0,112,0,0,0,0,0,0,0,0,0,1000510.4953541756,186298.53558926284,4
0,0,0,0,0,0,1,0,0,0,0,0,0,0,0,0,0,1,0,0,0,0,0,0,0,0,0,113,1,0,0,0,0,0,0,1,0,1002590.1988719255,183000.00576899946,4
0,1,0,0,0,0,0,0,0,0,0,0,0,0,0,0,0,1,0,0,0,0,0,0,0,0,0,114,1,0,1,0,0,0,0,0,0,1004800.9657758474,181823.02288675308,4
0,0,0,0,1,0,0,0,0,0,0,0,0,0,0,0,0,1,0,0,0,0,0,0,0,0,0,115,1,0,0,0,0,1,0,0,0,1008874.0478527546,184509.52374733984,4
0,0,0,0,0,0,0,1,0,0,0,0,0,0,0,0,0,1,0,0,0,0,0,0,0,0,0,116,1,0,0,0,0,0,0,0,1,1003360.1776469201,193095.69686366618,4
0,0,0,0,1,0,0,0,0,0,0,0,0,0,0,0,0,1,0,0,0,0,0,0,0,0,0,117,1,0,0,0,0,1,0,0,0,1008918.4867402613,194147.40112508833,4
0,0,0,1,0,0,0,0,0,0,0,0,0,0,0,0,0,1,0,0,0,0,0,0,0,0,0,118,1,0,0,0,1,0,0,0,0,1009677.0708530098,194275.75027783215,4
1,0,0,0,0,0,0,0,0,0,0,0,0,0,0,0,0,1,1,1,0,0,0,0,0,0,0,119,0,0,0,0,0,0,0,0,0,1010857.4198702574,171942.10826542974,4
0,0,0,1,0,0,0,0,0,0,0,0,0,0,0,0,0,1,0,0,0,0,0,0,0,0,0,120,1,0,0,0,1,0,0,0,0,1011867.5884535909,170754.24646791816,4
1,0,0,0,0,0,0,0,0,0,0,0,0,0,0,0,0,1,1,1,0,0,0,0,0,0,0,121,0,0,0,0,0,0,0,0,0,1011357.6386860907,178210.06128066778,4
0,0,0,0,0,1,0,0,0,0,0,0,0,0,0,0,0,1,1,0,0,0,0,0,1,0,0,122,0,0,0,0,0,0,0,0,0,1013842.9913269281,171410.04896208644,4
0,0,0,0,0,0,1,0,0,0,0,0,0,0,0,0,0,1,0,0,0,0,0,0,0,0,0,123,1,0,0,0,0,0,0,1,0,1014493.0359585881,174011.16547900438,4
0,0,0,0,0,0,1,0,0,0,0,0,0,0,0,0,0,1,0,0,0,0,0,0,0,0,0,124,1,0,0,0,0,0,0,1,0,1018239.99335967,173942.35984234512,4
0,0,0,1,0,0,0,0,0,0,0,0,0,0,0,0,0,1,0,0,0,0,0,0,0,0,0,125,1,0,0,0,1,0,0,0,0,1013046.1983010918,184539.5105639994,4
0,0,0,1,0,0,0,0,0,0,0,0,0,0,0,0,0,1,1,0,0,0,1,0,0,0,0,126,0,0,0,0,0,0,0,0,0,1014821.9588571787,187693.9232184291,4
0,0,0,1,0,0,0,0,0,0,0,0,0,0,0,0,0,1,1,0,0,0,1,0,0,0,0,127,0,0,0,0,0,0,0,0,0,1017395.0272018462,185863.61224649847,4
0,1,0,0,0,0,0,0,0,0,0,0,0,0,0,0,0,1,1,0,1,0,0,0,0,0,0,128,0,0,0,0,0,0,0,0,0,1017209.2342663407,187534.28771091998,4
0,0,0,0,0,0,0,1,0,0,0,0,0,0,0,0,0,1,0,0,0,0,0,0,0,0,0,129,1,0,0,0,0,0,0,0,1,1019949.8423021734,184443.08359150589,4
0,0,0,1,0,0,0,0,1,0,0,0,1,0,0,0,0,1,0,0,0,0,0,0,0,0,0,130,0,0,0,0,0,0,0,0,0,1026464.612409085,178420.73671233654,4
0,1,0,0,0,0,0,0,0,0,0,0,0,0,0,0,0,1,1,0,1,0,0,0,0,0,0,131,0,0,0,0,0,0,0,0,0,1029972.4334774166,179718.58516649902,4
1,0,0,0,0,0,0,0,0,0,0,0,0,0,0,0,0,1,1,1,0,0,0,0,0,0,0,132,0,0,0,0,0,0,0,0,0,1021331.0498415977,188208.05604842305,4
0,0,0,0,1,0,0,0,0,0,0,0,0,0,0,0,0,1,1,0,0,0,0,1,0,0,0,133,0,0,0,0,0,0,0,0,0,1022787.0872838348,184870.5597706735,4
0,0,0,1,0,0,0,0,0,0,0,0,0,0,0,0,0,1,0,0,0,0,0,0,0,0,0,134,1,0,0,0,1,0,0,0,0,1024742.1817988455,189488.33235925436,4
0,0,1,0,0,0,0,0,0,0,0,0,0,0,0,0,0,1,0,0,0,0,0,0,0,0,0,135,1,0,0,1,0,0,0,0,0,1022396.2875405103,191458.46949508786,4
0,0,0,0,0,1,0,0,0,0,0,0,0,0,0,0,0,1,1,0,0,0,0,0,1,0,0,136,0,0,0,0,0,0,0,0,0,1023303.3195190877,196841.16509450972,4
0,0,0,0,0,0,1,0,0,0,0,0,0,0,0,0,0,1,0,0,0,0,0,0,0,0,0,137,1,0,0,0,0,0,0,1,0,1023157.3814907521,199211.22925201058,4
1,0,0,0,0,0,0,0,0,0,0,0,0,0,0,0,0,1,1,1,0,0,0,0,0,0,0,138,0,0,0,0,0,0,0,0,0,1025604.2893265933,191151.49504342675,4
0,0,0,1,0,1,0,0,0,0,0,0,0,0,0,0,0,2,0,0,0,0,0,0,0,0,0,139,2,0,0,0,1,0,1,0,0,1025245.700804919,192030.57793092728,4
0,0,0,1,0,0,0,0,0,0,0,0,0,0,0,0,0,1,0,0,0,0,0,0,0,0,0,140,1,0,0,0,1,0,0,0,0,1031869.9096693397,190963.0210109204,4
0,0,0,0,0,1,0,0,0,0,0,0,0,0,0,0,0,1,0,0,0,0,0,0,0,0,0,141,1,0,0,0,0,0,1,0,0,1034798.2263192534,196531.9842824191,4
0,0,0,1,0,0,0,0,0,0,0,0,0,0,0,0,0,1,0,0,0,0,0,0,0,0,0,142,1,0,0,0,1,0,0,0,0,1043987.3949487507,184019.81967425346,4
0,1,0,0,0,0,0,0,0,0,0,0,0,0,0,0,0,1,0,0,0,0,0,0,0,0,0,143,1,0,1,0,0,0,0,0,0,1044812.8129173368,182950.78112992644,4
0,0,0,0,0,0,0,1,0,0,0,0,0,0,0,0,0,1,0,0,0,0,0,0,0,0,0,144,1,0,0,0,0,0,0,0,1,1040143.1936476678,195368.1201403439,4
0,0,0,1,0,0,0,0,0,0,0,0,0,0,0,0,0,1,0,0,0,0,0,0,0,0,0,145,1,0,0,0,1,0,0,0,0,1045092.3635393381,197451.719319582,4
0,0,0,0,1,0,0,0,0,0,0,0,0,0,0,0,0,1,0,0,0,0,0,0,0,0,0,146,1,0,0,0,0,1,0,0,0,1056254.5715298355,171381.75505542755,4
0,0,0,1,0,0,0,0,0,0,0,0,0,0,0,0,0,1,1,0,0,0,1,0,0,0,0,147,0,0,0,0,0,0,0,0,0,1057792.9247523397,176303.65761317313,4
0,0,0,0,0,1,0,0,0,0,0,0,0,0,0,0,0,1,0,0,0,0,0,0,0,0,0,148,1,0,0,0,0,0,1,0,0,1054525.634699002,181409.9334898442,4
0,0,0,1,0,0,0,0,0,0,0,0,0,0,0,0,0,1,1,0,0,0,1,0,0,0,0,149,0,0,0,0,0,0,0,0,0,1056824.5375815034,189664.63778091967,4
0,0,0,0,0,1,0,0,0,0,0,0,0,0,0,0,0,1,1,0,0,0,0,0,1,0,0,150,0,0,0,0,0,0,0,0,0,1058376.4176798463,184810.6481450945,4
0,0,0,1,0,0,0,0,0,0,0,0,0,0,0,0,0,1,1,0,0,0,1,0,0,0,0,151,0,0,0,0,0,0,0,0,0,1052167.4540479183,192090.50530450046,4
1,0,0,0,0,0,0,0,0,0,0,0,0,0,0,0,0,1,1,1,0,0,0,0,0,0,0,152,0,0,0,0,0,0,0,0,0,1057273.5688356757,193668.16291034222,4
0,0,0,0,0,0,0,1,0,0,0,0,0,0,0,0,0,1,0,0,0,0,0,0,0,0,0,153,1,0,0,0,0,0,0,0,1,1058940.4716698378,191487.16005450487,4
0,0,0,0,0,0,0,1,0,0,0,0,0,0,0,0,0,1,0,0,0,0,0,0,0,0,0,154,1,0,0,0,0,0,0,0,1,1003070.1749460846,209854.69516976178,4
0,0,1,0,0,0,0,0,1,0,0,1,0,0,0,0,0,1,0,0,0,0,0,0,0,0,0,155,0,0,0,0,0,0,0,0,0,1009912.9565360844,204231.87209783494,4
0,0,2,0,0,0,0,0,0,0,0,0,0,0,0,0,0,2,1,0,0,2,0,0,0,0,0,156,1,0,0,2,0,0,0,0,0,1009880.787965253,209570.57500308752,4
0,0,0,0,0,0,0,1,0,0,0,0,0,0,0,0,0,1,0,0,0,0,0,0,0,0,0,157,1,0,0,0,0,0,0,0,1,1001634.5022925138,210770.7530489266,4
0,0,0,0,1,0,0,0,0,0,0,0,0,0,0,0,0,1,0,0,0,0,0,0,0,0,0,158,1,0,0,0,0,1,0,0,0,1000975.8254602551,212666.82865308225,4
0,0,0,0,1,0,0,0,0,0,0,0,0,0,0,0,0,1,1,0,0,0,0,1,0,0,0,159,0,0,0,0,0,0,0,0,0,1002027.3656800091,219316.25072167814,4
0,1,0,0,0,0,0,0,0,0,0,0,0,0,0,0,0,1,0,0,0,0,0,0,0,0,0,160,1,0,1,0,0,0,0,0,0,1003679.8095535934,218842.29497666657,4
0,0,1,0,0,0,0,0,0,0,0,0,0,0,0,0,0,1,1,0,0,1,0,0,0,0,0,161,0,0,0,0,0,0,0,0,0,1004713.0489569306,210354.96319809556,4
0,0,0,0,0,2,0,0,0,0,0,0,0,0,0,0,0,2,1,0,0,0,0,0,2,0,0,162,1,0,0,0,0,0,2,0,0,1006263.787325263,210117.81800308824,4
0,0,0,0,0,0,0,1,0,0,0,0,0,0,0,0,0,1,0,0,0,0,0,0,0,0,0,163,1,0,0,0,0,0,0,0,1,1009041.4326885939,217627.62549000978,4
0,0,0,0,0,0,1,0,0,0,0,0,0,0,0,0,0,1,0,0,0,0,0,0,0,0,0,164,1,0,0,0,0,0,0,1,0,1002271.3218850046,229535.90515108407,4
0,0,2,0,0,0,0,0,0,0,0,0,0,0,0,0,0,2,2,0,0,2,0,0,0,0,0,165,0,0,0,0,0,0,0,0,0,1008971.6821719259,224504.71475417912,4
0,0,0,1,0,0,0,0,1,0,0,0,1,0,0,0,0,1,0,0,0,0,0,0,0,0,0,166,0,0,0,0,0,0,0,0,0,1001127.7907075137,232586.68284216523,4
1,0,0,0,0,0,0,0,0,0,0,0,0,0,0,0,0,1,0,0,0,0,0,0,0,0,0,167,1,1,0,0,0,0,0,0,0,1004367.8888860941,237508.8449138403,4
0,0,0,0,0,0,0,1,0,0,0,0,0,0,0,0,0,1,0,0,0,0,0,0,0,0,0,168,1,0,0,0,0,0,0,0,1,1007965.8869394213,233667.2354710847,4
0,0,0,0,0,0,1,0,0,0,0,0,0,0,0,0,0,1,0,0,0,0,0,0,0,0,0,169,1,0,0,0,0,0,0,1,0,1008005.7392219305,239340.58337633312,4
0,0,1,0,0,0,0,0,0,0,0,0,0,0,0,0,0,1,0,0,0,0,0,0,0,0,0,170,1,0,0,1,0,0,0,0,0,1000029.4428385943,242245.04935216904,4
0,0,0,0,0,1,0,0,0,0,0,0,0,0,0,0,0,1,0,0,0,0,0,0,0,0,0,171,1,0,0,0,0,0,1,0,0,1002320.7210644186,247329.80263409019,4
0,1,0,0,0,0,0,0,0,0,0,0,0,0,0,0,0,1,0,0,0,0,0,0,0,0,0,172,1,0,1,0,0,0,0,0,0,1007981.0181427598,244634.59148909152,4
0,0,0,0,1,0,0,0,0,0,0,0,0,0,0,0,0,1,0,0,0,0,0,0,0,0,0,173,1,0,0,0,0,1,0,0,0,1013172.6777069271,205142.73313701153,4
0,0,0,0,0,0,2,0,0,0,0,0,0,0,0,0,0,2,0,0,0,0,0,0,0,0,0,174,2,0,0,0,0,0,0,2,0,1017948.0024738461,207801.41515558958,4
0,0,0,0,1,0,0,0,0,0,0,0,0,0,0,0,0,1,0,0,0,0,0,0,0,0,0,175,1,0,0,0,0,1,0,0,0,1010967.0390735865,213207.1228480935,4
0,0,1,0,0,0,0,0,0,0,0,0,0,0,0,0,0,1,1,0,0,1,0,0,0,0,0,176,0,0,0,0,0,0,0,0,0,1011943.8576580137,211058.66257809103,4
0,0,0,0,0,0,1,0,0,0,0,0,0,0,0,0,0,1,0,0,0,0,0,0,0,0,0,177,1,0,0,0,0,0,0,1,0,1011619.4557477534,213959.0209505856,4
0,0,0,1,0,0,0,0,0,0,0,0,0,0,0,0,0,1,0,0,0,0,0,0,0,0,0,178,1,0,0,0,1,0,0,0,0,1015942.789948836,213158.1301639229,4
0,0,0,1,0,0,0,0,0,0,0,0,0,0,0,0,0,1,0,0,0,0,0,0,0,0,0,179,1,0,0,0,1,0,0,0,0,1016090.0895230025,210347.28932891786,4
0,0,0,0,0,0,0,1,0,0,0,0,0,0,0,0,0,1,0,0,0,0,0,0,0,0,0,180,1,0,0,0,0,0,0,0,1,1018351.6827688366,211951.6135480851,4
1,0,0,0,0,0,0,0,0,0,0,0,0,0,0,0,0,1,0,0,0,0,0,0,0,0,0,181,1,1,0,0,0,0,0,0,0,1018474.9732046723,211969.06101974845,4
0,0,0,0,1,0,0,0,0,0,0,0,0,0,0,0,0,1,0,0,0,0,0,0,0,0,0,182,1,0,0,0,0,1,0,0,0,1018879.4179338366,216650.5539533347,4
0,1,0,0,0,0,0,0,0,0,0,0,0,0,0,0,0,1,0,0,0,0,0,0,0,0,0,183,1,0,1,0,0,0,0,0,0,1019520.8044463396,214380.0863814205,4
0,0,0,0,1,0,0,0,0,0,0,0,0,0,0,0,0,1,0,0,0,0,0,0,0,0,0,184,1,0,0,0,0,1,0,0,0,1019252.5700746775,215025.859040007,4
0,0,0,0,0,0,0,1,0,0,0,0,0,0,0,0,0,1,0,0,0,0,0,0,0,0,0,185,1,0,0,0,0,0,0,0,1,1015252.0856215954,236829.44732250273,4
0,0,0,0,0,1,0,0,0,0,0,0,0,0,0,0,0,1,0,0,0,0,0,0,0,0,0,186,1,0,0,0,0,0,1,0,0,1017508.1444296688,239225.94121716917,4
0,0,0,0,0,0,1,0,1,0,0,0,0,0,0,1,0,1,0,0,0,0,0,0,0,0,0,187,0,0,0,0,0,0,0,0,0,1011117.939690426,243842.82601225376,4
0,0,0,0,0,1,0,0,0,0,0,0,0,0,0,0,0,1,0,0,0,0,0,0,0,0,0,188,1,0,0,0,0,0,1,0,0,1011526.050094679,247827.87906575203,4
0,0,0,1,0,0,0,0,0,0,0,0,0,0,0,0,0,1,0,0,0,0,0,0,0,0,0,189,1,0,0,0,1,0,0,0,0,1012945.8635280132,242976.55051383376,4
1,0,0,0,0,0,0,0,0,0,0,0,0,0,0,0,0,1,0,0,0,0,0,0,0,0,0,190,1,1,0,0,0,0,0,0,0,1015260.5636230111,246727.18933799863,4
0,0,0,0,0,0,0,1,0,0,0,0,0,0,0,0,0,1,0,0,0,0,0,0,0,0,0,191,1,0,0,0,0,0,0,0,1,1016401.9064846784,247804.3292440921,4
0,0,0,1,0,0,0,0,0,0,0,0,0,0,0,0,0,1,0,0,0,0,0,0,0,0,0,192,1,0,0,0,1,0,0,0,0,1011917.6661093384,255535.58379466832,4
0,0,0,0,0,1,0,0,0,0,0,0,0,0,0,0,0,1,0,0,0,0,0,0,0,0,0,193,1,0,0,0,0,0,1,0,0,1012129.6053180099,252133.56927324831,4
0,0,0,0,1,0,0,0,0,0,0,0,0,0,0,0,0,1,0,0,0,0,0,0,0,0,0,194,1,0,0,0,0,1,0,0,0,1012233.2078010887,252362.55503575504,4
0,0,1,0,0,0,0,0,0,0,0,0,0,0,0,0,0,1,0,0,0,0,0,0,0,0,0,195,1,0,0,1,0,0,0,0,0,1012384.4739027619,252736.94733159244,4
1,0,0,0,0,0,0,0,0,0,0,0,0,0,0,0,0,1,0,0,0,0,0,0,0,0,0,196,1,1,0,0,0,0,0,0,0,1012700.5523388386,253506.30602909625,4
0,0,0,1,0,0,0,0,0,0,0,0,0,0,0,0,0,1,0,0,0,0,0,0,0,0,0,197,1,0,0,0,1,0,0,0,0,1013463.0803413391,254827.5008932501,4
0,0,0,0,0,1,0,0,0,0,0,0,0,0,0,0,0,1,0,0,0,0,0,0,0,0,0,198,1,0,0,0,0,0,1,0,0,1019524.0131013393,265828.60389100015,4
0,0,0,1,0,0,0,0,0,0,0,0,0,0,0,0,0,1,0,0,0,0,0,0,0,0,0,199,1,0,0,0,1,0,0,0,0,1020176.2493296713,206536.06040284038,4
1,0,0,0,0,0,0,0,0,0,0,0,0,0,0,0,0,1,0,0,0,0,0,0,0,0,0,200,1,1,0,0,0,0,0,0,0,1020950.8504707515,209517.55017475784,4
0,0,0,1,0,0,0,0,0,0,0,0,0,0,0,0,0,1,1,0,0,0,1,0,0,0,0,201,0,0,0,0,0,0,0,0,0,1021065.6471571773,208847.18078058958,4
0,0,0,0,0,1,0,0,0,0,0,0,0,0,0,0,0,1,0,0,0,0,0,0,0,0,0,202,1,0,0,0,0,0,1,0,0,1021484.7732874304,216687.17789584398,4
0,0,0,0,0,0,0,1,0,0,0,0,0,0,0,0,0,1,0,0,0,0,0,0,0,0,0,203,1,0,0,0,0,0,0,0,1,1027153.2921340913,215863.7510650009,4
0,0,0,0,0,0,1,0,0,0,0,0,0,0,0,0,0,1,0,0,0,0,0,0,0,0,0,204,1,0,0,0,0,0,0,1,0,1028736.405765757,225532.69793441892,4
0,0,0,1,0,0,0,0,0,0,0,0,0,0,0,0,0,1,0,0,0,0,0,0,0,0,0,205,1,0,0,0,1,0,0,0,0,1022452.3894624263,237011.67727300525,4
0,0,0,1,0,0,0,0,0,0,0,0,0,0,0,0,0,1,0,0,0,0,0,0,0,0,0,206,1,0,0,0,1,0,0,0,0,1023617.2821457535,238012.99777692556,4
0,0,0,1,0,0,0,0,0,0,0,0,0,0,0,0,0,1,0,0,0,0,0,0,0,0,0,207,1,0,0,0,1,0,0,0,0,1022808.2056799233,241123.28322300315,4
0,0,0,0,1,0,0,0,0,0,0,0,0,0,0,0,0,1,0,0,0,0,0,0,0,0,0,208,1,0,0,0,0,1,0,0,0,1021170.6928788424,252474.80874826014,4
0,0,1,1,0,0,0,0,0,0,0,0,0,0,0,0,0,2,1,0,0,1,0,0,0,0,0,209,1,0,0,0,1,0,0,0,0,1024526.4801305085,250519.07118992507,4
0,0,0,0,0,0,0,1,0,0,0,0,0,0,0,0,0,1,1,0,0,0,0,0,0,0,1,210,0,0,0,0,0,0,0,0,0,1026099.0061849207,261375.48943766952,4
0,0,0,0,1,0,0,0,0,0,0,0,0,0,0,0,0,1,0,0,0,0,0,0,0,0,0,211,1,0,0,0,0,1,0,0,0,1026071.1125399172,263801.0554526746,4
0,0,0,1,0,0,0,0,0,0,0,0,0,0,0,0,0,1,0,0,0,0,0,0,0,0,0,212,1,0,0,0,1,0,0,0,0,1027475.994900763,264626.4274895936,4
0,0,1,0,0,0,0,0,0,0,0,0,0,0,0,0,0,1,0,0,0,0,0,0,0,0,0,213,1,0,0,1,0,0,0,0,0,1027332.4026682526,266080.0335062593,4
0,0,1,0,0,0,0,0,0,0,0,0,0,0,0,0,0,1,0,0,0,0,0,0,0,0,0,214,1,0,0,1,0,0,0,0,0,1031533.9854724258,204656.28693142533,4
1,0,0,0,0,0,0,0,0,0,0,0,0,0,0,0,0,1,0,0,0,0,0,0,0,0,0,215,1,1,0,0,0,0,0,0,0,1038298.7255518436,206423.69481392205,4
0,0,0,0,0,0,1,0,0,0,0,0,0,0,0,0,0,1,0,0,0,0,0,0,0,0,0,216,1,0,0,0,0,0,0,1,0,1032441.063710764,211128.2588955909,4
0,0,0,1,0,0,0,0,0,0,0,0,0,0,0,0,0,1,0,0,0,0,0,0,0,0,0,217,1,0,0,0,1,0,0,0,0,1032817.7194535136,211177.10066142678,4
0,0,1,0,0,0,0,0,0,0,0,0,0,0,0,0,0,1,0,0,0,0,0,0,0,0,0,218,1,0,0,1,0,0,0,0,0,1032213.1110826731,213476.4234905839,4
1,0,0,0,0,0,0,0,0,0,0,0,0,0,0,0,0,1,0,0,0,0,0,0,0,0,0,219,1,1,0,0,0,0,0,0,0,1033147.4336890876,217909.27847000957,4
0,0,1,0,0,0,0,0,0,0,0,0,0,0,0,0,0,1,1,0,0,1,0,0,0,0,0,220,0,0,0,0,0,0,0,0,0,1036073.0741632581,218062.9034908414,4
1,0,0,0,0,0,0,0,0,0,0,0,0,0,0,0,0,1,0,0,0,0,0,0,0,0,0,221,1,1,0,0,0,0,0,0,0,1032531.3227165937,223401.44596333802,4
0,0,0,0,0,0,1,0,0,0,0,0,0,0,0,0,0,1,0,0,0,0,0,0,0,0,0,222,1,0,0,0,0,0,0,1,0,1030672.2975632548,243633.1764971763,4
0,0,0,1,0,0,0,0,0,0,0,0,0,0,0,0,0,1,0,0,0,0,0,0,0,0,0,223,1,0,0,0,1,0,0,0,0,1031732.6786445975,259388.46060334146,4
0,0,0,1,0,0,0,0,0,0,0,0,0,0,0,0,0,1,0,0,0,0,0,0,0,0,0,224,1,0,0,0,1,0,0,0,0,1043392.8817020953,209173.0922022611,4
1,0,0,0,0,0,0,0,0,0,0,0,0,0,0,0,0,1,1,1,0,0,0,0,0,0,0,225,0,0,0,0,0,0,0,0,0,1041419.4574993402,218864.26671750844,4
0,0,0,1,0,0,0,0,0,0,0,0,0,0,0,0,0,1,0,0,0,0,0,0,0,0,0,226,1,0,0,0,1,0,0,0,0,1047178.0841054171,212689.4139097482,4
0,0,0,1,0,0,0,0,0,0,0,0,0,0,0,0,0,1,1,0,0,0,1,0,0,0,0,227,0,0,0,0,0,0,0,0,0,1048490.8406662643,213821.18953333795,4
0,0,0,1,0,0,0,0,0,0,0,0,0,0,0,0,0,1,0,0,0,0,0,0,0,0,0,228,1,0,0,0,1,0,0,0,0,1052563.640919596,209850.85659475625,4
0,1,0,0,0,0,0,0,0,0,0,0,0,0,0,0,0,1,1,0,1,0,0,0,0,0,0,229,0,0,0,0,0,0,0,0,0,1054491.5766962618,207442.11797392368,4
0,0,0,0,0,0,1,0,0,0,0,0,0,0,0,0,0,1,0,0,0,0,0,0,0,0,0,230,1,0,0,0,0,0,0,1,0,1053197.117342919,212735.9426880926,4
0,0,0,1,0,0,0,0,0,0,0,0,0,0,0,0,0,1,0,0,0,0,0,0,0,0,0,231,1,0,0,0,1,0,0,0,0,1060163.5827406794,210256.433211416,4
0,0,0,0,0,0,0,1,0,0,0,0,0,0,0,0,0,1,0,0,0,0,0,0,0,0,0,232,1,0,0,0,0,0,0,0,1,976716.5606586784,167259.47983542085,4
1,0,0,0,0,0,0,0,0,0,0,0,0,0,0,0,0,1,0,0,0,0,0,0,0,0,0,233,1,1,0,0,0,0,0,0,0,995768.1656000018,196950.13469283283,4
0,0,0,0,0,1,0,0,0,0,0,0,0,0,0,0,0,1,0,0,0,0,0,0,0,0,0,234,1,0,0,0,0,0,1,0,0,1001590.2730502635,245061.10015051067,4
0,0,0,1,0,0,0,0,0,0,0,0,0,0,0,0,0,1,0,0,0,0,0,0,0,0,0,235,1,0,0,0,1,0,0,0,0,1010430.3111444265,245241.9823346734,4
0,1,1,0,0,0,0,0,0,0,0,0,0,0,0,0,0,2,2,0,1,1,0,0,0,0,0,236,0,0,0,0,0,0,0,0,0,1013585.8855419308,252171.92549575865,4
0,0,0,1,0,0,0,0,0,0,0,0,0,0,0,0,0,1,0,0,0,0,0,0,0,0,0,237,1,0,0,0,1,0,0,0,0,1065194.635342583,212362.03267475963,4
0,0,0,0,0,1,0,0,0,0,0,0,0,0,0,0,0,1,1,0,0,0,0,0,1,0,0,238,0,0,0,0,0,0,0,0,0,995121.7462891787,197732.28207866848,4
0,0,0,0,0,0,1,0,0,0,0,0,0,0,0,0,0,1,0,0,0,0,0,0,0,0,0,239,1,0,0,0,0,0,0,1,0,1046971.0897687525,179677.59443484247,4
0,1,0,0,0,0,0,0,0,0,0,0,0,0,0,0,0,1,1,0,1,0,0,0,0,0,0,240,0,0,0,0,0,0,0,0,0,1000633.3202397525,212847.60913142562,4
0,0,0,0,0,2,0,0,0,0,0,0,0,0,0,0,0,2,0,0,0,0,0,0,0,0,0,241,2,0,0,0,0,0,2,0,0,1008326.7457977533,232263.9475952536,4
0,1,0,0,0,0,0,0,0,0,0,0,0,0,0,0,0,1,0,0,0,0,0,0,0,0,0,242,1,0,1,0,0,0,0,0,0,1008112.7206352502,247413.43107575178,4
0,0,0,0,0,1,0,0,0,0,0,0,0,0,0,0,0,1,1,0,0,0,0,0,1,0,0,243,0,0,0,0,0,0,0,0,0,1047480.7967545837,178895.77841317654,4
0,0,0,1,0,0,0,0,0,0,0,0,0,0,0,0,0,1,1,0,0,0,1,0,0,0,0,244,0,0,0,0,0,0,0,0,0,1005082.4117352515,174171.85085317492,4
0,0,0,0,1,0,0,0,0,0,0,0,0,0,0,0,0,1,0,0,0,0,0,0,0,0,0,245,1,0,0,0,0,1,0,0,0,1027507.3104549199,202178.59864534438,4
0,0,0,0,0,1,0,0,0,0,0,0,0,0,0,0,0,1,0,0,0,0,0,0,0,0,0,246,1,0,0,0,0,0,1,0,0,1011718.3531877548,234882.09491801262,4
1,0,0,0,0,0,0,0,0,0,0,0,0,0,0,0,0,1,0,0,0,0,0,0,0,0,0,1,1,1,0,0,0,0,0,0,0,927866.7453007549,127561.73574025929,5
0,0,0,0,1,0,0,0,0,0,0,0,0,0,0,0,0,1,1,0,0,0,0,1,0,0,0,2,0,0,0,0,0,0,0,0,0,932512.3590410054,130237.58012609184,5
1,0,0,0,0,0,0,0,0,0,0,0,0,0,0,0,0,1,0,0,0,0,0,0,0,0,0,3,1,1,0,0,0,0,0,0,0,944104.9798845947,137455.7937080115,5
0,0,0,1,0,0,0,0,0,0,0,0,0,0,0,0,0,1,1,0,0,0,1,0,0,0,0,4,0,0,0,0,0,0,0,0,0,950973.870346263,149084.32983408868,5
0,0,0,0,0,0,1,0,0,0,0,0,0,0,0,0,0,1,0,0,0,0,0,0,0,0,0,5,1,0,0,0,0,0,0,1,0,950047.2905065119,168552.66294458508,5
0,0,0,1,0,0,0,0,0,0,0,0,0,0,0,0,0,1,1,0,0,0,1,0,0,0,0,6,0,0,0,0,0,0,0,0,0,952808.2429898381,166292.23439459503,5
0,0,0,0,0,1,0,0,0,0,0,0,0,0,0,0,0,1,1,0,0,0,0,0,1,0,0,7,0,0,0,0,0,0,0,0,0,957845.0570631772,173200.15988317132,5
0,0,0,1,0,0,0,0,0,0,0,0,0,0,0,0,0,1,1,0,0,0,1,0,0,0,0,8,0,0,0,0,0,0,0,0,0,966200.4826095104,159815.30246658623,5
0,0,0,1,0,0,0,0,0,0,0,0,0,0,0,0,0,1,0,0,0,0,0,0,0,0,0,9,1,0,0,0,1,0,0,0,0,967085.1202759296,156535.89596767724,5
1,0,0,0,0,0,0,0,0,0,0,0,0,0,0,0,0,1,1,1,0,0,0,0,0,0,0,10,0,0,0,0,0,0,0,0,0,973263.2965678424,164615.44312874973,5
0,1,0,0,0,0,0,0,0,0,0,0,0,0,0,0,0,1,1,0,1,0,0,0,0,0,0,11,0,0,0,0,0,0,0,0,0,986887.9540297538,149987.86805325747,5
0,0,0,0,0,0,1,0,0,0,0,0,0,0,0,0,0,1,0,0,0,0,0,0,0,0,0,12,1,0,0,0,0,0,0,1,0,984988.9125522524,157344.90681684017,5
1,0,0,0,0,0,0,0,0,0,0,0,0,0,0,0,0,1,0,0,0,0,0,0,0,0,0,13,1,1,0,0,0,0,0,0,0,987520.5675939173,156333.7211751789,5
0,0,0,1,0,0,0,0,0,0,0,0,0,0,0,0,0,1,0,0,0,0,0,0,0,0,0,14,1,0,0,0,1,0,0,0,0,980022.994334504,161281.71948125958,5
0,0,0,1,0,0,0,0,0,0,0,0,0,0,0,0,0,1,0,0,0,0,0,0,0,0,0,15,1,0,0,0,1,0,0,0,0,980998.2318853438,162512.4978595823,5
1,0,0,0,0,0,0,0,0,0,0,0,0,0,0,0,0,1,0,0,0,0,0,0,0,0,0,16,1,1,0,0,0,0,0,0,0,982476.9917230904,160043.11992433667,5
0,0,1,0,0,0,0,0,0,0,0,0,0,0,0,0,0,1,1,0,0,1,0,0,0,0,0,17,0,0,0,0,0,0,0,0,0,982428.7241030931,163062.6283210069,5
0,0,0,0,0,0,1,0,0,0,0,0,0,0,0,0,0,1,0,0,0,0,0,0,0,0,0,18,1,0,0,0,0,0,0,1,0,986975.7163214236,164842.78519375622,5
0,0,0,1,0,0,0,0,0,0,0,0,0,0,0,0,0,1,0,0,0,0,0,0,0,0,0,19,1,0,0,0,1,0,0,0,0,987787.5913380831,165895.99502958357,5
0,0,0,0,0,0,1,0,0,0,0,0,0,0,0,0,0,1,0,0,0,0,0,0,0,0,0,20,1,0,0,0,0,0,0,1,0,980154.8835064173,170246.04538458586,5
0,0,0,0,0,0,1,0,0,0,0,0,0,0,0,0,0,1,0,0,0,0,0,0,0,0,0,21,1,0,0,0,0,0,0,1,0,982584.15358226,184886.03185258806,5
0,0,0,0,0,0,1,0,0,0,0,0,0,0,0,0,0,1,0,0,0,0,0,0,0,0,0,22,1,0,0,0,0,0,0,1,0,987020.1059964299,184347.95254817605,5
0,0,0,0,0,0,1,0,0,0,0,0,0,0,0,0,0,1,0,0,0,0,0,0,0,0,0,23,1,0,0,0,0,0,0,1,0,987080.6898647547,197982.70152534544,5
0,0,0,0,0,0,0,1,0,0,0,0,0,0,0,0,0,1,0,0,0,0,0,0,0,0,0,24,1,0,0,0,0,0,0,0,1,988494.0236522555,190381.05039009452,5
0,0,0,1,0,0,0,0,0,0,0,0,0,0,0,0,0,1,0,0,0,0,0,0,0,0,0,25,1,0,0,0,1,0,0,0,0,989387.9155652523,190637.5249427557,5
0,0,1,0,0,0,0,0,0,0,0,0,0,0,0,0,0,1,1,0,0,1,0,0,0,0,0,26,0,0,0,0,0,0,0,0,0,997863.1909375042,149529.07303908467,5
0,0,1,0,0,0,0,0,0,0,0,0,0,0,0,0,0,1,0,0,0,0,0,0,0,0,0,27,1,0,0,1,0,0,0,0,0,991255.4436543435,150547.7058443427,5
0,0,0,0,0,0,1,0,0,0,0,0,0,0,0,0,0,1,0,0,0,0,0,0,0,0,0,28,1,0,0,0,0,0,0,1,0,996820.8373791724,156064.60425934196,5
1,0,0,0,0,0,0,0,0,0,0,0,0,0,0,0,0,1,0,0,0,0,0,0,0,0,0,29,1,1,0,0,0,0,0,0,0,997411.0166450143,157603.1215234995,5
0,0,0,0,1,0,0,0,0,0,0,0,0,0,0,0,0,1,1,0,0,0,0,1,0,0,0,30,0,0,0,0,0,0,0,0,0,997625.0778966695,158472.6867135018,5
0,0,0,0,0,0,0,1,1,0,0,0,0,0,0,0,1,1,0,0,0,0,0,0,0,0,0,31,0,0,0,0,0,0,0,0,0,991860.9558947533,160304.3825251758,5
0,0,0,1,0,0,0,0,0,0,0,0,0,0,0,0,0,1,0,0,0,0,0,0,0,0,0,32,1,0,0,0,1,0,0,0,0,992846.0589114279,161245.27631267905,5
0,0,0,0,0,1,0,0,0,0,0,0,0,0,0,0,0,1,1,0,0,0,0,0,1,0,0,33,0,0,0,0,0,0,0,0,0,993222.1273850054,161305.37789849937,5
0,0,0,0,0,0,0,1,0,0,0,0,0,0,0,0,0,1,0,0,0,0,0,0,0,0,0,34,1,0,0,0,0,0,0,0,1,993089.4373616725,162228.55190517008,5
0,0,0,1,0,0,0,0,0,0,0,0,0,0,0,0,0,1,0,0,0,0,0,0,0,0,0,35,1,0,0,0,1,0,0,0,0,993892.8806366771,165115.47165626287,5
1,0,0,0,0,0,0,0,0,0,0,0,0,0,0,0,0,1,0,0,0,0,0,0,0,0,0,36,1,1,0,0,0,0,0,0,0,994422.2299716771,163414.0741404295,5
0,0,1,0,0,0,0,0,0,0,0,0,0,0,0,0,0,1,0,0,0,0,0,0,0,0,0,37,1,0,0,1,0,0,0,0,0,991602.6165164262,175214.06038291752,5
0,0,1,0,0,0,0,0,0,0,0,0,0,0,0,0,0,1,0,0,0,0,0,0,0,0,0,38,1,0,0,1,0,0,0,0,0,998412.9831450135,174319.37057125568,5
0,0,0,1,0,0,0,0,0,0,0,0,0,0,0,0,0,1,0,0,0,0,0,0,0,0,0,39,1,0,0,0,1,0,0,0,0,999480.7464294285,171156.41757959127,5
0,0,1,0,0,0,0,0,0,0,0,0,0,0,0,0,0,1,0,0,0,0,0,0,0,0,0,40,1,0,0,1,0,0,0,0,0,999411.0028025061,172008.4168598354,5
1,0,0,0,0,0,0,0,0,0,0,0,0,0,0,0,0,1,0,0,0,0,0,0,0,0,0,41,1,1,0,0,0,0,0,0,0,990502.1754758358,188495.92292675376,5
0,0,0,0,0,0,1,0,1,0,0,0,0,0,0,1,0,1,0,0,0,0,0,0,0,0,0,42,0,0,0,0,0,0,0,0,0,994737.5213358402,183246.94753234088,5
0,0,0,0,0,0,0,1,0,0,0,0,0,0,0,0,0,1,0,0,0,0,0,0,0,0,0,43,1,0,0,0,0,0,0,0,1,996898.6521841735,189127.76549509168,5
0,0,0,1,0,0,0,0,0,0,0,0,0,0,0,0,0,1,0,0,0,0,0,0,0,0,0,44,1,0,0,0,1,0,0,0,0,997851.3011975139,181158.6446223408,5
0,0,0,0,0,0,1,0,0,0,0,0,0,0,0,0,0,1,0,0,0,0,0,0,0,0,0,45,1,0,0,0,0,0,0,1,0,997213.1069358438,183381.549953416,5
1,0,0,0,0,0,0,0,0,0,0,0,0,0,0,0,0,1,1,1,0,0,0,0,0,0,0,46,0,0,0,0,0,0,0,0,0,997290.03919667,186556.6387475878,5
1,0,0,0,0,0,0,0,0,0,0,0,0,0,0,0,0,1,0,0,0,0,0,0,0,0,0,47,1,1,0,0,0,0,0,0,0,997142.6740058362,187525.89533925056,5
0,0,1,0,0,0,0,0,0,0,0,0,0,0,0,0,0,1,1,0,0,1,0,0,0,0,0,48,0,0,0,0,0,0,0,0,0,992918.2303550094,193490.73249092698,5
0,1,0,0,0,0,0,0,1,0,1,0,0,0,0,0,0,1,0,0,0,0,0,0,0,0,0,49,0,0,0,0,0,0,0,0,0,995355.308814168,198237.93067367375,5
0,1,0,0,0,0,0,0,0,0,0,0,0,0,0,0,0,1,0,0,0,0,0,0,0,0,0,50,1,0,1,0,0,0,0,0,0,997618.6113741696,199781.8252236694,5
1,0,0,0,0,0,0,0,0,0,0,0,0,0,0,0,0,1,0,0,0,0,0,0,0,0,0,51,1,1,0,0,0,0,0,0,0,999799.6995316744,198551.66036117077,5
0,0,0,0,0,0,0,1,0,0,0,0,0,0,0,0,0,1,0,0,0,0,0,0,0,0,0,52,1,0,0,0,0,0,0,0,1,983690.4046505839,209040.36937059462,5
0,0,0,0,1,0,0,0,0,0,0,0,0,0,0,0,0,1,0,0,0,0,0,0,0,0,0,53,1,0,0,0,0,1,0,0,0,984262.1390714198,200869.51005616784,5
0,0,1,0,0,0,0,0,0,0,0,0,0,0,0,0,0,1,0,0,0,0,0,0,0,0,0,54,1,0,0,1,0,0,0,0,0,984961.1698255837,209477.01875975728,5
0,0,0,0,0,1,0,0,0,0,0,0,0,0,0,0,0,1,0,0,0,0,0,0,0,0,0,55,1,0,0,0,0,0,1,0,0,985086.1400480866,200331.5714995116,5
1,0,0,0,0,0,0,0,0,0,0,0,0,0,0,0,0,1,0,0,0,0,0,0,0,0,0,56,1,1,0,0,0,0,0,0,0,985644.4952305853,201820.46287867427,5
0,0,0,1,0,0,0,0,0,0,0,0,0,0,0,0,0,1,0,0,0,0,0,0,0,0,0,57,1,0,0,0,1,0,0,0,0,986118.2013041675,202449.8051239252,5
0,0,0,0,0,0,1,0,0,0,0,0,0,0,0,0,0,1,0,0,0,0,0,0,0,0,0,58,1,0,0,0,0,0,0,1,0,986820.5427472591,205191.1907172501,5
0,0,0,0,0,1,0,0,0,0,0,0,0,0,0,0,0,1,0,0,0,0,0,0,0,0,0,59,1,0,0,0,0,0,1,0,0,986156.7711089253,207673.08535975218,5
1,0,0,0,0,0,0,0,0,0,0,0,0,0,0,0,0,1,0,0,0,0,0,0,0,0,0,60,1,1,0,0,0,0,0,0,0,987931.0260905921,200117.50368617475,5
0,0,0,0,0,1,0,0,0,0,0,0,0,0,0,0,0,1,0,0,0,0,0,0,0,0,0,61,1,0,0,0,0,0,1,0,0,988029.4379672557,208946.1897689253,5
0,0,0,0,1,0,0,0,1,0,0,0,0,1,0,0,0,1,0,0,0,0,0,0,0,0,0,62,0,0,0,0,0,0,0,0,0,989431.2560297549,201850.72823809087,5
0,0,0,0,0,0,1,0,0,0,0,0,0,0,0,0,0,1,0,0,0,0,0,0,0,0,0,63,1,0,0,0,0,0,0,1,0,984487.4571903348,214192.32724250853,5
1,0,0,0,0,0,0,0,0,0,0,0,0,0,0,0,0,1,0,0,0,0,0,0,0,0,0,64,1,1,0,0,0,0,0,0,0,986465.0808597505,212194.61503058672,5
0,0,0,0,0,0,1,0,0,0,0,0,0,0,0,0,0,1,0,0,0,0,0,0,0,0,0,65,1,0,0,0,0,0,0,1,0,996508.4922033399,200029.12787866592,5
0,0,1,0,0,0,0,0,0,0,0,0,0,0,0,0,0,1,1,0,0,1,0,0,0,0,0,66,0,0,0,0,0,0,0,0,0,996764.9254175127,206601.17149308324,5
0,0,0,0,0,0,0,1,0,0,0,0,0,0,0,0,0,1,1,0,0,0,0,0,0,0,1,67,0,0,0,0,0,0,0,0,0,990886.443080008,215157.66651916504,5
0,0,0,0,1,0,0,0,1,0,0,0,0,1,0,0,0,1,0,0,0,0,0,0,0,0,0,68,0,0,0,0,0,0,0,0,0,998753.7016236782,217696.7483832538,5
0,0,1,0,0,0,0,0,0,0,0,0,0,0,0,0,0,1,0,0,0,0,0,0,0,0,0,69,1,0,0,1,0,0,0,0,0,990508.2154900134,220369.81488750875,5
0,0,0,1,0,0,0,0,0,0,0,0,0,0,0,0,0,1,0,0,0,0,0,0,0,0,0,70,1,0,0,0,1,0,0,0,0,990898.6182525009,227620.08877275884,5
0,0,0,0,0,0,0,1,0,0,0,0,0,0,0,0,0,1,0,0,0,0,0,0,0,0,0,71,1,0,0,0,0,0,0,0,1,991531.9568808377,228764.71246775985,5
0,0,0,1,0,0,0,0,0,0,0,0,0,0,0,0,0,1,0,0,0,0,0,0,0,0,0,72,1,0,0,0,1,0,0,0,0,991804.3221497536,229256.45689108968,5
0,0,0,1,0,1,0,0,0,0,0,0,0,0,0,0,0,2,0,0,0,0,0,0,0,0,0,73,2,0,0,0,1,0,1,0,0,992062.5795072615,228790.9755385816,5
0,0,0,0,0,0,1,0,0,0,0,0,0,0,0,0,0,1,0,0,0,0,0,0,0,0,0,74,1,0,0,0,0,0,0,1,0,993379.3875691742,220706.96316334605,5
1,0,0,0,0,0,0,0,0,0,0,0,0,0,0,0,0,1,0,0,0,0,0,0,0,0,0,75,1,1,0,0,0,0,0,0,0,994740.116475001,222113.4596941769,5
0,0,0,1,0,0,0,0,0,0,0,0,0,0,0,0,0,1,0,0,0,0,0,0,0,0,0,76,1,0,0,0,1,0,0,0,0,996343.7582808435,221852.10851083696,5
0,0,0,0,0,0,0,1,0,0,0,0,0,0,0,0,0,1,1,0,0,0,0,0,0,0,1,77,0,0,0,0,0,0,0,0,0,997839.1637545973,225592.64072792232,5
0,0,0,0,0,0,0,1,0,0,0,0,0,0,0,0,0,1,0,0,0,0,0,0,0,0,0,78,1,0,0,0,0,0,0,0,1,997206.722434178,226564.17553025484,5
0,0,0,0,1,0,0,0,0,0,0,0,0,0,0,0,0,1,0,0,0,0,0,0,0,0,0,79,1,0,0,0,0,1,0,0,0,998756.6241900027,221724.26427833736,5
0,0,1,0,0,0,0,0,0,0,0,0,0,0,0,0,0,1,0,0,0,0,0,0,0,0,0,80,1,0,0,1,0,0,0,0,0,998508.7096595913,224302.0629285127,5
1,0,0,0,0,0,0,0,0,0,0,0,0,0,0,0,0,1,0,0,0,0,0,0,0,0,0,81,1,1,0,0,0,0,0,0,0,998281.3922008425,225347.96733275056,5
0,0,1,0,0,0,0,0,1,0,0,1,0,0,0,0,0,1,0,0,0,0,0,0,0,0,0,82,0,0,0,0,0,0,0,0,0,998862.312955007,227441.90343359113,5
0,0,0,0,0,1,0,0,1,0,0,0,0,0,1,0,0,1,0,0,0,0,0,0,0,0,0,83,0,0,0,0,0,0,0,0,0,998939.5732991695,228642.30785691738,5
1,0,0,0,0,0,0,0,0,0,0,0,0,0,0,0,0,1,1,1,0,0,0,0,0,0,0,84,0,0,0,0,0,0,0,0,0,999433.0500025004,227425.68955525756,5
0,0,0,1,0,0,0,0,0,0,0,0,0,0,0,0,0,1,0,0,0,0,0,0,0,0,0,85,1,0,0,0,1,0,0,0,0,994638.6107725054,232520.7056119293,5
0,0,1,0,0,0,0,0,1,0,0,1,0,0,0,0,0,1,0,0,0,0,0,0,0,0,0,86,0,0,0,0,0,0,0,0,0,995178.8065425009,230725.85027775168,5
0,0,1,0,0,0,0,0,0,0,0,0,0,0,0,0,0,1,0,0,0,0,0,0,0,0,0,87,1,0,0,1,0,0,0,0,0,996996.5096000135,233056.65270274878,5
0,1,0,0,0,0,0,0,1,0,1,0,0,0,0,0,0,1,0,0,0,0,0,0,0,0,0,88,0,0,0,0,0,0,0,0,0,999342.3710500002,233575.10310941935,5
0,0,0,0,0,0,1,0,0,0,0,0,0,0,0,0,0,1,0,0,0,0,0,0,0,0,0,89,1,0,0,0,0,0,0,1,0,1003126.0445850044,152135.93429517746,5
0,1,0,0,0,0,0,0,0,0,0,0,0,0,0,0,0,1,0,0,0,0,0,0,0,0,0,90,1,0,1,0,0,0,0,0,0,1005245.180438593,155034.163406834,5
0,0,1,0,0,0,0,0,0,0,0,0,0,0,0,0,0,1,0,0,0,0,0,0,0,0,0,91,1,0,0,1,0,0,0,0,0,1003572.5164610893,166784.88104708493,5
0,0,0,2,0,0,0,0,0,0,0,0,0,0,0,0,0,2,2,0,0,0,2,0,0,0,0,92,0,0,0,0,0,0,0,0,0,1005769.0245352536,161455.80049791932,5
0,0,0,0,0,0,1,0,0,0,0,0,0,0,0,0,0,1,0,0,0,0,0,0,0,0,0,93,1,0,0,0,0,0,0,1,0,1007148.1293885857,165876.78903125226,5
0,0,0,0,0,1,0,0,0,0,0,0,0,0,0,0,0,1,0,0,0,0,0,0,0,0,0,94,1,0,0,0,0,0,1,0,0,1003925.2322910875,172378.94794292748,5
0,2,0,0,0,0,0,0,0,0,0,0,0,0,0,0,0,2,2,0,2,0,0,0,0,0,0,95,0,0,0,0,0,0,0,0,0,1003855.639254421,173231.13094983995,5
0,0,0,0,0,0,0,1,0,0,0,0,0,0,0,0,0,1,1,0,0,0,0,0,0,0,1,96,0,0,0,0,0,0,0,0,0,1006772.9923435897,170445.97247816622,5
0,0,0,0,0,1,0,0,0,0,0,0,0,0,0,0,0,1,1,0,0,0,0,0,1,0,0,97,0,0,0,0,0,0,0,0,0,1009882.9762810916,173089.30413375795,5
0,0,0,0,0,0,0,1,0,0,0,0,0,0,0,0,0,1,0,0,0,0,0,0,0,0,0,98,1,0,0,0,0,0,0,0,1,1000217.064182505,182188.44866508245,5
0,0,0,0,0,1,0,0,0,0,0,0,0,0,0,0,0,1,1,0,0,0,0,0,1,0,0,99,0,0,0,0,0,0,0,0,0,1001821.9326919168,183054.1329573393,5
0,1,0,0,0,0,0,0,0,0,0,0,0,0,0,0,0,1,0,0,0,0,0,0,0,0,0,100,1,0,1,0,0,0,0,0,0,1006409.981258586,180151.27130900323,5
0,0,0,1,0,0,0,0,0,0,0,0,0,0,0,0,0,1,0,0,0,0,0,0,0,0,0,101,1,0,0,0,1,0,0,0,0,1007465.5270477533,186511.44559650123,5
0,0,0,0,0,0,1,0,1,0,0,0,0,0,0,1,0,1,0,0,0,0,0,0,0,0,0,102,0,0,0,0,0,0,0,0,0,1007533.696202755,189242.14190675318,5
0,0,0,0,0,0,1,0,0,0,0,0,0,0,0,0,0,1,1,0,0,0,0,0,0,1,0,103,0,0,0,0,0,0,0,0,0,1009448.59066692,185083.84969842434,5
0,0,0,0,0,0,0,1,0,0,0,0,0,0,0,0,0,1,0,0,0,0,0,0,0,0,0,104,1,0,0,0,0,0,0,0,1,1000351.3027591705,194574.89994201064,5
0,0,1,0,0,0,0,0,0,0,0,0,0,0,0,0,0,1,0,0,0,0,0,0,0,0,0,105,1,0,0,1,0,0,0,0,0,1000194.3811570108,195423.0501485914,5
1,0,0,0,0,0,0,0,0,0,0,0,0,0,0,0,0,1,0,0,0,0,0,0,0,0,0,106,1,1,0,0,0,0,0,0,0,1000160.9156727642,195681.7448411733,5
1,0,0,0,0,0,0,0,1,1,0,0,0,0,0,0,0,1,0,0,0,0,0,0,0,0,0,107,0,0,0,0,0,0,0,0,0,1002212.3288927525,193214.0893434286,5
0,0,0,0,0,1,0,0,0,0,0,0,0,0,0,0,0,1,1,0,0,0,0,0,1,0,0,108,0,0,0,0,0,0,0,0,0,1003301.1193660945,194885.96887367964,5
0,0,0,0,0,1,0,0,0,0,0,0,0,0,0,0,0,1,0,0,0,0,0,0,0,0,0,109,1,0,0,0,0,0,1,0,0,1008918.4867402613,194147.40112508833,5
0,0,1,0,0,0,0,0,0,0,0,0,0,0,0,0,0,1,1,0,0,1,0,0,0,0,0,110,0,0,0,0,0,0,0,0,0,1008250.0661610961,197107.9657420069,5
1,0,0,0,0,0,0,0,0,0,0,0,0,0,0,0,0,1,1,1,0,0,0,0,0,0,0,111,0,0,0,0,0,0,0,0,0,1011240.1979760975,176192.77856983244,5
0,0,1,0,0,0,0,0,0,0,0,0,0,0,0,0,0,1,0,0,0,0,0,0,0,0,0,112,1,0,0,1,0,0,0,0,0,1013065.1123052537,174856.8002706766,5
0,0,0,0,0,0,1,0,0,0,0,0,0,0,0,0,0,1,1,0,0,0,0,0,0,1,0,113,0,0,0,0,0,0,0,0,0,1015905.736217171,171091.56829984486,5
0,0,1,0,0,0,0,0,0,0,0,0,0,0,0,0,0,1,0,0,0,0,0,0,0,0,0,114,1,0,0,1,0,0,0,0,0,1011026.6321302503,185522.5135192573,5
0,0,0,0,1,0,0,0,0,0,0,0,0,0,0,0,0,1,0,0,0,0,0,0,0,0,0,115,1,0,0,0,0,1,0,0,0,1016124.242998004,186250.7600942552,5
0,0,0,0,0,1,0,0,0,0,0,0,0,0,0,0,0,1,1,0,0,0,0,0,1,0,0,116,0,0,0,0,0,0,0,0,0,1016919.9205405116,188993.62862426043,5
0,0,1,0,0,0,0,0,0,0,0,0,0,0,0,0,0,1,1,0,0,1,0,0,0,0,0,117,0,0,0,0,0,0,0,0,0,1017225.599063009,185362.37637233734,5
0,0,0,1,0,0,0,0,0,0,0,0,0,0,0,0,0,1,0,0,0,0,0,0,0,0,0,118,1,0,0,0,1,0,0,0,0,1019873.3037413359,187658.56567758322,5
0,1,0,0,0,0,0,0,0,0,0,0,0,0,0,0,0,1,0,0,0,0,0,0,0,0,0,119,1,0,1,0,0,0,0,0,0,1011571.6015127599,200020.8437745124,5
0,0,0,0,1,0,0,0,0,0,0,0,0,0,0,0,0,1,0,0,0,0,0,0,0,0,0,120,1,0,0,0,0,1,0,0,0,1013406.7025013417,193808.9962900877,5
0,0,0,0,0,1,0,0,0,0,0,0,0,0,0,0,0,1,1,0,0,0,0,0,1,0,0,121,0,0,0,0,0,0,0,0,0,1016784.9273721725,191528.03267617524,5
0,0,0,1,0,0,0,0,0,0,0,0,0,0,0,0,0,1,1,0,0,0,1,0,0,0,0,122,0,0,0,0,0,0,0,0,0,1020679.0432715863,183428.0921831727,5
0,0,1,0,0,0,0,0,0,0,0,0,0,0,0,0,0,1,0,0,0,0,0,0,0,0,0,123,1,0,0,1,0,0,0,0,0,1024039.6828757524,189223.90047341585,5
0,0,0,0,1,0,0,0,1,0,0,0,0,1,0,0,0,1,0,0,0,0,0,0,0,0,0,124,0,0,0,0,0,0,0,0,0,1025957.0117182583,187679.71392925084,5
0,0,0,1,0,0,0,0,0,0,0,0,0,0,0,0,0,1,1,0,0,0,1,0,0,0,0,125,0,0,0,0,0,0,0,0,0,1026935.1692107618,188600.97849091887,5
0,0,0,1,0,0,0,0,0,0,0,0,0,0,0,0,0,1,1,0,0,0,1,0,0,0,0,126,0,0,0,0,0,0,0,0,0,1026173.4351699203,190024.37131342292,5
0,0,0,0,1,0,0,0,0,0,0,0,0,0,0,0,0,1,0,0,0,0,0,0,0,0,0,127,1,0,0,0,0,1,0,0,0,1029059.2889782637,191109.40851342678,5
0,0,0,0,0,0,0,1,0,0,0,0,0,0,0,0,0,1,0,0,0,0,0,0,0,0,0,128,1,0,0,0,0,0,0,0,1,1036870.1096426696,182368.6881339997,5
0,0,0,0,0,0,1,0,0,0,0,0,0,0,0,0,0,1,0,0,0,0,0,0,0,0,0,129,1,0,0,0,0,0,0,1,0,1033663.951684922,195048.50496591628,5
0,0,1,0,0,0,0,0,0,0,0,0,0,0,0,0,0,1,1,0,0,1,0,0,0,0,0,130,0,0,0,0,0,0,0,0,0,1035215.1851310134,193125.76931008697,5
0,0,0,0,0,1,0,0,0,0,0,0,0,0,0,0,0,1,0,0,0,0,0,0,0,0,0,131,1,0,0,0,0,0,1,0,0,1039415.3932660073,193792.00813509524,5
1,0,0,0,0,0,0,0,0,0,0,0,0,0,0,0,0,1,1,1,0,0,0,0,0,0,0,132,0,0,0,0,0,0,0,0,0,1048800.967998758,178418.9322540015,5
0,0,0,0,0,0,0,1,1,0,0,0,0,0,0,0,1,1,0,0,0,0,0,0,0,0,0,133,0,0,0,0,0,0,0,0,0,1042147.6177884191,182340.80958083272,5
0,0,0,0,2,0,0,0,0,0,0,0,0,0,0,0,0,2,2,0,0,0,0,2,0,0,0,134,0,0,0,0,0,0,0,0,0,1049787.94109042,182405.32848067582,5
1,0,0,0,0,0,0,0,0,0,0,0,0,0,0,0,0,1,1,1,0,0,0,0,0,0,0,135,0,0,0,0,0,0,0,0,0,1049160.727777928,189663.9422442615,5
0,0,0,0,1,0,0,0,0,0,0,0,0,0,0,0,0,1,0,0,0,0,0,0,0,0,0,136,1,0,0,0,0,1,0,0,0,1041386.1832876801,198879.3696795106,5
0,0,1,0,0,0,0,0,0,0,0,0,0,0,0,0,0,1,1,0,0,1,0,0,0,0,0,137,0,0,0,0,0,0,0,0,0,1042709.7469135076,190023.11147342622,5
0,1,0,0,0,0,0,0,0,0,0,0,0,0,0,0,0,1,1,0,1,0,0,0,0,0,0,138,0,0,0,0,0,0,0,0,0,1048949.0188837498,195607.50614450872,5
0,0,0,1,0,0,0,0,0,0,0,0,0,0,0,0,0,1,1,0,0,0,1,0,0,0,0,139,0,0,0,0,0,0,0,0,0,1054484.0960681736,156357.3694218397,5
1,0,0,0,0,0,0,0,0,0,0,0,0,0,0,0,0,1,1,1,0,0,0,0,0,0,0,140,0,0,0,0,0,0,0,0,0,1052359.6911962628,160292.6466562599,5
0,0,0,1,0,0,0,0,0,0,0,0,0,0,0,0,0,1,0,0,0,0,0,0,0,0,0,141,1,0,0,0,1,0,0,0,0,1055935.7273512632,172099.7716640085,5
0,0,0,1,0,0,0,0,0,0,0,0,0,0,0,0,0,1,0,0,0,0,0,0,0,0,0,142,1,0,0,0,1,0,0,0,0,1050144.1706929207,191359.06352591515,5
0,0,0,0,0,0,1,0,1,0,0,0,0,0,0,1,0,1,0,0,0,0,0,0,0,0,0,143,0,0,0,0,0,0,0,0,0,1057546.494799003,190077.40270341933,5
0,0,1,0,0,0,0,0,0,0,0,0,0,0,0,0,0,1,1,0,0,1,0,0,0,0,0,144,0,0,0,0,0,0,0,0,0,1008831.7579110861,201467.48130117357,5
0,0,1,0,0,0,0,0,0,0,0,0,0,0,0,0,0,1,0,0,0,0,0,0,0,0,0,145,1,0,0,1,0,0,0,0,0,1001481.3169033378,217853.24511750042,5
0,0,0,0,1,0,0,0,0,0,0,0,0,0,0,0,0,1,0,0,0,0,0,0,0,0,0,146,1,0,0,0,0,1,0,0,0,1002330.7899419218,212885.31870166957,5
1,0,0,0,0,0,0,0,0,0,0,0,0,0,0,0,0,1,0,0,0,0,0,0,0,0,0,147,1,1,0,0,0,0,0,0,0,1003601.7555758357,213262.68343250453,5
0,1,0,0,0,0,0,0,0,0,0,0,0,0,0,0,0,1,1,0,1,0,0,0,0,0,0,148,0,0,0,0,0,0,0,0,0,1009185.0774144232,219346.71325917542,5
0,0,0,0,0,0,1,0,0,0,0,0,0,0,0,0,0,1,0,0,0,0,0,0,0,0,0,149,1,0,0,0,0,0,0,1,0,1001478.7676958442,229652.6798519194,5
0,1,0,0,0,0,0,0,0,0,0,0,0,0,0,0,0,1,1,0,1,0,0,0,0,0,0,150,0,0,0,0,0,0,0,0,0,1000681.6954710931,232834.20892192423,5
0,0,1,0,0,0,0,0,0,0,0,0,0,0,0,0,0,1,0,0,0,0,0,0,0,0,0,151,1,0,0,1,0,0,0,0,0,1008693.9301027507,261278.93779350817,5
0,0,0,0,0,0,0,1,0,0,0,0,0,0,0,0,0,1,0,0,0,0,0,0,0,0,0,152,1,0,0,0,0,0,0,0,1,1013451.8992613405,203918.6702964157,5
0,0,0,0,0,0,0,1,0,0,0,0,0,0,0,0,0,1,0,0,0,0,0,0,0,0,0,153,1,0,0,0,0,0,0,0,1,1015954.705935508,208289.44239474833,5
0,0,0,0,0,1,0,0,0,0,0,0,0,0,0,0,0,1,0,0,0,0,0,0,0,0,0,154,1,0,0,0,0,0,1,0,0,1018987.4853029996,212041.7544439286,5
0,0,0,0,0,0,1,0,0,0,0,0,0,0,0,0,0,1,1,0,0,0,0,0,0,1,0,155,0,0,0,0,0,0,0,0,0,1014347.1799510866,235987.3453321755,5
0,0,0,0,0,0,1,0,0,0,0,0,0,0,0,0,0,1,1,0,0,0,0,0,0,1,0,156,0,0,0,0,0,0,0,0,0,1013548.0703288466,243478.00620384514,5
0,0,0,0,1,0,0,0,0,0,0,0,0,0,0,0,0,1,0,0,0,0,0,0,0,0,0,157,1,0,0,0,0,1,0,0,0,1015805.0671271682,244155.54389075935,5
0,0,0,0,0,0,1,0,1,0,0,0,0,0,0,1,0,1,0,0,0,0,0,0,0,0,0,158,0,0,0,0,0,0,0,0,0,1019608.5011213422,242482.3979588449,5
0,0,1,0,0,0,0,0,0,0,0,0,0,0,0,0,0,1,0,0,0,0,0,0,0,0,0,159,1,0,0,1,0,0,0,0,0,1019887.2571255118,245219.66249741614,5
1,0,0,0,0,0,0,0,0,0,0,0,0,0,0,0,0,1,0,0,0,0,0,0,0,0,0,160,1,1,0,0,0,0,0,0,0,1011536.3588010967,255992.8099143356,5
0,0,0,1,0,0,0,0,0,0,0,0,0,0,0,0,0,1,0,0,0,0,0,0,0,0,0,161,1,0,0,0,1,0,0,0,0,1013073.3996902555,254151.80965933204,5
0,1,0,0,0,0,0,0,0,0,0,0,0,0,0,0,0,1,1,0,1,0,0,0,0,0,0,162,0,0,0,0,0,0,0,0,0,1013442.5193588436,256523.33411575854,5
1,0,0,0,0,0,0,0,0,0,0,0,0,0,0,0,0,1,1,1,0,0,0,0,0,0,0,163,0,0,0,0,0,0,0,0,0,1014368.6362730116,252128.89736658335,5
0,0,1,0,0,0,0,0,0,0,0,0,0,0,0,0,0,1,0,0,0,0,0,0,0,0,0,164,1,0,0,1,0,0,0,0,0,1016985.822639674,250197.3756390959,5
0,0,1,0,0,0,0,0,0,0,0,0,0,0,0,0,0,1,1,0,0,1,0,0,0,0,0,165,0,0,0,0,0,0,0,0,0,1012861.8643521667,269499.0719437599,5
0,0,0,0,0,0,1,0,0,0,0,0,0,0,0,0,0,1,0,0,0,0,0,0,0,0,0,166,1,0,0,0,0,0,0,1,0,1023605.5403713435,206846.0397697538,5
1,0,0,0,0,0,0,0,0,0,0,0,0,0,0,0,0,1,0,0,0,0,0,0,0,0,0,167,1,1,0,0,0,0,0,0,0,1027454.039564088,202471.17647226155,5
0,0,1,0,0,0,0,0,1,0,0,1,0,0,0,0,0,1,0,0,0,0,0,0,0,0,0,168,0,0,0,0,0,0,0,0,0,1029383.7043399215,203787.7650464177,5
0,0,0,0,0,0,1,0,0,0,0,0,0,0,0,0,0,1,0,0,0,0,0,0,0,0,0,169,1,0,0,0,0,0,0,1,0,1023153.5137163401,213398.85770083964,5
0,0,0,0,0,0,0,1,0,0,0,0,0,0,0,0,0,1,0,0,0,0,0,0,0,0,0,170,1,0,0,0,0,0,0,0,1,1023114.4386632591,214881.58111333847,5
1,0,0,0,0,0,0,0,1,1,0,0,0,0,0,0,0,1,0,0,0,0,0,0,0,0,0,171,0,0,0,0,0,0,0,0,0,1027679.383601591,214505.11533084512,5
0,0,1,0,0,0,0,0,0,0,0,0,0,0,0,0,0,1,0,0,0,0,0,0,0,0,0,172,1,0,0,1,0,0,0,0,0,1020838.0688721687,239141.85673967004,5
1,0,0,0,0,0,0,0,0,0,0,0,0,0,0,0,0,1,1,1,0,0,0,0,0,0,0,173,0,0,0,0,0,0,0,0,0,1020480.3924221694,242091.35871466994,5
0,0,1,0,0,0,0,0,0,0,0,0,0,0,0,0,0,1,0,0,0,0,0,0,0,0,0,174,1,0,0,1,0,0,0,0,0,1022808.2056799233,241123.28322300315,5
0,0,0,0,1,0,0,0,0,0,0,0,0,0,0,0,0,1,1,0,0,0,0,1,0,0,0,175,0,0,0,0,0,0,0,0,0,1026463.0179240853,252155.54101409018,5
0,0,0,1,0,0,0,0,0,0,0,0,0,0,0,0,0,1,1,0,0,0,1,0,0,0,0,176,0,0,0,0,0,0,0,0,0,1027501.7625657618,250698.4343482554,5
0,0,0,1,0,0,0,0,0,0,0,0,0,0,0,0,0,1,0,0,0,0,0,0,0,0,0,177,1,0,0,0,1,0,0,0,0,1037447.1360476762,200485.13418450952,5
0,0,0,0,0,0,0,1,0,0,0,0,0,0,0,0,0,1,0,0,0,0,0,0,0,0,0,178,1,0,0,0,0,0,0,0,1,1030806.7231474221,219035.07674333453,5
0,0,0,0,1,0,0,0,0,0,0,0,0,0,0,0,0,1,0,0,0,0,0,0,0,0,0,179,1,0,0,0,0,1,0,0,0,1031855.6875849217,217647.7665258348,5
0,0,0,0,0,1,0,0,0,0,0,0,0,0,0,0,0,1,0,0,0,0,0,0,0,0,0,180,1,0,0,0,0,0,1,0,0,1032303.1965324283,216381.86354583502,5
0,0,0,0,0,0,0,1,1,0,0,0,0,0,0,0,1,1,0,0,0,0,0,0,0,0,0,181,0,0,0,0,0,0,0,0,0,1033274.8415707499,217550.50294083357,5
0,0,0,1,0,0,0,0,0,0,0,0,0,0,0,0,0,1,0,0,0,0,0,0,0,0,0,182,1,0,0,0,1,0,0,0,0,1039821.6260493398,224607.29624192417,5
0,0,0,0,0,0,1,0,0,0,0,0,0,0,0,0,0,1,0,0,0,0,0,0,0,0,0,183,1,0,0,0,0,0,0,1,0,1030606.4348340929,247919.38806909323,5
0,0,0,0,1,0,0,0,0,0,0,0,0,0,0,0,0,1,1,0,0,0,0,1,0,0,0,184,0,0,0,0,0,0,0,0,0,1031748.4830749184,242911.6490688324,5
0,0,1,0,0,0,0,0,0,0,0,0,0,0,0,0,0,1,0,0,0,0,0,0,0,0,0,185,1,0,0,1,0,0,0,0,0,1046284.0701454282,201866.99493783712,5
0,0,1,0,0,0,0,0,0,0,0,0,0,0,0,0,0,1,1,0,0,1,0,0,0,0,0,186,0,0,0,0,0,0,0,0,0,1048275.0701004267,208051.47371058166,5
0,0,0,0,0,1,0,0,0,0,0,0,0,0,0,0,0,1,0,0,0,0,0,0,0,0,0,187,1,0,0,0,0,0,1,0,0,1041749.4437160045,211011.9927239269,5
0,0,0,0,1,0,0,0,0,0,0,0,0,0,0,0,0,1,1,0,0,0,0,1,0,0,0,188,0,0,0,0,0,0,0,0,0,1057637.392583087,201157.34871934354,5
0,0,1,0,0,0,0,0,0,0,0,0,0,0,0,0,0,1,0,0,0,0,0,0,0,0,0,189,1,0,0,1,0,0,0,0,0,1064332.3965815008,207826.94988141954,5
0,1,0,0,0,0,0,0,0,0,0,0,0,0,0,0,0,1,0,0,0,0,0,0,0,0,0,190,1,0,1,0,0,0,0,0,0,1006742.3263944238,236129.19577024877,5
0,0,1,0,0,0,0,0,0,0,0,0,0,0,0,0,0,1,0,0,0,0,0,0,0,0,0,191,1,0,0,1,0,0,0,0,0,1014332.8620663434,211390.9650630951,5
0,0,0,0,1,0,0,0,0,0,0,0,0,0,0,0,0,1,0,0,0,0,0,0,0,0,0,192,1,0,0,0,0,1,0,0,0,986805.4902839214,204632.84570534527,5
0,0,1,0,0,0,0,0,0,0,0,0,0,0,0,0,0,1,1,0,0,1,0,0,0,0,0,193,0,0,0,0,0,0,0,0,0,1011710.6333869249,260087.4309901744,5
0,0,0,0,0,0,0,1,0,0,0,0,0,0,0,0,0,1,0,0,0,0,0,0,0,0,0,194,1,0,0,0,0,0,0,0,1,1021820.8031271696,185281.21478925645,5
0,0,0,1,0,0,0,0,0,0,0,0,0,0,0,0,0,1,0,0,0,0,0,0,0,0,0,195,1,0,0,0,1,0,0,0,0,1008577.8345344216,232421.77864442766,5
0,0,0,0,0,0,1,0,0,0,0,0,0,0,0,0,0,1,1,0,0,0,0,0,0,1,0,196,0,0,0,0,0,0,0,0,0,1017370.2969363332,265447.558065176,5
0,0,1,0,0,0,0,0,0,0,0,0,0,0,0,0,0,1,1,0,0,1,0,0,0,0,0,197,0,0,0,0,0,0,0,0,0,1005082.4117352515,174171.85085317492,5
0,0,0,0,1,0,0,0,0,0,0,0,0,0,0,0,0,1,0,0,0,0,0,0,0,0,0,198,1,0,0,0,0,1,0,0,0,992692.8338241726,184550.89144675434,5
0,0,0,1,0,0,0,0,0,0,0,0,0,0,0,0,0,1,0,0,0,0,0,0,0,0,0,199,1,0,0,0,1,0,0,0,0,1027507.3104549199,202178.59864534438,5
0,1,0,0,0,0,0,0,0,0,0,0,0,0,0,0,0,1,0,0,0,0,0,0,0,0,0,200,1,0,1,0,0,0,0,0,0,1019635.6565788388,251293.5118982494,5
0,0,0,0,0,1,0,0,1,0,0,0,0,0,1,0,0,1,0,0,0,0,0,0,0,0,0,201,0,0,0,0,0,0,0,0,0,1053402.4840581715,182162.96971341968,5
0,0,0,0,1,0,0,0,0,0,0,0,0,0,0,0,0,1,0,0,0,0,0,0,0,0,0,202,1,0,0,0,0,1,0,0,0,966166.0945549309,158371.5957083404,5
0,0,0,0,0,1,0,0,0,0,0,0,0,0,0,0,0,1,0,0,0,0,0,0,0,0,0,203,1,0,0,0,0,0,1,0,0,1020155.0187290907,197637.97616492212,5
0,0,0,0,1,0,0,0,0,0,0,0,0,0,0,0,0,1,0,0,0,0,0,0,0,0,0,204,1,0,0,0,0,1,0,0,0,1014988.9329326749,218109.22754517198,5
0,0,0,0,0,0,1,0,0,0,0,0,0,0,0,0,0,1,0,0,0,0,0,0,0,0,0,1,1,0,0,0,0,0,0,1,0,1004954.306676507,232893.6566376686,6
0,1,0,0,0,0,0,0,0,0,0,0,0,0,0,0,0,1,1,0,1,0,0,0,0,0,0,2,0,0,0,0,0,0,0,0,0,1047213.3015546799,182373.020474419,6
0,0,1,0,0,0,0,0,0,0,0,0,0,0,0,0,0,1,1,0,0,1,0,0,0,0,0,3,0,0,0,0,0,0,0,0,0,1030258.380084008,198002.92819091678,6
0,1,0,0,0,0,0,0,0,0,0,0,0,0,0,0,0,1,1,0,1,0,0,0,0,0,0,4,0,0,0,0,0,0,0,0,0,1051552.9496995062,176393.8874195963,6
1,0,0,0,0,0,0,0,0,0,0,0,0,0,0,0,0,1,0,0,0,0,0,0,0,0,0,5,1,1,0,0,0,0,0,0,0,1014988.9329326749,218109.22754517198,6
0,0,0,0,1,0,0,0,0,0,0,0,0,0,0,0,0,1,0,0,0,0,0,0,0,0,0,6,1,0,0,0,0,1,0,0,0,1008768.195046097,244545.73044633865,6
0,0,0,0,1,0,0,0,0,0,0,0,0,0,0,0,0,1,0,0,0,0,0,0,0,0,0,7,1,0,0,0,0,1,0,0,0,1007190.2421652526,253954.2644507587,6
0,0,0,0,2,0,0,0,0,0,0,0,0,0,0,0,0,2,0,0,0,0,0,0,0,0,0,8,2,0,0,0,0,2,0,0,0,938924.4226604253,131925.35234108567,6
0,0,0,0,0,1,0,0,0,0,0,0,0,0,0,0,0,1,1,0,0,0,0,0,1,0,0,9,0,0,0,0,0,0,0,0,0,936106.31182684,159210.54613016546,6
0,0,0,0,2,0,0,0,0,0,0,0,0,0,0,0,0,2,1,0,0,0,0,1,0,0,0,10,1,0,0,0,0,1,0,0,0,937703.177727595,153892.58170050383,6
0,1,0,0,0,0,0,0,0,0,0,0,0,0,0,0,0,1,1,0,1,0,0,0,0,0,0,11,0,0,0,0,0,0,0,0,0,938905.3843126744,158527.68332266808,6
0,0,0,0,1,0,0,0,0,0,0,0,0,0,0,0,0,1,1,0,0,0,0,1,0,0,0,12,0,0,0,0,0,0,0,0,0,944951.1232054234,138383.63305966556,6
0,1,0,0,0,0,0,0,0,0,0,0,0,0,0,0,0,1,1,0,1,0,0,0,0,0,0,13,0,0,0,0,0,0,0,0,0,945022.3763437569,140982.58750742674,6
0,0,1,0,0,0,0,0,1,0,0,1,0,0,0,0,0,1,0,0,0,0,0,0,0,0,0,14,0,0,0,0,0,0,0,0,0,946856.227662921,140142.31687825918,6
0,0,0,0,0,0,0,1,0,0,0,0,0,0,0,0,0,1,0,0,0,0,0,0,0,0,0,15,1,0,0,0,0,0,0,0,1,948649.1866754293,142063.02858801186,6
0,0,0,0,0,1,0,0,0,0,0,0,0,0,0,0,0,1,1,0,0,0,0,0,1,0,0,16,0,0,0,0,0,0,0,0,0,942742.6925829202,169407.17239041626,6
1,0,0,0,0,0,0,0,0,0,0,0,0,0,0,0,0,1,0,0,0,0,0,0,0,0,0,17,1,1,0,0,0,0,0,0,0,944924.6796887517,166881.50815042853,6
0,0,0,0,0,0,0,1,0,0,0,0,0,0,0,0,0,1,0,0,0,0,0,0,0,0,0,18,1,0,0,0,0,0,0,0,1,946915.9224254191,169627.51643791795,6
0,0,0,0,0,1,0,0,0,0,0,0,0,0,0,0,0,1,0,0,0,0,0,0,0,0,0,19,1,0,0,0,0,0,1,0,0,953648.2872415036,144889.3021349162,6
0,0,0,1,0,0,0,0,0,0,0,0,0,0,0,0,0,1,1,0,0,0,1,0,0,0,0,20,0,0,0,0,0,0,0,0,0,957131.8301431686,148696.70593741536,6
0,0,1,0,0,0,0,0,0,0,0,0,0,0,0,0,0,1,1,0,0,1,0,0,0,0,0,21,0,0,0,0,0,0,0,0,0,954565.6640156806,154384.52231767774,6
0,0,0,0,0,0,0,2,0,0,0,0,0,0,0,0,0,2,2,0,0,0,0,0,0,0,2,22,0,0,0,0,0,0,0,0,0,960401.2953890115,156386.93629184365,6
0,0,0,0,0,0,0,1,0,0,0,0,0,0,0,0,0,1,1,0,0,0,0,0,0,0,1,23,0,0,0,0,0,0,0,0,0,965750.5921050906,156613.77310851216,6
0,0,0,0,0,0,1,0,0,0,0,0,0,0,0,0,0,1,0,0,0,0,0,0,0,0,0,24,1,0,0,0,0,0,0,1,0,964296.9631225914,162731.9232737571,6
0,0,0,1,0,0,0,0,0,0,0,0,0,0,0,0,0,1,0,0,0,0,0,0,0,0,0,25,1,0,0,0,1,0,0,0,0,965888.7053459287,163012.45453684032,6
1,0,0,0,0,0,0,0,0,0,0,0,0,0,0,0,0,1,0,0,0,0,0,0,0,0,0,26,1,1,0,0,0,0,0,0,0,962896.3530629277,171646.79455159605,6
0,0,0,1,0,0,0,0,0,0,0,0,0,0,0,0,0,1,1,0,0,0,1,0,0,0,0,27,0,0,0,0,0,0,0,0,0,974228.5374195129,162450.04752516747,6
0,0,0,0,1,0,0,0,0,0,0,0,0,0,0,0,0,1,1,0,0,0,0,1,0,0,0,28,0,0,0,0,0,0,0,0,0,977966.2989728451,168616.01583625376,6
0,0,0,0,0,0,1,0,0,0,0,0,0,0,0,0,0,1,0,0,0,0,0,0,0,0,0,29,1,0,0,0,0,0,0,1,0,984049.6165305972,157422.6756901741,6
0,0,0,0,0,0,0,1,0,0,0,0,0,0,0,0,0,1,0,0,0,0,0,0,0,0,0,30,1,0,0,0,0,0,0,0,1,985311.0644670129,155679.3724182546,6
0,0,0,1,0,0,0,0,0,0,0,0,0,0,0,0,0,1,0,0,0,0,0,0,0,0,0,31,1,0,0,0,1,0,0,0,0,985500.102474764,155903.21678683162,6
0,0,0,0,1,0,0,0,0,0,0,0,0,0,0,0,0,1,0,0,0,0,0,0,0,0,0,32,1,0,0,0,0,1,0,0,0,985473.7475405931,157957.21530351043,6
1,0,0,0,0,0,0,0,0,0,0,0,0,0,0,0,0,1,0,0,0,0,0,0,0,0,0,33,1,1,0,0,0,0,0,0,0,985687.6513122618,157786.8219435066,6
0,0,0,1,0,0,0,0,0,0,0,0,0,0,0,0,0,1,0,0,0,0,0,0,0,0,0,34,1,0,0,0,1,0,0,0,0,989267.2110822499,150295.02623158693,6
0,0,1,0,0,0,0,0,1,0,0,1,0,0,0,0,0,1,0,0,0,0,0,0,0,0,0,35,0,0,0,0,0,0,0,0,0,980525.0008764267,175652.03161983192,6
0,1,0,0,0,0,0,0,0,0,0,0,0,0,0,0,0,1,0,0,0,0,0,0,0,0,0,36,1,0,1,0,0,0,0,0,0,984801.2357622534,179904.12941484153,6
0,1,0,0,0,0,0,0,0,0,0,0,0,0,0,0,0,1,0,0,0,0,0,0,0,0,0,37,1,0,1,0,0,0,0,0,0,985125.72330226,173999.8105148375,6
0,0,0,0,1,0,0,0,0,0,0,0,0,0,0,0,0,1,0,0,0,0,0,0,0,0,0,38,1,0,0,0,0,1,0,0,0,987284.132043168,172952.26110075414,6
0,0,0,0,1,0,0,0,1,0,0,0,0,1,0,0,0,1,0,0,0,0,0,0,0,0,0,39,0,0,0,0,0,0,0,0,0,980975.9284522533,184719.91998009384,6
0,0,0,0,0,0,0,1,0,0,0,0,0,0,0,0,0,1,1,0,0,0,0,0,0,0,1,40,0,0,0,0,0,0,0,0,0,981801.5731264204,199331.7408220023,6
0,0,0,1,0,0,0,0,0,0,0,0,0,0,0,0,0,1,0,0,0,0,0,0,0,0,0,41,1,0,0,0,1,0,0,0,0,985813.8354430944,190749.34361675382,6
0,0,0,0,0,0,0,1,0,0,0,0,0,0,0,0,0,1,0,0,0,0,0,0,0,0,0,42,1,0,0,0,0,0,0,0,1,989558.0011830926,199244.33942200243,6
1,0,0,0,0,0,0,0,0,0,0,0,0,0,0,0,0,1,0,0,0,0,0,0,0,0,0,43,1,1,0,0,0,0,0,0,0,997341.1250525117,149453.68933159113,6
0,0,1,0,0,0,0,0,0,0,0,0,0,0,0,0,0,1,0,0,0,0,0,0,0,0,0,44,1,0,0,1,0,0,0,0,0,997455.9082875103,153567.4671932608,6
0,0,0,1,0,0,0,0,0,0,0,0,0,0,0,0,0,1,0,0,0,0,0,0,0,0,0,45,1,0,0,0,1,0,0,0,0,998981.7845008373,152950.13214184344,6
0,0,1,0,0,0,0,0,0,0,0,0,0,0,0,0,0,1,0,0,0,0,0,0,0,0,0,46,1,0,0,1,0,0,0,0,0,998163.1050358415,156784.589696005,6
1,0,0,0,0,0,0,0,0,0,0,0,0,0,0,0,0,1,0,0,0,0,0,0,0,0,0,47,1,1,0,0,0,0,0,0,0,994296.7938708365,164282.9306704253,6
1,0,0,0,0,0,0,0,0,0,0,0,0,0,0,0,0,1,0,0,0,0,0,0,0,0,0,48,1,1,0,0,0,0,0,0,0,994195.4718950093,166937.9450454265,6
0,0,0,0,0,0,0,1,0,0,0,0,0,0,0,0,0,1,0,0,0,0,0,0,0,0,0,49,1,0,0,0,0,0,0,0,1,996076.593460843,161202.0808610022,6
0,0,1,0,0,0,0,0,0,0,0,0,0,0,0,0,0,1,0,0,0,0,0,0,0,0,0,50,1,0,0,1,0,0,0,0,0,996480.828216672,166379.0846145898,6
0,0,0,0,0,0,0,1,0,0,0,0,0,0,0,0,0,1,1,0,0,0,0,0,0,0,1,51,0,0,0,0,0,0,0,0,0,991817.422517255,171038.37975792587,6
0,0,1,0,0,0,0,0,0,0,0,0,0,0,0,0,0,1,0,0,0,0,0,0,0,0,0,52,1,0,0,1,0,0,0,0,0,995865.9245908409,175182.10473817587,6
0,0,0,0,0,0,0,1,1,0,0,0,0,0,0,0,1,1,0,0,0,0,0,0,0,0,0,53,0,0,0,0,0,0,0,0,0,995069.8369441777,176121.41060234606,6
0,0,1,0,0,0,0,0,0,0,0,0,0,0,0,0,0,1,0,0,0,0,0,0,0,0,0,54,1,0,0,1,0,0,0,0,0,996149.0670691729,172510.11533150077,6
0,0,0,0,0,0,0,1,0,0,0,0,0,0,0,0,0,1,0,0,0,0,0,0,0,0,0,55,1,0,0,0,0,0,0,0,1,998268.931595847,172772.454373762,6
0,0,0,0,0,0,1,0,1,0,0,0,0,0,0,1,0,1,0,0,0,0,0,0,0,0,0,56,0,0,0,0,0,0,0,0,0,990023.3644255847,188159.3652009219,6
0,0,1,0,0,0,0,0,0,0,0,0,0,0,0,0,0,1,0,0,0,0,0,0,0,0,0,57,1,0,0,1,0,0,0,0,0,991338.765338093,189318.59188508987,6
0,0,0,0,0,1,0,0,0,0,0,0,0,0,0,0,0,1,1,0,0,0,0,0,1,0,0,58,0,0,0,0,0,0,0,0,0,997259.3010691702,184031.1487198323,6
0,0,0,0,0,0,0,1,0,0,0,0,0,0,0,0,0,1,0,0,0,0,0,0,0,0,0,59,1,0,0,0,0,0,0,0,1,997183.3104075044,187255.55139175057,6
0,0,1,0,0,0,0,0,0,0,0,0,0,0,0,0,0,1,0,0,0,0,0,0,0,0,0,60,1,0,0,1,0,0,0,0,0,997020.669656679,188326.69098176062,6
0,0,1,0,0,0,0,0,0,0,0,0,0,0,0,0,0,1,0,0,0,0,0,0,0,0,0,61,1,0,0,1,0,0,0,0,0,999538.5255133361,181257.75203567743,6
1,0,0,0,0,0,0,0,0,0,0,0,0,0,0,0,0,1,0,0,0,0,0,0,0,0,0,62,1,1,0,0,0,0,0,0,0,995668.2314166725,199709.01697033644,6
0,0,0,0,0,1,0,0,0,0,0,0,0,0,0,0,0,1,1,0,0,0,0,0,1,0,0,63,0,0,0,0,0,0,0,0,0,997179.7178950012,194091.83693175018,6
0,0,0,0,0,0,0,1,0,0,0,0,0,0,0,0,0,1,0,0,0,0,0,0,0,0,0,64,1,0,0,0,0,0,0,0,1,984870.1595089287,200431.1677570045,6
0,0,0,1,0,0,0,0,0,0,0,0,0,0,0,0,0,1,1,0,0,0,1,0,0,0,0,65,0,0,0,0,0,0,0,0,0,982382.8777380884,214158.3315755874,6
0,0,0,0,1,0,0,0,0,0,0,0,0,0,0,0,0,1,0,0,0,0,0,0,0,0,0,66,1,0,0,0,0,1,0,0,0,984717.5919006765,216464.72263209522,6
0,0,1,0,0,0,0,0,0,0,0,0,0,0,0,0,0,1,0,0,0,0,0,0,0,0,0,67,1,0,0,1,0,0,0,0,0,987770.5277239233,212686.6776947528,6
0,0,0,1,0,0,0,0,0,0,0,0,0,0,0,0,0,1,0,0,0,0,0,0,0,0,0,68,1,0,0,0,1,0,0,0,0,988226.1173639297,217227.5213033408,6
0,0,0,0,0,0,0,1,0,0,0,0,0,0,0,0,0,1,0,0,0,0,0,0,0,0,0,69,1,0,0,0,0,0,0,0,1,989278.3688683361,218456.35414750874,6
0,0,1,0,0,0,0,0,0,0,0,0,0,0,0,0,0,1,0,0,0,0,0,0,0,0,0,70,1,0,0,1,0,0,0,0,0,987524.5636489242,221533.86439667642,6
0,0,0,1,0,0,0,0,0,0,0,0,0,0,0,0,0,1,0,0,0,0,0,0,0,0,0,71,1,0,0,0,1,0,0,0,0,989196.5878639221,220016.98422834277,6
0,0,1,0,0,0,0,0,0,0,0,0,0,0,0,0,0,1,0,0,0,0,0,0,0,0,0,72,1,0,0,1,0,0,0,0,0,992844.795462504,214072.01613141596,6
1,0,0,0,0,0,0,0,0,0,0,0,0,0,0,0,0,1,0,0,0,0,0,0,0,0,0,73,1,1,0,0,0,0,0,0,0,992295.4071255922,217702.45801749825,6
0,0,0,0,0,1,0,0,0,0,0,0,0,0,0,0,0,1,0,0,0,0,0,0,0,0,0,74,1,0,0,0,0,0,1,0,0,993381.7947165966,216503.20746324956,6
0,0,0,1,0,0,0,0,0,0,0,0,0,0,0,0,0,1,0,0,0,0,0,0,0,0,0,75,1,0,0,0,1,0,0,0,0,993443.1669691801,217662.6451050043,6
1,0,0,0,0,0,0,0,0,0,0,0,0,0,0,0,0,1,0,0,0,0,0,0,0,0,0,76,1,1,0,0,0,0,0,0,0,993760.1938941777,217188.86652500927,6
0,0,0,0,0,0,0,1,0,0,0,0,0,0,0,0,0,1,0,0,0,0,0,0,0,0,0,77,1,0,0,0,0,0,0,0,1,994133.5067958385,214848.89745166898,6
0,0,0,1,0,0,0,0,0,0,0,0,0,0,0,0,0,1,0,0,0,0,0,0,0,0,0,78,1,0,0,0,1,0,0,0,0,995035.3685091734,216480.23933333158,6
0,0,0,1,0,0,0,0,1,0,0,0,1,0,0,0,0,1,0,0,0,0,0,0,0,0,0,79,0,0,0,0,0,0,0,0,0,998859.5865825117,214885.03911167383,6
0,0,0,0,0,0,0,1,0,0,0,0,0,0,0,0,0,1,1,0,0,0,0,0,0,0,1,80,0,0,0,0,0,0,0,0,0,993538.6579199284,222793.00492300093,6
0,0,0,0,0,0,0,1,0,0,0,0,0,0,0,0,0,1,0,0,0,0,0,0,0,0,0,81,1,0,0,0,0,0,0,0,1,995390.6532316804,223287.3582650125,6
0,1,0,0,0,0,0,0,0,0,0,0,0,0,0,0,0,1,0,0,0,0,0,0,0,0,0,82,1,0,1,0,0,0,0,0,0,994920.8641450107,231167.74571941793,6
0,0,1,0,0,0,0,0,0,0,0,0,0,0,0,0,0,1,0,0,0,0,0,0,0,0,0,83,1,0,0,1,0,0,0,0,0,994514.9774895906,232292.10501925647,6
0,0,1,0,0,0,0,0,0,0,0,0,0,0,0,0,0,1,0,0,0,0,0,0,0,0,0,84,1,0,0,1,0,0,0,0,0,1000971.0554566681,154076.80639767647,6
0,0,0,1,0,0,0,0,0,0,0,0,0,0,0,0,0,1,1,0,0,0,1,0,0,0,0,85,0,0,0,0,0,0,0,0,0,1001266.4252727628,152012.54215350747,6
0,0,0,0,0,1,0,0,0,0,0,0,0,0,0,0,0,1,1,0,0,0,0,0,1,0,0,86,0,0,0,0,0,0,0,0,0,1006546.0833485872,153506.25635766983,6
0,0,0,0,0,0,0,1,0,0,0,0,0,0,0,0,0,1,0,0,0,0,0,0,0,0,0,87,1,0,0,0,0,0,0,0,1,1003738.7333202511,178063.3588181734,6
0,0,0,0,0,0,0,1,0,0,0,0,0,0,0,0,0,1,0,0,0,0,0,0,0,0,0,88,1,0,0,0,0,0,0,0,1,1001077.9840485901,183451.0875440091,6
0,0,0,1,0,0,0,0,0,0,0,0,0,0,0,0,0,1,0,0,0,0,0,0,0,0,0,89,1,0,0,0,1,0,0,0,0,1007635.86463359,182049.9289290011,6
0,0,0,0,1,0,0,0,0,0,0,0,0,0,0,0,0,1,0,0,0,0,0,0,0,0,0,90,1,0,0,0,0,1,0,0,0,1008351.0534919202,184222.8146750927,6
0,0,0,0,0,1,0,0,0,0,0,0,0,0,0,0,0,1,0,0,0,0,0,0,0,0,0,91,1,0,0,0,0,0,1,0,0,1009004.4937860966,186403.62363366783,6
0,0,0,0,1,0,0,0,0,0,0,0,0,0,0,0,0,1,0,0,0,0,0,0,0,0,0,92,1,0,0,0,0,1,0,0,0,1002514.382094428,192985.47431509197,6
0,0,0,0,0,0,0,1,0,0,0,0,0,0,0,0,0,1,0,0,0,0,0,0,0,0,0,93,1,0,0,0,0,0,0,0,1,1004353.1874719262,191619.00723175704,6
0,0,1,0,0,0,0,0,0,0,0,0,0,0,0,0,0,1,0,0,0,0,0,0,0,0,0,94,1,0,0,1,0,0,0,0,0,1005657.3646535873,190643.75983841717,6
0,0,0,1,0,0,0,0,0,0,0,0,0,0,0,0,0,1,0,0,0,0,0,0,0,0,0,95,1,0,0,0,1,0,0,0,0,1011359.101937756,174331.4633948356,6
0,0,0,1,1,0,0,0,0,0,0,0,0,0,0,0,0,2,2,0,0,0,1,1,0,0,0,96,0,0,0,0,0,0,0,0,0,1012327.4103685915,173192.4141637534,6
0,0,0,0,0,1,0,0,0,0,0,0,0,0,0,0,0,1,0,0,0,0,0,0,0,0,0,97,1,0,0,0,0,0,1,0,0,1013603.6939052641,176252.57306967676,6
1,0,0,0,0,0,0,0,0,0,0,0,0,0,0,0,0,1,0,0,0,0,0,0,0,0,0,98,1,1,0,0,0,0,0,0,0,1014348.3377571702,170815.7227229178,6
0,0,0,1,0,0,0,0,0,0,0,0,0,0,0,0,0,1,0,0,0,0,0,0,0,0,0,99,1,0,0,0,1,0,0,0,0,1014932.4409196675,178651.38585734367,6
0,0,1,0,0,0,0,0,0,0,0,0,0,0,0,0,0,1,1,0,0,1,0,0,0,0,0,100,0,0,0,0,0,0,0,0,0,1014819.7672605067,179358.04126816988,6
0,0,1,0,0,0,0,0,0,0,0,0,0,0,0,0,0,1,0,0,0,0,0,0,0,0,0,101,1,0,0,1,0,0,0,0,0,1015419.1722296774,175815.27932484448,6
0,0,0,0,0,0,0,1,0,0,0,0,0,0,0,0,0,1,0,0,0,0,0,0,0,0,0,102,1,0,0,0,0,0,0,0,1,1015518.1844988465,177617.56902733445,6
0,0,1,0,0,0,0,0,0,0,0,0,0,0,0,0,0,1,0,0,0,0,0,0,0,0,0,103,1,0,0,1,0,0,0,0,0,1016879.992798835,175542.66175983846,6
0,0,0,0,0,0,1,0,0,0,0,0,0,0,0,0,0,1,0,0,0,0,0,0,0,0,0,104,1,0,0,0,0,0,0,1,0,1010331.0692169219,186308.54541175067,6
0,0,0,0,1,0,0,0,0,0,0,0,0,0,0,0,0,1,0,0,0,0,0,0,0,0,0,105,1,0,0,0,0,1,0,0,0,1017305.3429980129,180767.9695506692,6
0,0,0,1,0,0,0,0,0,0,0,0,0,0,0,0,0,1,0,0,0,0,0,0,0,0,0,106,1,0,0,0,1,0,0,0,0,1012151.616756931,198929.054619506,6
0,0,0,1,0,0,0,0,0,0,0,0,0,0,0,0,0,1,1,0,0,0,1,0,0,0,0,107,0,0,0,0,0,0,0,0,0,1016784.9273721725,191528.03267617524,6
1,0,0,0,0,0,0,0,0,0,0,0,0,0,0,0,0,1,0,0,0,0,0,0,0,0,0,108,1,1,0,0,0,0,0,0,0,1017990.7746980041,199003.64436534047,6
0,1,0,0,0,0,0,0,0,0,0,0,0,0,0,0,0,1,0,0,0,0,0,0,0,0,0,109,1,0,1,0,0,0,0,0,0,1019041.7765330076,197589.92015866935,6
0,0,0,0,1,0,0,0,0,0,0,0,0,0,0,0,0,1,1,0,0,0,0,1,0,0,0,110,0,0,0,0,0,0,0,0,0,1026114.0589763373,151275.52295824885,6
0,0,0,1,0,0,0,0,0,0,0,0,0,0,0,0,0,1,0,0,0,0,0,0,0,0,0,111,1,0,0,0,1,0,0,0,0,1020289.6956250966,182687.6366430819,6
1,0,0,0,0,0,0,0,0,0,0,0,0,0,0,0,0,1,0,0,0,0,0,0,0,0,0,112,1,1,0,0,0,0,0,0,0,1021093.3242671788,188117.8921867609,6
0,1,0,0,0,0,0,0,0,0,0,0,0,0,0,0,0,1,1,0,1,0,0,0,0,0,0,113,0,0,0,0,0,0,0,0,0,1023556.0129113346,196374.3648470044,6
0,0,0,0,1,0,0,0,0,0,0,0,0,0,0,0,0,1,0,0,0,0,0,0,0,0,0,114,1,0,0,0,0,1,0,0,0,1025245.700804919,192030.57793092728,6
0,0,0,0,0,0,1,0,0,0,0,0,0,0,0,0,0,1,0,0,0,0,0,0,0,0,0,115,1,0,0,0,0,0,0,1,0,1026077.8152824193,199186.7936053425,6
1,0,0,0,0,0,0,0,0,0,0,0,0,0,0,0,0,1,1,1,0,0,0,0,0,0,0,116,0,0,0,0,0,0,0,0,0,1028480.1923674196,192655.1140834242,6
0,0,1,0,0,0,0,0,0,0,0,0,0,0,0,0,0,1,0,0,0,0,0,0,0,0,0,117,1,0,0,1,0,0,0,0,0,1029303.766835764,191199.07664117217,6
0,0,0,0,1,0,0,0,0,0,0,0,0,0,0,0,0,1,0,0,0,0,0,0,0,0,0,118,1,0,0,0,0,1,0,0,0,1032779.750697419,189964.4862625897,6
0,0,0,0,0,0,0,1,0,0,0,0,0,0,0,0,0,1,0,0,0,0,0,0,0,0,0,119,1,0,0,0,0,0,0,0,1,1033242.9252960086,185908.0803334266,6
0,0,0,0,1,0,1,0,0,0,0,0,0,0,0,0,0,2,1,0,0,0,0,0,0,1,0,120,1,0,0,0,0,1,0,0,0,1036806.5992710143,182096.4117756784,6
1,0,0,0,0,0,0,0,1,1,0,0,0,0,0,0,0,1,0,0,0,0,0,0,0,0,0,121,0,0,0,0,0,0,0,0,0,1037661.8731510043,184243.8480975926,6
0,0,1,0,0,0,0,0,0,0,0,0,0,0,0,0,0,1,0,0,0,0,0,0,0,0,0,122,1,0,0,1,0,0,0,0,0,1042531.1806695908,185340.4863242507,6
0,0,0,0,1,0,0,0,0,0,0,0,0,0,0,0,0,1,0,0,0,0,0,0,0,0,0,123,1,0,0,0,0,1,0,0,0,1044545.1956704259,182491.57469925284,6
0,0,0,0,0,1,0,0,0,0,0,0,0,0,0,0,0,1,0,0,0,0,0,0,0,0,0,124,1,0,0,0,0,0,1,0,0,1044087.1391718388,189408.16191592813,6
0,0,0,1,0,0,0,0,0,0,0,0,0,0,0,0,0,1,1,0,0,0,1,0,0,0,0,125,0,0,0,0,0,0,0,0,0,1046358.1907320917,182669.9732925892,6
0,0,0,0,1,0,0,0,0,0,0,0,0,0,0,0,0,1,0,0,0,0,0,0,0,0,0,126,1,0,0,0,0,1,0,0,0,1040317.2877876759,197701.19618283212,6
1,0,0,0,0,0,0,0,0,0,0,0,0,0,0,0,0,1,0,0,0,0,0,0,0,0,0,127,1,1,0,0,0,0,0,0,0,1041424.1064401716,195841.74452117085,6
0,0,0,1,0,0,0,0,0,0,0,0,0,0,0,0,0,1,1,0,0,0,1,0,0,0,0,128,0,0,0,0,0,0,0,0,0,1050452.1536727548,157931.4082685113,6
0,0,0,1,0,0,0,0,1,0,0,0,1,0,0,0,0,1,0,0,0,0,0,0,0,0,0,129,0,0,0,0,0,0,0,0,0,1053181.0281362534,160300.6686218381,6
0,0,1,0,0,0,0,0,0,0,0,0,0,0,0,0,0,1,1,0,0,1,0,0,0,0,0,130,0,0,0,0,0,0,0,0,0,1050495.4232712537,184246.16108508408,6
0,0,0,1,0,0,0,0,0,0,0,0,0,0,0,0,0,1,1,0,0,0,1,0,0,0,0,131,0,0,0,0,0,0,0,0,0,1051908.7570587546,191996.46710675955,6
0,0,0,1,0,0,0,0,0,0,0,0,0,0,0,0,0,1,1,0,0,0,1,0,0,0,0,132,0,0,0,0,0,0,0,0,0,1058507.2081006765,190388.13042841852,6
0,0,0,0,0,1,0,0,0,0,0,0,0,0,0,0,0,1,1,0,0,0,0,0,1,0,0,133,0,0,0,0,0,0,0,0,0,1060282.0175431669,188318.54467259347,6
0,0,0,0,1,0,0,0,0,0,0,0,0,0,0,0,0,1,0,0,0,0,0,0,0,0,0,134,1,0,0,0,0,1,0,0,0,1001792.3563075066,207294.4903164208,6
0,0,0,0,0,1,0,0,0,0,0,0,0,0,0,0,0,1,1,0,0,0,0,0,1,0,0,135,0,0,0,0,0,0,0,0,0,1002350.5113591701,200581.77769200504,6
0,0,0,0,0,0,1,0,1,0,0,0,0,0,0,1,0,1,0,0,0,0,0,0,0,0,0,136,0,0,0,0,0,0,0,0,0,1006281.0084194243,203865.7967144996,6
0,0,0,0,1,0,0,0,0,0,0,0,0,0,0,0,0,1,1,0,0,0,0,1,0,0,0,137,0,0,0,0,0,0,0,0,0,1007122.7980744243,207244.63149225712,6
0,0,1,0,0,0,0,0,0,0,0,0,0,0,0,0,0,1,0,0,0,0,0,0,0,0,0,138,1,0,0,1,0,0,0,0,0,1003738.7431627512,216463.68752917647,6
0,0,0,0,0,1,0,0,0,0,0,0,0,0,0,0,0,1,1,0,0,0,0,0,1,0,0,139,0,0,0,0,0,0,0,0,0,1009318.164418593,219836.40060000122,6
0,1,0,0,0,0,0,0,0,0,0,0,0,0,0,0,0,1,0,0,0,0,0,0,0,0,0,140,1,0,1,0,0,0,0,0,0,1006968.7793535888,223920.22445334494,6
0,0,0,0,1,0,0,0,1,0,0,0,0,1,0,0,0,1,0,0,0,0,0,0,0,0,0,141,0,0,0,0,0,0,0,0,0,1001640.6341700107,233513.3840727508,6
0,0,0,0,1,0,0,0,1,0,0,0,0,1,0,0,0,1,0,0,0,0,0,0,0,0,0,142,0,0,0,0,0,0,0,0,0,1001901.098544091,238191.37340442836,6
0,0,1,0,0,0,0,0,0,0,0,0,0,0,0,0,0,1,0,0,0,0,0,0,0,0,0,143,1,0,0,1,0,0,0,0,0,1001744.8724785894,239784.50309216976,6
0,0,0,1,0,0,0,0,0,0,0,0,0,0,0,0,0,1,1,0,0,0,1,0,0,0,0,144,0,0,0,0,0,0,0,0,0,1004689.4007102549,243517.6386705041,6
0,0,0,1,0,0,0,0,0,0,0,0,0,0,0,0,0,1,1,0,0,0,1,0,0,0,0,145,0,0,0,0,0,0,0,0,0,1004928.2781852633,245384.9082299173,6
0,0,1,0,0,0,0,0,1,0,0,1,0,0,0,0,0,1,0,0,0,0,0,0,0,0,0,146,0,0,0,0,0,0,0,0,0,1005429.330332756,240006.75986550748,6
0,0,0,0,1,0,0,0,0,0,0,0,0,0,0,0,0,1,0,0,0,0,0,0,0,0,0,147,1,0,0,0,0,1,0,0,0,1006817.9122012556,240067.74333934486,6
0,0,1,0,0,0,0,0,0,0,0,0,0,0,0,0,0,1,0,0,0,0,0,0,0,0,0,148,1,0,0,1,0,0,0,0,0,1008091.4936435968,243026.02876134217,6
0,0,0,2,0,0,0,0,0,0,0,0,0,0,0,0,0,2,0,0,0,0,0,0,0,0,0,149,2,0,0,0,2,0,0,0,0,1008109.8794335872,244858.0031157583,6
1,0,0,0,0,0,0,0,0,0,0,0,0,0,0,0,0,1,1,1,0,0,0,0,0,0,0,150,0,0,0,0,0,0,0,0,0,1008496.0991335958,248123.4690257609,6
0,0,0,1,0,0,0,0,0,0,0,0,0,0,0,0,0,1,0,0,0,0,0,0,0,0,0,151,1,0,0,0,1,0,0,0,0,1009050.0557028353,257820.5936603397,6
0,0,0,0,0,1,0,0,0,0,0,0,0,0,0,0,0,1,1,0,0,0,0,0,1,0,0,152,0,0,0,0,0,0,0,0,0,1009402.8985010833,258886.01278933883,6
0,1,0,0,0,0,0,0,0,0,0,0,0,0,0,0,0,1,0,0,0,0,0,0,0,0,0,153,1,0,1,0,0,0,0,0,0,1014243.1673638374,212163.20433226228,6
0,0,0,1,0,0,0,0,0,0,0,0,0,0,0,0,0,1,0,0,0,0,0,0,0,0,0,154,1,0,0,0,1,0,0,0,0,1015044.274685502,210136.58108891547,6
0,0,0,0,1,0,0,0,0,0,0,0,0,0,0,0,0,1,0,0,0,0,0,0,0,0,0,155,1,0,0,0,0,1,0,0,0,1019252.5700746775,215025.859040007,6
0,0,0,0,0,0,1,0,0,0,0,0,0,0,0,0,0,1,0,0,0,0,0,0,0,0,0,156,1,0,0,0,0,0,0,1,0,1013847.1839038432,237811.69535800815,6
0,0,0,0,1,0,0,0,0,0,0,0,0,0,0,0,0,1,1,0,0,0,0,1,0,0,0,157,0,0,0,0,0,0,0,0,0,1014159.6967302561,239740.22496551275,6
0,0,0,0,0,0,1,0,0,0,0,0,0,0,0,0,0,1,0,0,0,0,0,0,0,0,0,158,1,0,0,0,0,0,0,1,0,1015609.7755230069,237677.7651796788,6
0,0,0,0,0,1,0,0,0,0,0,0,0,0,0,0,0,1,1,0,0,0,0,0,1,0,0,159,0,0,0,0,0,0,0,0,0,1016071.1879860014,238973.1884418428,6
0,0,0,1,0,0,0,0,0,0,0,0,0,0,0,0,0,1,0,0,0,0,0,0,0,0,0,160,1,0,0,0,1,0,0,0,0,1011147.5734894276,246935.75814658403,6
0,1,0,0,0,0,0,0,0,0,0,0,0,0,0,0,0,1,0,0,0,0,0,0,0,0,0,161,1,0,1,0,0,0,0,0,0,1010085.0132785887,259829.12442016602,6
0,0,0,0,1,0,0,0,0,0,0,0,0,0,0,0,0,1,0,0,0,0,0,0,0,0,0,162,1,0,0,0,0,1,0,0,0,1010692.9874563366,269361.3327179253,6
0,0,0,0,0,1,0,0,0,0,0,0,0,0,0,0,0,1,0,0,0,0,0,0,0,0,0,163,1,0,0,0,0,0,1,0,0,1012831.1003060937,267992.0670837611,6
0,0,1,0,0,0,0,0,0,0,0,0,0,0,0,0,0,1,0,0,0,0,0,0,0,0,0,164,1,0,0,1,0,0,0,0,0,1022215.0014857501,213883.85673083365,6
0,0,0,0,0,0,0,1,0,0,0,0,0,0,0,0,0,1,0,0,0,0,0,0,0,0,0,165,1,0,0,0,0,0,0,0,1,1020195.8260621727,240664.37009884417,6
0,0,3,0,0,0,0,0,0,0,0,0,0,0,0,0,0,3,0,0,0,0,0,0,0,0,0,166,3,0,0,3,0,0,0,0,0,1023789.5357382596,248160.28653742373,6
0,0,0,1,0,0,0,0,0,0,0,0,0,0,0,0,0,1,0,0,0,0,0,0,0,0,0,167,1,0,0,0,1,0,0,0,0,1027595.2364601791,245901.48823350668,6
0,1,0,0,0,0,0,0,0,0,0,0,0,0,0,0,0,1,1,0,1,0,0,0,0,0,0,168,0,0,0,0,0,0,0,0,0,1028537.4888407588,243494.88248242438,6
0,0,1,0,0,0,0,0,0,0,0,0,0,0,0,0,0,1,0,0,0,0,0,0,0,0,0,169,1,0,0,1,0,0,0,0,0,1028370.333663255,261650.52497683465,6
0,2,0,0,0,0,0,0,0,0,0,0,0,0,0,0,0,2,2,0,2,0,0,0,0,0,0,170,0,0,0,0,0,0,0,0,0,1038442.5933743417,209727.22823308408,6
0,0,1,0,0,0,0,0,0,0,0,0,0,0,0,0,0,1,0,0,0,0,0,0,0,0,0,171,1,0,0,1,0,0,0,0,0,1030328.8828957528,214868.41873808205,6
0,1,0,0,0,0,0,0,0,0,0,0,0,0,0,0,0,1,0,0,0,0,0,0,0,0,0,172,1,0,1,0,0,0,0,0,0,1030250.5431574285,215182.6435033381,6
0,0,0,0,0,0,1,0,0,0,0,0,0,0,0,0,0,1,0,0,0,0,0,0,0,0,0,173,1,0,0,0,0,0,0,1,0,1031825.0577249229,214532.90070833266,6
0,0,0,1,0,0,0,0,0,0,0,0,0,0,0,0,0,1,0,0,0,0,0,0,0,0,0,174,1,0,0,0,1,0,0,0,0,1031493.5885715932,215553.04335309565,6
0,0,0,0,1,0,0,0,0,0,0,0,0,0,0,0,0,1,0,0,0,0,0,0,0,0,0,175,1,0,0,0,0,1,0,0,0,1032077.2685065866,213774.76935058832,6
0,0,0,0,0,1,0,0,0,0,0,0,0,0,0,0,0,1,1,0,0,0,0,0,1,0,0,176,0,0,0,0,0,0,0,0,0,1036761.9569718391,216723.87401667237,6
0,0,1,0,0,0,0,0,0,0,0,0,0,0,0,0,0,1,0,0,0,0,0,0,0,0,0,177,1,0,0,1,0,0,0,0,0,1031884.0241424292,249950.49293075502,6
0,0,0,0,0,0,0,1,0,0,0,0,0,0,0,0,0,1,0,0,0,0,0,0,0,0,0,178,1,0,0,0,0,0,0,0,1,1033796.063953504,240113.96765634418,6
1,0,0,0,0,0,0,0,0,0,0,0,0,0,0,0,0,1,1,1,0,0,0,0,0,0,0,179,0,0,0,0,0,0,0,0,0,1033092.4826835096,259916.38146351278,6
0,0,0,0,1,0,0,0,0,0,0,0,0,0,0,0,0,1,0,0,0,0,0,0,0,0,0,180,1,0,0,0,0,1,0,0,0,1031385.744299084,261863.63806767762,6
0,0,0,0,0,2,0,0,0,0,0,0,0,0,0,0,0,2,2,0,0,0,0,0,2,0,0,181,0,0,0,0,0,0,0,0,0,1040256.8121868372,200622.44034034014,6
0,0,0,3,0,0,0,0,0,0,0,0,0,0,0,0,0,3,3,0,0,0,3,0,0,0,0,182,0,0,0,0,0,0,0,0,0,1049062.6767929196,210608.24353142083,6
0,0,1,0,0,0,0,0,0,0,0,0,0,0,0,0,0,1,0,0,0,0,0,0,0,0,0,183,1,0,0,1,0,0,0,0,0,1043226.3928618431,226763.22040775418,6
0,0,0,0,1,0,0,0,1,0,0,0,0,1,0,0,0,1,0,0,0,0,0,0,0,0,0,184,0,0,0,0,0,0,0,0,0,1041654.4747458398,251190.09839117527,6
0,0,0,1,0,0,0,0,0,0,0,0,0,0,0,0,0,1,0,0,0,0,0,0,0,0,0,185,1,0,0,0,1,0,0,0,0,1054802.9573070854,205128.75973975658,6
0,0,0,1,0,0,0,0,0,0,0,0,0,0,0,0,0,1,0,0,0,0,0,0,0,0,0,186,1,0,0,0,1,0,0,0,0,1002514.6383275092,158247.48047100008,6
1,0,0,0,0,0,0,0,0,0,0,0,0,0,0,0,0,1,1,1,0,0,0,0,0,0,0,187,0,0,0,0,0,0,0,0,0,1029942.8567649275,261224.3545693457,6
0,0,0,0,0,1,0,0,0,0,0,0,0,0,0,0,0,1,1,0,0,0,0,0,1,0,0,188,0,0,0,0,0,0,0,0,0,1006401.4904619306,143587.65447574854,6
1,0,0,0,0,0,0,0,0,0,0,0,0,0,0,0,0,1,0,0,0,0,0,0,0,0,0,189,1,1,0,0,0,0,0,0,0,985342.5732622594,200219.0389161706,6
0,0,0,0,0,0,1,0,0,0,0,0,0,0,0,0,0,1,1,0,0,0,0,0,0,1,0,190,0,0,0,0,0,0,0,0,0,1019452.2268275917,243843.2528486699,6
0,0,0,1,0,0,0,0,0,0,0,0,0,0,0,0,0,1,1,0,0,0,1,0,0,0,0,191,0,0,0,0,0,0,0,0,0,1027341.083753258,187164.5804450959,6
0,0,0,0,0,0,0,1,0,0,0,0,0,0,0,0,0,1,0,0,0,0,0,0,0,0,0,192,1,0,0,0,0,0,0,0,1,988852.7532497644,191993.05832092464,6
0,0,1,0,0,0,0,0,0,0,0,0,0,0,0,0,0,1,0,0,0,0,0,0,0,0,0,193,1,0,0,1,0,0,0,0,0,1008577.8345344216,232421.77864442766,6
0,1,0,0,0,0,0,0,0,0,0,0,0,0,0,0,0,1,1,0,1,0,0,0,0,0,0,194,0,0,0,0,0,0,0,0,0,1021382.1875345856,176936.58613733947,6
0,1,0,0,0,0,0,0,0,0,0,0,0,0,0,0,0,1,0,0,0,0,0,0,0,0,0,1,1,0,1,0,0,0,0,0,0,1021171.4966830015,258963.65042933822,7
0,0,1,0,0,0,0,0,0,0,0,0,0,0,0,0,0,1,0,0,0,0,0,0,0,0,0,2,1,0,0,1,0,0,0,0,0,1016672.6408513337,254840.53892491758,7
0,1,0,0,0,0,0,0,0,0,0,0,0,0,0,0,0,1,0,0,0,0,0,0,0,0,0,3,1,0,1,0,0,0,0,0,0,984643.2636372596,217724.54130667448,7
0,1,0,0,0,0,0,0,0,0,0,0,0,0,0,0,0,1,0,0,0,0,0,0,0,0,0,4,1,0,1,0,0,0,0,0,0,1011099.6077060848,234232.85769942403,7
0,0,0,0,0,0,1,0,0,0,0,0,0,0,0,0,0,1,0,0,0,0,0,0,0,0,0,5,1,0,0,0,0,0,0,1,0,1027818.5631132573,183656.04415509105,7
0,0,0,0,0,0,1,0,0,0,0,0,0,0,0,0,0,1,0,0,0,0,0,0,0,0,0,6,1,0,0,0,0,0,0,1,0,1030009.0508582592,186102.0989742577,7
0,0,0,0,1,0,0,0,0,0,0,0,0,0,0,0,0,1,0,0,0,0,0,0,0,0,0,7,1,0,0,0,0,1,0,0,0,915434.7396530062,125062.09835109115,7
1,0,0,0,0,0,0,0,0,0,0,0,0,0,0,0,0,1,1,1,0,0,0,0,0,0,0,8,0,0,0,0,0,0,0,0,0,918928.6759065837,123782.21902108192,7
0,0,0,0,0,0,0,1,0,0,0,0,0,0,0,0,0,1,1,0,0,0,0,0,0,0,1,9,0,0,0,0,0,0,0,0,0,937509.2453726679,131191.2491504997,7
3,0,0,0,0,0,0,0,0,0,0,0,0,0,0,0,0,3,3,3,0,0,0,0,0,0,0,10,0,0,0,0,0,0,0,0,0,934757.5238420069,157860.28701967,7
0,0,0,0,0,0,0,1,0,0,0,0,0,0,0,0,0,1,0,0,0,0,0,0,0,0,0,11,1,0,0,0,0,0,0,0,1,943363.8724429309,136416.27478967607,7
0,0,1,0,0,0,0,0,1,0,0,1,0,0,0,0,0,1,0,0,0,0,0,0,0,0,0,12,0,0,0,0,0,0,0,0,0,946178.2959479243,148032.2289199233,7
0,0,0,0,0,1,0,0,0,0,0,0,0,0,0,0,0,1,1,0,0,0,0,0,1,0,0,13,0,0,0,0,0,0,0,0,0,948925.498458758,146086.07139492035,7
0,0,0,0,0,0,0,1,0,0,0,0,0,0,0,0,0,1,1,0,0,0,0,0,0,0,1,14,0,0,0,0,0,0,0,0,0,948851.8204565048,163602.10854125023,7
0,0,1,0,0,0,0,0,0,0,0,0,0,0,0,0,0,1,0,0,0,0,0,0,0,0,0,15,1,0,0,1,0,0,0,0,0,959567.150075674,154306.57956017554,7
0,0,0,1,0,0,0,0,0,0,0,0,0,0,0,0,0,1,0,0,0,0,0,0,0,0,0,16,1,0,0,0,1,0,0,0,0,952098.415341258,160393.52932851017,7
0,0,0,0,0,1,0,0,0,0,0,0,0,0,0,0,0,1,0,0,0,0,0,0,0,0,0,17,1,0,0,0,0,0,1,0,0,958076.6018756777,161823.47397516668,7
1,0,0,0,0,0,0,0,0,0,0,0,0,0,0,0,0,1,0,0,0,0,0,0,0,0,0,18,1,1,0,0,0,0,0,0,0,963251.7060267627,167595.93585541844,7
1,0,0,0,0,0,0,0,0,0,0,0,0,0,0,0,0,1,0,0,0,0,0,0,0,0,0,19,1,1,0,0,0,0,0,0,0,983820.8505839258,158397.9394876659,7
0,0,0,1,0,0,0,0,0,0,0,0,0,0,0,0,0,1,0,0,0,0,0,0,0,0,0,20,1,0,0,0,1,0,0,0,0,985968.5890705884,158583.25407767296,7
0,0,1,0,0,0,0,0,0,0,0,0,0,0,0,0,0,1,0,0,0,0,0,0,0,0,0,21,1,0,0,1,0,0,0,0,0,987979.7103764266,157335.11024850607,7
0,0,0,1,0,0,0,0,0,0,0,0,0,0,0,0,0,1,0,0,0,0,0,0,0,0,0,22,1,0,0,0,1,0,0,0,0,983236.110939756,164081.1364545822,7
0,0,0,0,0,0,0,1,0,0,0,0,0,0,0,0,0,1,0,0,0,0,0,0,0,0,0,23,1,0,0,0,0,0,0,0,1,984045.049610585,162446.5924795866,7
0,0,0,0,0,0,1,0,0,0,0,0,0,0,0,0,0,1,0,0,0,0,0,0,0,0,0,24,1,0,0,0,0,0,0,1,0,984884.7034430951,166499.92754875124,7
0,0,0,0,1,0,0,0,0,0,0,0,0,0,0,0,0,1,0,0,0,0,0,0,0,0,0,25,1,0,0,0,0,1,0,0,0,985205.5361347497,167942.91350792348,7
1,0,0,0,0,0,0,0,0,0,0,0,0,0,0,0,0,1,0,0,0,0,0,0,0,0,0,26,1,1,0,0,0,0,0,0,0,981674.2013339251,173413.54856400192,7
0,0,0,1,0,0,0,0,0,0,0,0,0,0,0,0,0,1,0,0,0,0,0,0,0,0,0,27,1,0,0,0,1,0,0,0,0,986092.0632330924,172900.31172959507,7
0,1,0,0,0,0,0,0,0,0,0,0,0,0,0,0,0,1,1,0,1,0,0,0,0,0,0,28,0,0,0,0,0,0,0,0,0,987284.132043168,172952.26110075414,7
0,0,0,0,0,1,0,0,0,0,0,0,0,0,0,0,0,1,0,0,0,0,0,0,0,0,0,29,1,0,0,0,0,0,1,0,0,988049.3132555932,183074.34289066494,7
0,0,1,0,0,0,0,0,0,0,0,0,0,0,0,0,0,1,0,0,0,0,0,0,0,0,0,30,1,0,0,1,0,0,0,0,0,980693.5274422616,195183.1336336732,7
0,0,0,0,1,0,0,0,0,0,0,0,0,0,0,0,0,1,0,0,0,0,0,0,0,0,0,31,1,0,0,0,0,1,0,0,0,985813.8354430944,190749.34361675382,7
0,0,0,0,0,0,0,1,0,0,0,0,0,0,0,0,0,1,0,0,0,0,0,0,0,0,0,32,1,0,0,0,0,0,0,0,1,986239.966480583,199539.10589283705,7
0,0,0,0,0,1,0,0,0,0,0,0,0,0,0,0,0,1,1,0,0,0,0,0,1,0,0,33,0,0,0,0,0,0,0,0,0,993250.385530591,150725.62576408684,7
0,0,1,0,0,0,0,0,0,0,0,0,0,0,0,0,0,1,1,0,0,1,0,0,0,0,0,34,0,0,0,0,0,0,0,0,0,993930.7283300012,154632.70751683414,7
0,0,1,0,0,0,0,0,1,0,0,1,0,0,0,0,0,1,0,0,0,0,0,0,0,0,0,35,0,0,0,0,0,0,0,0,0,994774.2469841689,157221.2981401682,7
0,0,0,1,0,0,0,0,0,0,0,0,0,0,0,0,0,1,0,0,0,0,0,0,0,0,0,36,1,0,0,0,1,0,0,0,0,993641.1229380965,166857.1414012611,7
0,0,0,0,0,0,0,1,0,0,0,0,0,0,0,0,0,1,0,0,0,0,0,0,0,0,0,37,1,0,0,0,0,0,0,0,1,994810.8085908443,160732.3213018328,7
0,0,0,0,1,0,0,0,1,0,0,0,0,1,0,0,0,1,0,0,0,0,0,0,0,0,0,38,0,0,0,0,0,0,0,0,0,994975.0569500029,161554.22549791634,7
0,0,0,0,0,0,1,0,1,0,0,0,0,0,0,1,0,1,0,0,0,0,0,0,0,0,0,39,0,0,0,0,0,0,0,0,0,990856.860133931,186314.4279459268,7
0,0,0,0,0,0,1,0,1,0,0,0,0,0,0,1,0,1,0,0,0,0,0,0,0,0,0,40,0,0,0,0,0,0,0,0,0,995463.3400941789,189455.98990425467,7
0,0,0,1,0,0,0,0,0,0,0,0,0,0,0,0,0,1,0,0,0,0,0,0,0,0,0,41,1,0,0,0,1,0,0,0,0,997424.9011316746,192488.63771033287,7
0,0,0,0,0,0,1,0,0,0,0,0,0,0,0,0,0,1,0,0,0,0,0,0,0,0,0,42,1,0,0,0,0,0,0,1,0,997802.4627125114,198300.94563950598,7
0,1,0,0,0,0,0,0,1,0,1,0,0,0,0,0,0,1,0,0,0,0,0,0,0,0,0,43,0,0,0,0,0,0,0,0,0,999332.5187075138,198493.07780116796,7
0,0,0,1,0,0,0,0,1,0,0,0,1,0,0,0,0,1,0,0,0,0,0,0,0,0,0,44,0,0,0,0,0,0,0,0,0,980683.2489195019,200563.37221699953,7
0,0,0,1,0,0,0,0,0,0,0,0,0,0,0,0,0,1,1,0,0,0,1,0,0,0,0,45,0,0,0,0,0,0,0,0,0,981968.1610478461,202308.50258500874,7
1,0,0,0,0,0,0,0,0,0,0,0,0,0,0,0,0,1,0,0,0,0,0,0,0,0,0,46,1,1,0,0,0,0,0,0,0,987744.4615030885,200974.11614617705,7
0,0,0,0,1,0,0,0,0,0,0,0,0,0,0,0,0,1,0,0,0,0,0,0,0,0,0,47,1,0,0,0,0,1,0,0,0,987580.206910342,209196.73126259446,7
1,0,0,0,0,0,0,0,0,0,0,0,0,0,0,0,0,1,0,0,0,0,0,0,0,0,0,48,1,1,0,0,0,0,0,0,0,988422.297089681,206091.67021550238,7
0,0,0,0,0,0,0,1,0,0,0,0,0,0,0,0,0,1,0,0,0,0,0,0,0,0,0,49,1,0,0,0,0,0,0,0,1,984088.1466372609,215324.65109333396,7
0,0,1,0,0,0,0,0,0,0,0,0,0,0,0,0,0,1,0,0,0,0,0,0,0,0,0,50,1,0,0,1,0,0,0,0,0,985121.9995564222,215339.17895142734,7
0,0,0,0,0,0,1,0,1,0,0,0,0,0,0,1,0,1,0,0,0,0,0,0,0,0,0,51,0,0,0,0,0,0,0,0,0,985733.0810114294,219801.70250667632,7
0,0,1,0,0,0,0,0,0,0,0,0,0,0,0,0,0,1,0,0,0,0,0,0,0,0,0,52,1,0,0,1,0,0,0,0,0,986568.1843280941,214236.83830833435,7
0,0,1,0,0,0,0,0,0,0,0,0,0,0,0,0,0,1,0,0,0,0,0,0,0,0,0,53,1,0,0,1,0,0,0,0,0,987126.950270921,211529.69674099982,7
0,0,0,0,0,0,1,0,0,0,0,0,0,0,0,0,0,1,0,0,0,0,0,0,0,0,0,54,1,0,0,0,0,0,0,1,0,989230.5543314219,212176.11441142857,7
0,0,0,1,0,0,0,0,0,0,0,0,0,0,0,0,0,1,0,0,0,0,0,0,0,0,0,55,1,0,0,0,1,0,0,0,0,989545.3896597624,213790.70107725263,7
0,0,1,0,0,0,0,0,0,0,0,0,0,0,0,0,0,1,0,0,0,0,0,0,0,0,0,56,1,0,0,1,0,0,0,0,0,989925.3888997585,216584.3336133361,7
0,0,0,1,0,0,0,0,0,0,0,0,0,0,0,0,0,1,0,0,0,0,0,0,0,0,0,57,1,0,0,0,1,0,0,0,0,989780.2612372637,218177.33567667007,7
0,0,0,0,0,1,0,0,0,0,0,0,0,0,0,0,0,1,0,0,0,0,0,0,0,0,0,58,1,0,0,0,0,0,1,0,0,989203.415278092,219715.1606850028,7
0,0,0,1,0,0,0,0,0,0,0,0,0,0,0,0,0,1,0,0,0,0,0,0,0,0,0,59,1,0,0,0,1,0,0,0,0,989425.8262505829,223826.01171524823,7
0,0,0,0,0,0,0,1,0,0,0,0,0,0,0,0,0,1,0,0,0,0,0,0,0,0,0,60,1,0,0,0,0,0,0,0,1,990139.8044814169,201568.5047211796,7
0,0,0,0,0,1,0,0,0,0,0,0,0,0,0,0,0,1,0,0,0,0,0,0,0,0,0,61,1,0,0,0,0,0,1,0,0,996133.4601450115,201007.4428511709,7
0,0,0,0,0,1,0,0,0,0,0,0,0,0,0,0,0,1,1,0,0,0,0,0,1,0,0,62,0,0,0,0,0,0,0,0,0,990305.8179289252,217267.7147925049,7
0,0,0,0,0,0,0,1,0,0,0,0,0,0,0,0,0,1,0,0,0,0,0,0,0,0,0,63,1,0,0,0,0,0,0,0,1,991060.2094647586,211751.08245308697,7
0,0,0,0,0,0,0,1,0,0,0,0,0,0,0,0,0,1,0,0,0,0,0,0,0,0,0,64,1,0,0,0,0,0,0,0,1,994001.2829789221,216160.66320084035,7
0,0,0,0,0,0,0,2,0,0,0,0,0,0,0,0,0,2,0,0,0,0,0,0,0,0,0,65,2,0,0,0,0,0,0,0,2,995022.2881547511,219470.0653746724,7
0,0,0,0,0,0,0,1,0,0,0,0,0,0,0,0,0,1,1,0,0,0,0,0,0,0,1,66,0,0,0,0,0,0,0,0,0,991166.5379922539,227173.38691025972,7
0,0,1,0,0,0,0,0,0,0,0,0,0,0,0,0,0,1,0,0,0,0,0,0,0,0,0,67,1,0,0,1,0,0,0,0,0,991278.7552875131,228307.5775552541,7
0,0,1,0,0,0,0,0,0,0,0,0,0,0,0,0,0,1,0,0,0,0,0,0,0,0,0,68,1,0,0,1,0,0,0,0,0,992454.8323316723,228572.7935602516,7
0,0,0,0,0,0,0,1,0,0,0,0,0,0,0,0,0,1,0,0,0,0,0,0,0,0,0,69,1,0,0,0,0,0,0,0,1,995634.5602241755,221618.36554001272,7
0,0,1,0,0,0,0,0,0,0,0,0,0,0,0,0,0,1,0,0,0,0,0,0,0,0,0,70,1,0,0,1,0,0,0,0,0,996806.6707408428,225842.37907359004,7
0,0,0,1,0,0,0,0,0,0,0,0,0,0,0,0,0,1,0,0,0,0,0,0,0,0,0,71,1,0,0,0,1,0,0,0,0,997841.0256275088,220070.53727084398,7
0,0,1,0,0,0,0,0,0,0,0,0,0,0,0,0,0,1,0,0,0,0,0,0,0,0,0,72,1,0,0,1,0,0,0,0,0,998050.3559175134,229134.94794775546,7
1,0,0,0,0,0,0,0,0,0,0,0,0,0,0,0,0,1,0,0,0,0,0,0,0,0,0,73,1,1,0,0,0,0,0,0,0,999284.613291502,222677.20889475942,7
0,0,0,0,0,1,0,0,0,0,0,0,0,0,0,0,0,1,0,0,0,0,0,0,0,0,0,74,1,0,0,0,0,0,1,0,0,999041.4792633355,223708.4958741665,7
0,0,0,1,0,0,0,0,0,0,0,0,0,0,0,0,0,1,0,0,0,0,0,0,0,0,0,75,1,0,0,0,1,0,0,0,0,996841.9265758395,234635.34049025178,7
0,0,0,0,2,0,0,0,0,0,0,0,0,0,0,0,0,2,0,0,0,0,0,0,0,0,0,76,2,0,0,0,0,2,0,0,0,999378.3191408366,230483.46231108904,7
0,0,0,0,0,0,0,1,0,0,0,0,0,0,0,0,0,1,0,0,0,0,0,0,0,0,0,77,1,0,0,0,0,0,0,0,1,999628.6237583458,243378.89550967515,7
0,0,0,1,0,0,0,0,0,0,0,0,0,0,0,0,0,1,0,0,0,0,0,0,0,0,0,78,1,0,0,0,1,0,0,0,0,1001812.5823169202,157448.0627785027,7
0,0,0,1,0,0,0,0,1,0,0,0,1,0,0,0,0,1,0,0,0,0,0,0,0,0,0,79,0,0,0,0,0,0,0,0,0,1004948.4487485886,155385.31427933276,7
0,0,1,0,0,0,0,0,0,0,0,0,0,0,0,0,0,1,0,0,0,0,0,0,0,0,0,80,1,0,0,1,0,0,0,0,0,1005769.0245352536,161455.80049791932,7
0,0,1,0,0,0,0,0,0,0,0,0,0,0,0,0,0,1,0,0,0,0,0,0,0,0,0,81,1,0,0,1,0,0,0,0,0,1007085.9051035941,177648.07749649882,7
0,0,0,0,0,0,0,1,0,0,0,0,0,0,0,0,0,1,0,0,0,0,0,0,0,0,0,82,1,0,0,0,0,0,0,0,1,1007749.7062694281,177638.52370983362,7
0,0,0,0,1,0,0,0,1,0,0,0,0,1,0,0,0,1,0,0,0,0,0,0,0,0,0,83,0,0,0,0,0,0,0,0,0,1000887.8174341768,180838.42183758318,7
0,0,0,1,0,0,0,0,0,0,0,0,0,0,0,0,0,1,0,0,0,0,0,0,0,0,0,84,1,0,0,0,1,0,0,0,0,1002811.6423266679,186138.07659259439,7
0,1,0,0,0,0,0,0,0,0,0,0,0,0,0,0,0,1,1,0,1,0,0,0,0,0,0,85,0,0,0,0,0,0,0,0,0,1004800.9657758474,181823.02288675308,7
0,0,1,0,0,0,0,0,0,0,0,0,0,0,0,0,0,1,0,0,0,0,0,0,0,0,0,86,1,0,0,1,0,0,0,0,0,1005617.0464927554,188539.2627350837,7
0,0,0,1,0,0,0,0,0,0,0,0,0,0,0,0,0,1,0,0,0,0,0,0,0,0,0,87,1,0,0,0,1,0,0,0,0,1007892.1633335948,188610.6930384189,7
0,0,0,0,0,1,0,0,0,0,0,0,0,0,0,0,0,1,0,0,0,0,0,0,0,0,0,88,1,0,0,0,0,0,1,0,0,1008957.269471094,185699.49151176214,7
0,0,0,0,0,0,1,0,1,0,0,0,0,0,0,1,0,1,0,0,0,0,0,0,0,0,0,89,0,0,0,0,0,0,0,0,0,1003983.9231185913,193287.93434008956,7
0,0,0,0,1,0,0,0,0,0,0,0,0,0,0,0,0,1,0,0,0,0,0,0,0,0,0,90,1,0,0,0,0,1,0,0,0,1014396.5266371667,145195.63026241958,7
0,0,0,0,0,0,0,2,0,0,0,0,0,0,0,0,0,2,2,0,0,0,0,0,0,0,2,91,0,0,0,0,0,0,0,0,0,1011602.9298621714,174539.0482815057,7
1,0,0,0,0,0,0,0,0,0,0,0,0,0,0,0,0,1,0,0,0,0,0,0,0,0,0,92,1,1,0,0,0,0,0,0,0,1012171.6265594214,172033.1251437515,7
0,0,0,1,0,0,0,0,0,0,0,0,0,0,0,0,0,1,0,0,0,0,0,0,0,0,0,93,1,0,0,0,1,0,0,0,0,1014771.5977374166,176526.57252167165,7
0,0,1,0,0,0,0,0,0,0,0,0,0,0,0,0,0,1,0,0,0,0,0,0,0,0,0,94,1,0,0,1,0,0,0,0,0,1014932.4409196675,178651.38585734367,7
0,0,1,0,0,0,0,0,1,0,0,1,0,0,0,0,0,1,0,0,0,0,0,0,0,0,0,95,0,0,0,0,0,0,0,0,0,1015689.5850746781,178369.93300817907,7
0,0,0,0,0,1,0,0,0,0,0,0,0,0,0,0,0,1,0,0,0,0,0,0,0,0,0,96,1,0,0,0,0,0,1,0,0,1012441.6256913394,186181.95117676258,7
0,0,0,0,1,0,0,0,0,0,0,0,0,0,0,0,0,1,1,0,0,0,0,1,0,0,0,97,0,0,0,0,0,0,0,0,0,1013124.5114646703,181378.34562650323,7
0,0,0,0,0,0,0,1,0,0,0,0,0,0,0,0,0,1,1,0,0,0,0,0,0,0,1,98,0,0,0,0,0,0,0,0,0,1013036.5982546806,186073.31622342765,7
0,2,0,0,0,0,0,0,0,0,0,0,0,0,0,0,0,2,0,0,0,0,0,0,0,0,0,99,2,0,2,0,0,0,0,0,0,1018818.8471888453,188044.6180550903,7
0,0,0,1,0,0,0,0,0,0,0,0,0,0,0,0,0,1,0,0,0,0,0,0,0,0,0,100,1,0,0,0,1,0,0,0,0,1013742.4075385928,195156.15534117818,7
1,0,0,0,0,0,0,0,0,0,0,0,0,0,0,0,0,1,1,1,0,0,0,0,0,0,0,101,0,0,0,0,0,0,0,0,0,1015636.5963355005,193111.6518842578,7
1,0,0,0,0,0,0,0,0,0,0,0,0,0,0,0,0,1,0,0,0,0,0,0,0,0,0,102,1,1,0,0,0,0,0,0,0,1022414.9226738364,192859.83808341622,7
1,0,0,0,0,0,0,0,0,0,0,0,0,0,0,0,0,1,1,1,0,0,0,0,0,0,0,103,0,0,0,0,0,0,0,0,0,1025311.0648474246,198211.91366533935,7
0,0,0,0,0,1,0,0,0,0,0,0,0,0,0,0,0,1,0,0,0,0,0,0,0,0,0,104,1,0,0,0,0,0,1,0,0,1031686.835888505,187184.03250592947,7
0,0,0,0,0,1,0,0,0,0,0,0,0,0,0,0,0,1,1,0,0,0,0,0,1,0,0,105,0,0,0,0,0,0,0,0,0,1034290.5675576776,186708.36416591704,7
0,0,1,0,0,0,0,0,0,0,0,0,0,0,0,0,0,1,1,0,0,1,0,0,0,0,0,106,0,0,0,0,0,0,0,0,0,1036739.0403510034,186902.4517042488,7
0,1,0,0,0,0,0,0,0,0,0,0,0,0,0,0,0,1,0,0,0,0,0,0,0,0,0,107,1,0,1,0,0,0,0,0,0,1037001.3495376706,187000.6437650919,7
0,1,0,0,0,0,0,0,0,0,0,0,0,0,0,0,0,1,0,0,0,0,0,0,0,0,0,108,1,0,1,0,0,0,0,0,0,1038234.8805351704,187461.41056008637,7
0,0,0,0,0,0,1,0,0,0,0,0,0,0,0,0,0,1,0,0,0,0,0,0,0,0,0,109,1,0,0,0,0,0,0,1,0,1042851.6232701689,155178.39212100208,7
0,0,0,0,0,0,1,0,0,0,0,0,0,0,0,0,0,1,0,0,0,0,0,0,0,0,0,110,1,0,0,0,0,0,0,1,0,1046070.7602045834,181129.8389056772,7
1,0,0,0,0,0,0,0,0,0,0,0,0,0,0,0,0,1,0,0,0,0,0,0,0,0,0,111,1,1,0,0,0,0,0,0,0,1052204.1370454282,159910.97747208178,7
0,0,0,0,1,0,0,0,0,0,0,0,0,0,0,0,0,1,1,0,0,0,0,1,0,0,0,112,0,0,0,0,0,0,0,0,0,1055935.7273512632,172099.7716640085,7
0,1,0,0,0,0,0,0,0,0,0,0,0,0,0,0,0,1,0,0,0,0,0,0,0,0,0,113,1,0,1,0,0,0,0,0,0,1057600.2742190063,181860.90010759234,7
0,0,0,0,0,0,1,0,0,0,0,0,0,0,0,0,0,1,0,0,0,0,0,0,0,0,0,114,1,0,0,0,0,0,0,1,0,1056199.6306948364,195662.85708367825,7
0,0,0,1,0,0,0,0,0,0,0,0,0,0,0,0,0,1,1,0,0,0,1,0,0,0,0,115,0,0,0,0,0,0,0,0,0,1001593.3573616743,206612.07698309422,7
1,0,0,0,0,0,0,0,0,0,0,0,0,0,0,0,0,1,0,0,0,0,0,0,0,0,0,116,1,1,0,0,0,0,0,0,0,1001760.9223152548,216128.8588025123,7
0,0,0,0,1,0,0,0,0,0,0,0,0,0,0,0,0,1,0,0,0,0,0,0,0,0,0,117,1,0,0,0,0,1,0,0,0,1004062.9715169221,219474.21956583858,7
1,0,0,0,0,0,0,0,0,0,0,0,0,0,0,0,0,1,0,0,0,0,0,0,0,0,0,118,1,1,0,0,0,0,0,0,0,1005140.8991510868,216757.26305750012,7
0,0,0,1,0,0,0,0,0,0,0,0,0,0,0,0,0,1,0,0,0,0,0,0,0,0,0,119,1,0,0,0,1,0,0,0,0,1002397.5683516711,229765.25508609414,7
1,0,0,0,0,0,0,0,0,0,0,0,0,0,0,0,0,1,0,0,0,0,0,0,0,0,0,120,1,1,0,0,0,0,0,0,0,1008685.0390444249,221130.73856250942,7
0,0,0,1,0,0,0,0,0,0,0,0,0,0,0,0,0,1,0,0,0,0,0,0,0,0,0,121,1,0,0,0,1,0,0,0,0,1001711.1684777588,232583.4351452589,7
0,0,1,0,0,0,0,0,0,0,0,0,0,0,0,0,0,1,0,0,0,0,0,0,0,0,0,122,1,0,0,1,0,0,0,0,0,1001518.3151889294,235386.4787517488,7
0,0,1,0,0,0,0,0,0,0,0,0,0,0,0,0,0,1,0,0,0,0,0,0,0,0,0,123,1,0,0,1,0,0,0,0,0,1005597.1548002511,234065.54832275212,7
0,0,0,0,1,0,0,0,0,0,0,0,0,0,0,0,0,1,0,0,0,0,0,0,0,0,0,124,1,0,0,0,0,1,0,0,0,1007843.4593627602,239931.4778638333,7
0,0,0,1,0,0,0,0,0,0,0,0,0,0,0,0,0,1,0,0,0,0,0,0,0,0,0,125,1,0,0,0,1,0,0,0,0,1000537.7590791732,245018.3243174255,7
0,0,0,1,0,0,0,0,0,0,0,0,0,0,0,0,0,1,0,0,0,0,0,0,0,0,0,126,1,0,0,0,1,0,0,0,0,1001846.3785091788,248794.6159774214,7
0,0,0,0,0,0,0,1,0,0,0,0,0,0,0,0,0,1,1,0,0,0,0,0,0,0,1,127,0,0,0,0,0,0,0,0,0,1003967.6370619237,242666.44286634028,7
0,0,0,0,0,0,1,0,0,0,0,0,0,0,0,0,0,1,0,0,0,0,0,0,0,0,0,128,1,0,0,0,0,0,0,1,0,1005483.3820619285,241803.55417217314,7
0,0,0,0,1,0,0,0,0,0,0,0,0,0,0,0,0,1,0,0,0,0,0,0,0,0,0,129,1,0,0,0,0,1,0,0,0,1007133.1130144298,245601.9386357516,7
0,0,0,0,1,0,0,0,0,0,0,0,0,0,0,0,0,1,0,0,0,0,0,0,0,0,0,130,1,0,0,0,0,1,0,0,0,1007745.3690077513,245041.17532159388,7
1,0,0,0,0,0,0,0,0,0,0,0,0,0,0,0,0,1,0,0,0,0,0,0,0,0,0,131,1,1,0,0,0,0,0,0,0,1009402.9890520871,253761.24252708256,7
0,0,0,0,0,0,1,0,1,0,0,0,0,0,0,1,0,1,0,0,0,0,0,0,0,0,0,132,0,0,0,0,0,0,0,0,0,1016090.0895230025,210347.28932891786,7
0,0,0,0,0,0,0,1,0,0,0,0,0,0,0,0,0,1,0,0,0,0,0,0,0,0,0,133,1,0,0,0,0,0,0,0,1,1017132.3544988334,214046.35312500596,7
1,0,0,0,0,0,0,0,0,0,0,0,0,0,0,0,0,1,1,1,0,0,0,0,0,0,0,134,0,0,0,0,0,0,0,0,0,1018419.7075671703,214225.68708391488,7
0,0,0,0,0,0,0,1,0,0,0,0,0,0,0,0,0,1,0,0,0,0,0,0,0,0,0,135,1,0,0,0,0,0,0,0,1,1018509.2874405086,217348.1673875004,7
0,0,0,0,0,1,0,0,0,0,0,0,0,0,0,0,0,1,0,0,0,0,0,0,0,0,0,136,1,0,0,0,0,0,1,0,0,1016698.2116663456,239230.5540688336,7
0,0,0,1,0,0,0,0,0,0,0,0,0,0,0,0,0,1,0,0,0,0,0,0,0,0,0,137,1,0,0,0,1,0,0,0,0,1017371.6650438458,238522.0876380056,7
0,0,0,0,0,0,0,1,0,0,0,0,0,0,0,0,0,1,0,0,0,0,0,0,0,0,0,138,1,0,0,0,0,0,0,0,1,1014555.7093896717,248585.41692075133,7
0,0,0,0,1,0,0,0,0,0,0,0,0,0,0,0,0,1,0,0,0,0,0,0,0,0,0,139,1,0,0,0,0,1,0,0,0,1018109.7409955114,240290.21074217558,7
0,0,0,0,0,0,0,1,0,0,0,0,0,0,0,0,0,1,0,0,0,0,0,0,0,0,0,140,1,0,0,0,0,0,0,0,1,1018455.2225880027,241320.16275051236,7
0,0,0,0,0,0,1,0,1,0,0,0,0,0,0,1,0,1,0,0,0,0,0,0,0,0,0,141,0,0,0,0,0,0,0,0,0,1017192.8205852509,255096.5098696649,7
0,0,0,0,0,0,1,0,0,0,0,0,0,0,0,0,0,1,1,0,0,0,0,0,0,1,0,142,0,0,0,0,0,0,0,0,0,1017650.1192113459,257602.98385934532,7
0,0,1,0,0,0,0,0,0,0,0,0,0,0,0,0,0,1,0,0,0,0,0,0,0,0,0,143,1,0,0,1,0,0,0,0,0,1019587.6678296775,250382.37854991853,7
0,0,0,1,0,0,0,0,0,0,0,0,0,0,0,0,0,1,1,0,0,0,1,0,0,0,0,144,0,0,0,0,0,0,0,0,0,1019758.3859921694,259418.31487433612,7
0,0,0,1,0,0,0,0,0,0,0,0,0,0,0,0,0,1,0,0,0,0,0,0,0,0,0,145,1,0,0,0,1,0,0,0,0,1021768.4246230125,206824.19794991612,7
0,0,0,0,1,0,0,0,0,0,0,0,0,0,0,0,0,1,0,0,0,0,0,0,0,0,0,146,1,0,0,0,0,1,0,0,0,1022650.8306665868,212299.93306142092,7
0,0,0,0,0,0,1,0,0,0,0,0,0,0,0,0,0,1,0,0,0,0,0,0,0,0,0,147,1,0,0,0,0,0,0,1,0,1024484.667550087,214260.9183126688,7
0,0,0,0,0,0,0,1,0,0,0,0,0,0,0,0,0,1,0,0,0,0,0,0,0,0,0,148,1,0,0,0,0,0,0,0,1,1026950.4808599204,225016.49489858747,7
0,0,0,0,1,0,0,0,0,0,0,0,0,0,0,0,0,1,0,0,0,0,0,0,0,0,0,149,1,0,0,0,0,1,0,0,0,1020864.4861421734,239947.90171550214,7
0,0,0,0,1,0,0,0,0,0,0,0,0,0,0,0,0,1,0,0,0,0,0,0,0,0,0,150,1,0,0,0,0,1,0,0,0,1021896.8033032566,248869.66503992677,7
0,0,1,0,0,0,0,0,0,0,0,0,0,0,0,0,0,1,1,0,0,1,0,0,0,0,0,151,0,0,0,0,0,0,0,0,0,1022499.4599063396,245893.33273801208,7
0,0,0,0,1,0,0,0,0,0,0,0,0,0,0,0,0,1,0,0,0,0,0,0,0,0,0,152,1,0,0,0,0,1,0,0,0,1024136.067525506,243850.09535467625,7
0,0,1,0,0,0,0,0,0,0,0,0,0,0,0,0,0,1,0,0,0,0,0,0,0,0,0,153,1,0,0,1,0,0,0,0,0,1025146.275150761,244015.7672674209,7
0,0,0,0,0,0,0,1,0,0,0,0,0,0,0,0,0,1,1,0,0,0,0,0,0,0,1,154,0,0,0,0,0,0,0,0,0,1029371.0557431728,246587.37892208993,7
0,0,0,0,1,0,0,0,0,0,0,0,0,0,0,0,0,1,1,0,0,0,0,1,0,0,0,155,0,0,0,0,0,0,0,0,0,1021999.4018513411,254634.94845683873,7
0,0,0,0,0,1,0,0,0,0,0,0,0,0,0,0,0,1,1,0,0,0,0,0,1,0,0,156,0,0,0,0,0,0,0,0,0,1021536.9880780131,257120.17314517498,7
0,0,0,0,0,0,0,1,1,0,0,0,0,0,0,0,1,1,0,0,0,0,0,0,0,0,0,157,0,0,0,0,0,0,0,0,0,1024286.0147321671,250375.82016408443,7
0,0,0,0,0,0,0,1,0,0,0,0,0,0,0,0,0,1,1,0,0,0,0,0,0,0,1,158,0,0,0,0,0,0,0,0,0,1022979.2191174179,260887.24566350877,7
0,0,0,0,0,1,0,0,0,0,0,0,0,0,0,0,0,1,1,0,0,0,0,0,1,0,0,159,0,0,0,0,0,0,0,0,0,1023777.410106346,260553.66365350783,7
0,0,0,0,0,1,0,0,0,0,0,0,0,0,0,0,0,1,1,0,0,0,0,0,1,0,0,160,0,0,0,0,0,0,0,0,0,1024100.4147096723,261325.31565350294,7
0,0,0,0,0,0,0,1,0,0,0,0,0,0,0,0,0,1,0,0,0,0,0,0,0,0,0,161,1,0,0,0,0,0,0,0,1,1024228.8786915839,266795.92774376273,7
0,0,0,1,0,0,0,0,0,0,0,0,0,0,0,0,0,1,1,0,0,0,1,0,0,0,0,162,0,0,0,0,0,0,0,0,0,1034022.8003766686,200329.3844960034,7
0,0,0,1,0,0,0,0,0,0,0,0,0,0,0,0,0,1,0,0,0,0,0,0,0,0,0,163,1,0,0,0,1,0,0,0,0,1030432.9049974233,217209.77527584136,7
0,0,0,0,0,0,1,0,0,0,0,0,0,0,0,0,0,1,0,0,0,0,0,0,0,0,0,164,1,0,0,0,0,0,0,1,0,1030414.4667140841,217696.98230667412,7
0,0,0,0,0,0,0,1,0,0,0,0,0,0,0,0,0,1,0,0,0,0,0,0,0,0,0,165,1,0,0,0,0,0,0,0,1,1033927.1824576706,218034.37992583215,7
0,0,0,0,0,0,0,1,0,0,0,0,0,0,0,0,0,1,0,0,0,0,0,0,0,0,0,166,1,0,0,0,0,0,0,0,1,1037297.7793910056,224732.5190885961,7
0,1,0,0,0,1,0,0,1,0,1,0,0,0,0,0,0,2,0,0,0,0,0,0,0,0,0,167,1,0,0,0,0,0,1,0,0,1030672.2975632548,243633.1764971763,7
0,0,0,0,0,0,0,1,0,0,0,0,0,0,0,0,0,1,1,0,0,0,0,0,0,0,1,168,0,0,0,0,0,0,0,0,0,1033951.6902826726,246868.96694159508,7
0,0,0,0,0,1,0,0,0,0,0,0,0,0,0,0,0,1,1,0,0,0,0,0,1,0,0,169,0,0,0,0,0,0,0,0,0,1031674.4346665889,262822.7700076699,7
0,0,0,0,0,0,1,0,0,0,0,0,0,0,0,0,0,1,1,0,0,0,0,0,0,1,0,170,0,0,0,0,0,0,0,0,0,1042401.2337510139,226446.30831192434,7
0,0,0,0,0,0,1,0,1,0,0,0,0,0,0,1,0,1,0,0,0,0,0,0,0,0,0,171,0,0,0,0,0,0,0,0,0,1051156.2979337573,216984.19501833618,7
0,0,0,1,0,0,0,0,0,0,0,0,0,0,0,0,0,1,0,0,0,0,0,0,0,0,0,172,1,0,0,0,1,0,0,0,0,1005283.2807560861,243518.5044824183,7
0,0,0,0,0,0,1,0,0,0,0,0,0,0,0,0,0,1,0,0,0,0,0,0,0,0,0,173,1,0,0,0,0,0,0,1,0,950434.3271340132,148754.05818492174,7
0,1,0,0,0,0,0,0,0,0,0,0,0,0,0,0,0,1,0,0,0,0,0,0,0,0,0,174,1,0,1,0,0,0,0,0,0,1011235.286568597,247138.7761132568,7
0,0,0,0,0,0,0,1,0,0,0,0,0,0,0,0,0,1,0,0,0,0,0,0,0,0,0,175,1,0,0,0,0,0,0,0,1,1013482.1157363355,194613.6859536767,7
0,0,1,0,0,0,0,0,0,0,0,0,0,0,0,0,0,1,0,0,0,0,0,0,0,0,0,176,1,0,0,1,0,0,0,0,0,1012516.3237046748,263731.04575017095,7
0,0,0,0,0,1,0,0,0,0,0,0,0,0,0,0,0,1,0,0,0,0,0,0,0,0,0,177,1,0,0,0,0,0,1,0,0,989277.0250390023,223301.01309333742,7
0,0,0,1,0,0,0,0,0,0,0,0,0,0,0,0,0,1,0,0,0,0,0,0,0,0,0,178,1,0,0,0,1,0,0,0,0,1015908.946184501,239064.09114716947,7
0,0,0,0,0,1,0,0,0,0,0,0,0,0,0,0,0,1,1,0,0,0,0,0,1,0,0,179,0,0,0,0,0,0,0,0,0,1019253.1753884256,197066.28537917137,7
0,0,0,0,0,0,0,1,0,0,0,0,0,0,0,0,0,1,0,0,0,0,0,0,0,0,0,180,1,0,0,0,0,0,0,0,1,992998.0274395049,197394.5855755955,7
0,1,0,0,0,0,0,0,0,0,0,0,0,0,0,0,0,1,0,0,0,0,0,0,0,0,0,1,1,0,1,0,0,0,0,0,0,918443.473793,126583.93913942575,8
0,0,0,0,0,0,1,0,0,0,0,0,0,0,0,0,0,1,1,0,0,0,0,0,0,1,0,2,0,0,0,0,0,0,0,0,0,920184.339733839,138084.97223967314,8
0,0,1,0,0,0,0,0,0,0,0,0,0,0,0,0,0,1,0,0,0,0,0,0,0,0,0,3,1,0,0,1,0,0,0,0,0,925396.8913165927,138346.4382521659,8
0,0,0,0,0,0,0,1,0,0,0,0,0,0,0,0,0,1,1,0,0,0,0,0,0,0,1,4,0,0,0,0,0,0,0,0,0,930366.1297376752,154197.81337350607,8
0,0,0,2,0,0,0,0,0,0,0,0,0,0,0,0,0,2,2,0,0,0,2,0,0,0,0,5,0,0,0,0,0,0,0,0,0,938905.3843126744,158527.68332266808,8
0,0,0,0,0,0,1,0,0,0,0,0,0,0,0,0,0,1,0,0,0,0,0,0,0,0,0,6,1,0,0,0,0,0,0,1,0,947940.2346812636,162732.3366587609,8
1,0,0,0,0,0,0,0,0,0,0,0,0,0,0,0,0,1,0,0,0,0,0,0,0,0,0,7,1,1,0,0,0,0,0,0,0,953916.8792240024,147341.29198159277,8
0,0,0,1,0,0,0,0,0,0,0,0,0,0,0,0,0,1,1,0,0,0,1,0,0,0,0,8,0,0,0,0,0,0,0,0,0,953708.5266223401,165429.06026792526,8
1,0,0,0,0,0,0,0,0,0,0,0,0,0,0,0,0,1,1,1,0,0,0,0,0,0,0,9,0,0,0,0,0,0,0,0,0,954061.4294598401,162002.83352458477,8
1,0,0,0,0,0,0,0,0,0,0,0,0,0,0,0,0,1,1,1,0,0,0,0,0,0,0,10,0,0,0,0,0,0,0,0,0,966854.8287417591,161288.01868125796,8
0,0,0,1,0,0,0,0,0,0,0,0,0,0,0,0,0,1,0,0,0,0,0,0,0,0,0,11,1,0,0,0,1,0,0,0,0,962631.1921759248,173032.75864316523,8
1,0,0,0,0,0,0,0,0,0,0,0,0,0,0,0,0,1,1,1,0,0,0,0,0,0,0,12,0,0,0,0,0,0,0,0,0,979983.8047803342,165000.48829042912,8
0,1,0,0,0,0,0,0,0,0,0,0,0,0,0,0,0,1,1,0,1,0,0,0,0,0,0,13,0,0,0,0,0,0,0,0,0,979873.6668772548,198520.62367783487,8
1,0,0,0,0,0,0,0,0,0,0,0,0,0,0,0,0,1,0,0,0,0,0,0,0,0,0,14,1,1,0,0,0,0,0,0,0,986757.0815880895,158304.27497683465,8
0,0,1,0,0,0,0,0,0,0,0,0,0,0,0,0,0,1,0,0,0,0,0,0,0,0,0,15,1,0,0,1,0,0,0,0,0,989328.6938989311,157270.1563101709,8
0,0,0,0,0,0,0,1,0,0,0,0,0,0,0,0,0,1,1,0,0,0,0,0,0,0,1,16,0,0,0,0,0,0,0,0,0,989755.9437005967,159759.97383709252,8
0,0,0,1,0,0,0,0,0,0,0,0,0,0,0,0,0,1,0,0,0,0,0,0,0,0,0,17,1,0,0,0,1,0,0,0,0,980883.2678764164,163624.64458541572,8
0,0,0,1,0,0,0,0,0,0,0,0,0,0,0,0,0,1,1,0,0,0,1,0,0,0,0,18,0,0,0,0,0,0,0,0,0,982902.0105580837,161003.66229458153,8
0,0,1,0,0,0,0,0,0,0,0,0,0,0,0,0,0,1,1,0,0,1,0,0,0,0,0,19,0,0,0,0,0,0,0,0,0,985751.5652264208,179815.27460567653,8
0,0,0,0,0,0,0,1,1,0,0,0,0,0,0,0,1,1,0,0,0,0,0,0,0,0,0,20,0,0,0,0,0,0,0,0,0,987443.0513447523,173158.34270958602,8
0,1,0,0,0,0,0,0,0,0,0,0,0,0,0,0,0,1,0,0,0,0,0,0,0,0,0,21,1,0,1,0,0,0,0,0,0,989292.817658335,189689.73615592718,8
0,0,1,0,0,0,0,0,0,0,0,0,0,0,0,0,0,1,0,0,0,0,0,0,0,0,0,22,1,0,0,1,0,0,0,0,0,987090.3059872538,199971.69361034036,8
0,0,0,1,0,0,0,0,0,0,0,0,0,0,0,0,0,1,0,0,0,0,0,0,0,0,0,23,1,0,0,0,1,0,0,0,0,989337.0662575066,199574.607790336,8
1,0,0,0,0,0,0,0,0,0,0,0,0,0,0,0,0,1,0,0,0,0,0,0,0,0,0,24,1,1,0,0,0,0,0,0,0,993946.4107133448,149432.00630408525,8
0,0,0,0,1,0,0,0,0,0,0,0,0,0,0,0,0,1,0,0,0,0,0,0,0,0,0,25,1,0,0,0,0,1,0,0,0,993930.7283300012,154632.70751683414,8
0,0,1,0,0,0,0,0,1,0,0,1,0,0,0,0,0,1,0,0,0,0,0,0,0,0,0,26,0,0,0,0,0,0,0,0,0,995170.4535408467,154813.81607849896,8
0,0,0,0,0,0,0,1,0,0,0,0,0,0,0,0,0,1,0,0,0,0,0,0,0,0,0,27,1,0,0,0,0,0,0,0,1,996315.3889150023,155925.6019126773,8
0,0,0,0,0,1,0,0,0,0,0,0,0,0,0,0,0,1,1,0,0,0,0,0,1,0,0,28,0,0,0,0,0,0,0,0,0,990936.259253338,160968.48848041892,8
0,0,0,1,0,0,0,0,1,0,0,0,1,0,0,0,0,1,0,0,0,0,0,0,0,0,0,29,0,0,0,0,0,0,0,0,0,993337.4621280879,160517.72527433932,8
0,0,1,0,0,0,0,0,0,0,0,0,0,0,0,0,0,1,1,0,0,1,0,0,0,0,0,30,0,0,0,0,0,0,0,0,0,990350.0829322636,170826.12952625751,8
0,0,0,0,1,0,0,0,0,0,0,0,0,0,0,0,0,1,0,0,0,0,0,0,0,0,0,31,1,0,0,0,0,1,0,0,0,990639.9714600891,176441.54217992723,8
0,0,0,0,0,0,1,0,1,0,0,0,0,0,0,1,0,1,0,0,0,0,0,0,0,0,0,32,0,0,0,0,0,0,0,0,0,991820.72270751,173705.95611567795,8
0,0,0,1,0,0,0,0,0,0,0,0,0,0,0,0,0,1,0,0,0,0,0,0,0,0,0,33,1,0,0,0,1,0,0,0,0,994511.1933764219,176649.2474731654,8
0,0,0,0,0,0,1,0,1,0,0,0,0,0,0,1,0,1,0,0,0,0,0,0,0,0,0,34,0,0,0,0,0,0,0,0,0,998243.2754791677,176387.27621233463,8
1,0,0,0,0,0,0,0,0,0,0,0,0,0,0,0,0,1,0,0,0,0,0,0,0,0,0,35,1,1,0,0,0,0,0,0,0,995082.1269458383,180931.4370715022,8
1,0,0,0,0,0,0,0,0,0,0,0,0,0,0,0,0,1,0,0,0,0,0,0,0,0,0,36,1,1,0,0,0,0,0,0,0,998418.8000625074,198378.1403670013,8
0,0,0,0,0,0,0,1,1,0,0,0,0,0,0,0,1,1,0,0,0,0,0,0,0,0,0,37,0,0,0,0,0,0,0,0,0,999666.9274875075,199604.53227117658,8
1,0,0,0,0,0,0,0,0,0,0,0,0,0,0,0,0,1,0,0,0,0,0,0,0,0,0,38,1,1,0,0,0,0,0,0,0,982774.2453936785,200962.91538117826,8
0,0,1,0,0,0,0,0,1,0,0,1,0,0,0,0,0,1,0,0,0,0,0,0,0,0,0,39,0,0,0,0,0,0,0,0,0,983546.4613689184,201091.68480867147,8
0,0,0,0,1,0,0,0,0,0,0,0,0,0,0,0,0,1,0,0,0,0,0,0,0,0,0,40,1,0,0,0,0,1,0,0,0,984373.0807786733,206550.7057147622,8
0,0,0,1,0,0,0,0,0,0,0,0,0,0,0,0,0,1,0,0,0,0,0,0,0,0,0,41,1,0,0,0,1,0,0,0,0,986679.5233442634,204407.1785057485,8
0,1,0,0,0,0,0,0,0,0,0,0,0,0,0,0,0,1,0,0,0,0,0,0,0,0,0,42,1,0,1,0,0,0,0,0,0,987048.2693259269,206851.14671492577,8
0,0,0,1,0,0,0,0,1,0,0,0,1,0,0,0,0,1,0,0,0,0,0,0,0,0,0,43,0,0,0,0,0,0,0,0,0,987647.3029047549,208263.88142225146,8
0,0,0,0,0,1,0,0,0,0,0,0,0,0,0,0,0,1,0,0,0,0,0,0,0,0,0,44,1,0,0,0,0,0,1,0,0,987894.3070039302,208704.625291422,8
0,0,0,0,0,1,0,0,0,0,0,0,0,0,0,0,0,1,0,0,0,0,0,0,0,0,0,45,1,0,0,0,0,0,1,0,0,988195.6712305844,200762.92923258245,8
0,0,0,0,0,0,1,0,1,0,0,0,0,0,0,1,0,1,0,0,0,0,0,0,0,0,0,46,0,0,0,0,0,0,0,0,0,988446.9138383418,204571.37896475196,8
1,0,0,0,0,0,0,0,1,1,0,0,0,0,0,0,0,1,0,0,0,0,0,0,0,0,0,47,0,0,0,0,0,0,0,0,0,983191.0355705917,213709.87446725368,8
0,0,0,0,0,1,0,0,0,0,0,0,0,0,0,0,0,1,0,0,0,0,0,0,0,0,0,48,1,0,0,0,0,0,1,0,0,985716.1847197562,210839.6078980863,8
0,0,0,0,0,0,1,0,1,0,0,0,0,0,0,1,0,1,0,0,0,0,0,0,0,0,0,49,0,0,0,0,0,0,0,0,0,985053.8139972538,211503.62887975574,8
1,0,0,0,0,0,0,0,1,1,0,0,0,0,0,0,0,1,0,0,0,0,0,0,0,0,0,50,0,0,0,0,0,0,0,0,0,986214.7073447555,211740.4558339268,8
0,1,0,0,0,0,0,0,1,0,1,0,0,0,0,0,0,1,0,0,0,0,0,0,0,0,0,51,0,0,0,0,0,0,0,0,0,987157.1070347577,219012.7867616713,8
0,0,0,0,1,0,0,0,0,0,0,0,0,0,0,0,0,1,0,0,0,0,0,0,0,0,0,52,1,0,0,0,0,1,0,0,0,988785.2304189205,216917.90578083694,8
1,0,0,0,0,0,0,0,0,0,0,0,0,0,0,0,0,1,0,0,0,0,0,0,0,0,0,53,1,1,0,0,0,0,0,0,0,989480.2188583463,212625.35891975462,8
0,0,0,0,1,0,0,0,0,0,0,0,0,0,0,0,0,1,1,0,0,0,0,1,0,0,0,54,0,0,0,0,0,0,0,0,0,989506.5183464289,219544.1800558418,8
0,0,0,0,1,0,0,0,1,0,0,0,0,1,0,0,0,1,0,0,0,0,0,0,0,0,0,55,0,0,0,0,0,0,0,0,0,989340.0619864166,222945.2887391746,8
0,1,0,0,0,0,0,0,1,0,1,0,0,0,0,0,0,1,0,0,0,0,0,0,0,0,0,56,0,0,0,0,0,0,0,0,0,996068.286390841,204676.60513225198,8
0,1,0,0,0,0,0,0,0,0,0,0,0,0,0,0,0,1,1,0,1,0,0,0,0,0,0,57,0,0,0,0,0,0,0,0,0,990311.69521375,210965.91571633518,8
0,0,0,0,0,1,0,0,0,0,0,0,0,0,0,0,0,1,0,0,0,0,0,0,0,0,0,58,1,0,0,0,0,0,1,0,0,994327.5943341702,219259.26592750847,8
0,0,1,0,0,0,0,0,0,0,0,0,0,0,0,0,0,1,0,0,0,0,0,0,0,0,0,59,1,0,0,1,0,0,0,0,0,994901.0977803469,219239.45231883228,8
0,0,0,0,0,1,0,0,0,0,0,0,0,0,0,0,0,1,0,0,0,0,0,0,0,0,0,60,1,0,0,0,0,0,1,0,0,992319.2381146699,228328.181844756,8
0,0,0,0,0,0,0,1,0,0,0,0,0,0,0,0,0,1,0,0,0,0,0,0,0,0,0,61,1,0,0,0,0,0,0,0,1,995349.4492458403,224260.66668583453,8
0,0,0,0,1,0,0,0,0,0,0,0,0,0,0,0,0,1,0,0,0,0,0,0,0,0,0,62,1,0,0,0,0,1,0,0,0,997841.0256275088,220070.53727084398,8
0,0,1,0,0,0,0,0,0,0,0,0,0,0,0,0,0,1,0,0,0,0,0,0,0,0,0,63,1,0,0,1,0,0,0,0,0,999288.2077725083,225705.57488524914,8
0,0,0,1,0,0,0,0,0,0,0,0,0,0,0,0,0,1,0,0,0,0,0,0,0,0,0,64,1,0,0,0,1,0,0,0,0,1003299.4333458394,157325.10042600334,8
0,0,0,0,0,0,1,0,0,0,0,0,0,0,0,0,0,1,0,0,0,0,0,0,0,0,0,65,1,0,0,0,0,0,0,1,0,1000019.1118225008,160570.8485276699,8
0,0,0,0,0,0,1,0,0,0,0,0,0,0,0,0,0,1,0,0,0,0,0,0,0,0,0,66,1,0,0,0,0,0,0,1,0,999810.4311375022,163932.08819626272,8
0,0,0,0,1,0,0,0,0,0,0,0,0,0,0,0,0,1,0,0,0,0,0,0,0,0,0,67,1,0,0,0,0,1,0,0,0,1002522.3282727599,165209.3595918417,8
0,0,0,1,0,0,0,0,0,0,0,0,0,0,0,0,0,1,1,0,0,0,1,0,0,0,0,68,0,0,0,0,0,0,0,0,0,1004671.569381088,169892.01065959036,8
0,0,1,0,0,0,0,0,0,0,0,0,0,0,0,0,0,1,0,0,0,0,0,0,0,0,0,69,1,0,0,1,0,0,0,0,0,1005769.0245352536,161455.80049791932,8
0,0,1,0,0,0,0,0,0,0,0,0,0,0,0,0,0,1,0,0,0,0,0,0,0,0,0,70,1,0,0,1,0,0,0,0,0,1007178.4967819303,176702.25917817652,8
0,0,0,0,0,1,0,0,0,0,0,0,0,0,0,0,0,1,0,0,0,0,0,0,0,0,0,71,1,0,0,0,0,0,1,0,0,1008319.6690402627,170821.1324890107,8
0,0,0,0,0,0,1,0,0,0,0,0,0,0,0,0,0,1,0,0,0,0,0,0,0,0,0,72,1,0,0,0,0,0,0,1,0,1009126.9082394242,171507.94246709347,8
0,0,0,0,0,1,0,0,0,0,0,0,0,0,0,0,0,1,0,0,0,0,0,0,0,0,0,73,1,0,0,0,0,0,1,0,0,1001821.9326919168,183054.1329573393,8
0,0,0,0,0,0,1,0,1,0,0,0,0,0,0,1,0,1,0,0,0,0,0,0,0,0,0,74,0,0,0,0,0,0,0,0,0,1003224.3117769212,181035.4066798389,8
0,0,1,0,0,0,0,0,1,0,0,1,0,0,0,0,0,1,0,0,0,0,0,0,0,0,0,75,0,0,0,0,0,0,0,0,0,1004348.6467985958,186025.17983675003,8
0,0,1,0,0,0,0,0,0,0,0,0,0,0,0,0,0,1,1,0,0,1,0,0,0,0,0,76,0,0,0,0,0,0,0,0,0,1005803.9358827621,184077.34613400698,8
0,1,0,0,0,0,0,0,0,0,0,0,0,0,0,0,0,1,1,0,1,0,0,0,0,0,0,77,0,0,0,0,0,0,0,0,0,1005389.1958985925,185951.7482250929,8
0,0,1,0,0,1,0,0,0,0,0,0,0,0,0,0,0,2,0,0,0,0,0,0,0,0,0,78,2,0,0,1,0,0,1,0,0,1008957.269471094,185699.49151176214,8
0,0,0,1,0,0,0,0,0,0,0,0,0,0,0,0,0,1,0,0,0,0,0,0,0,0,0,79,1,0,0,0,1,0,0,0,0,1009591.349567756,188520.40122425556,8
0,0,0,0,0,1,0,0,0,0,0,0,0,0,0,0,0,1,1,0,0,0,0,0,1,0,0,80,0,0,0,0,0,0,0,0,0,1000930.113937512,197099.53400033712,8
0,1,0,0,0,0,0,0,0,0,0,0,0,0,0,0,0,1,1,0,1,0,0,0,0,0,0,81,0,0,0,0,0,0,0,0,0,1001889.1208777577,193442.9271403402,8
0,0,0,0,0,0,1,0,0,0,0,0,0,0,0,0,0,1,1,0,0,0,0,0,0,1,0,82,0,0,0,0,0,0,0,0,0,1005168.1595952511,199411.0221595019,8
0,0,0,0,0,1,0,0,1,0,0,0,0,0,1,0,0,1,0,0,0,0,0,0,0,0,0,83,0,0,0,0,0,0,0,0,0,1006847.1457385868,192240.52173675597,8
0,0,0,0,0,1,0,0,0,0,0,0,0,0,0,0,0,1,1,0,0,0,0,0,1,0,0,84,0,0,0,0,0,0,0,0,0,1010075.8892810941,177828.9662423432,8
0,0,0,0,0,0,1,0,0,0,0,0,0,0,0,0,0,1,1,0,0,0,0,0,0,1,0,85,0,0,0,0,0,0,0,0,0,1014771.5977374166,176526.57252167165,8
0,0,1,0,0,0,0,0,0,0,0,0,0,0,0,0,0,1,0,0,0,0,0,0,0,0,0,86,1,0,0,1,0,0,0,0,0,1015726.2779146731,179872.14785151184,8
0,0,0,1,0,0,0,0,0,0,0,0,0,0,0,0,0,1,0,0,0,0,0,0,0,0,0,87,1,0,0,0,1,0,0,0,0,1010825.0905385911,183629.58751508594,8
0,0,0,0,0,1,0,0,0,0,0,0,0,0,0,0,0,1,0,0,0,0,0,0,0,0,0,88,1,0,0,0,0,0,1,0,0,1019897.7525113374,186134.3233192563,8
0,0,0,0,1,0,0,0,0,0,0,0,0,0,0,0,0,1,0,0,0,0,0,0,0,0,0,89,1,0,0,0,0,1,0,0,0,1017995.472851336,199998.0846336782,8
1,0,0,0,0,0,0,0,0,0,0,0,0,0,0,0,0,1,0,0,0,0,0,0,0,0,0,90,1,1,0,0,0,0,0,0,0,1028791.5303274244,178861.8381923437,8
0,0,0,0,1,0,0,0,0,0,0,0,0,0,0,0,0,1,1,0,0,0,0,1,0,0,0,91,0,0,0,0,0,0,0,0,0,1024045.0240724236,185225.69980841875,8
0,0,0,0,0,1,0,0,0,0,0,0,0,0,0,0,0,1,1,0,0,0,0,0,1,0,0,92,0,0,0,0,0,0,0,0,0,1024039.6828757524,189223.90047341585,8
0,0,0,0,1,0,0,0,0,0,0,0,0,0,0,0,0,1,0,0,0,0,0,0,0,0,0,93,1,0,0,0,0,1,0,0,0,1023141.4861813337,198929.05790033937,8
0,0,0,0,0,0,1,0,0,0,0,0,0,0,0,0,0,1,0,0,0,0,0,0,0,0,0,94,1,0,0,0,0,0,0,1,0,1031102.8478832543,186390.41860759258,8
0,0,0,1,0,0,0,0,0,0,0,0,0,0,0,0,0,1,1,0,0,0,1,0,0,0,0,95,0,0,0,0,0,0,0,0,0,1033939.4563832581,183624.11213234067,8
0,0,0,0,0,0,0,1,0,0,0,0,0,0,0,0,0,1,0,0,0,0,0,0,0,0,0,96,1,0,0,0,0,0,0,0,1,1031041.1255657524,195451.82732200623,8
0,0,0,1,0,0,0,0,0,0,0,0,0,0,0,0,0,1,0,0,0,0,0,0,0,0,0,97,1,0,0,0,1,0,0,0,0,1033476.0091474205,195687.0433870107,8
0,0,0,1,0,0,0,0,0,0,0,0,0,0,0,0,0,1,1,0,0,0,1,0,0,0,0,98,0,0,0,0,0,0,0,0,0,1034983.7387435138,193040.37545201182,8
0,1,0,0,0,0,0,0,0,0,0,0,0,0,0,0,0,1,0,0,0,0,0,0,0,0,0,99,1,0,1,0,0,0,0,0,0,1045299.9349745959,182268.931115672,8
1,0,0,0,0,0,0,0,0,0,0,0,0,0,0,0,0,1,1,1,0,0,0,0,0,0,0,100,0,0,0,0,0,0,0,0,0,1049787.94109042,182405.32848067582,8
0,0,0,0,0,0,0,1,0,0,0,0,0,0,0,0,0,1,0,0,0,0,0,0,0,0,0,101,1,0,0,0,0,0,0,0,1,1041496.6489460021,197905.2837011665,8
0,0,0,1,0,0,0,0,0,0,0,0,0,0,0,0,0,1,0,0,0,0,0,0,0,0,0,102,1,0,0,0,1,0,0,0,0,1043654.2135285139,199176.9707903415,8
0,0,0,0,1,0,0,0,0,0,0,0,0,0,0,0,0,1,0,0,0,0,0,0,0,0,0,103,1,0,0,0,0,1,0,0,0,1050302.1690645963,156535.92221434414,8
0,0,0,1,0,0,0,0,0,0,0,0,0,0,0,0,0,1,1,0,0,0,1,0,0,0,0,104,0,0,0,0,0,0,0,0,0,1050036.9038470834,187215.77456842363,8
0,2,0,0,0,0,0,0,0,0,0,0,0,0,0,0,0,2,2,0,2,0,0,0,0,0,0,105,0,0,0,0,0,0,0,0,0,1052426.7576631755,198714.90806616843,8
0,0,0,0,0,0,1,0,0,0,0,0,0,0,0,0,0,1,1,0,0,0,0,0,0,1,0,106,0,0,0,0,0,0,0,0,0,1001642.359888345,201157.75751116872,8
0,0,0,0,0,0,1,0,0,0,0,0,0,0,0,0,0,1,0,0,0,0,0,0,0,0,0,107,1,0,0,0,0,0,0,1,0,1002508.9657666683,204096.4684972614,8
0,0,0,0,0,0,1,0,1,0,0,0,0,0,0,1,0,1,0,0,0,0,0,0,0,0,0,108,0,0,0,0,0,0,0,0,0,1006639.9512710869,205782.26893141866,8
0,0,0,0,1,0,0,0,0,0,0,0,0,0,0,0,0,1,0,0,0,0,0,0,0,0,0,109,1,0,0,0,0,1,0,0,0,1000529.9047641754,214434.4137005955,8
0,0,0,0,1,0,0,0,1,0,0,0,0,1,0,0,0,1,0,0,0,0,0,0,0,0,0,110,0,0,0,0,0,0,0,0,0,1001108.607675001,216463.1235539168,8
0,0,0,0,0,1,0,0,0,0,0,0,0,0,0,0,0,1,1,0,0,0,0,0,1,0,0,111,0,0,0,0,0,0,0,0,0,1002427.0955235958,211083.95452225208,8
0,0,0,0,1,0,0,0,0,0,0,0,0,0,0,0,0,1,0,0,0,0,0,0,0,0,0,112,1,0,0,0,0,1,0,0,0,1003350.7455791682,214341.6546997577,8
0,1,0,0,0,0,0,0,0,0,0,0,0,0,0,0,0,1,1,0,1,0,0,0,0,0,0,113,0,0,0,0,0,0,0,0,0,1004809.1609694213,210987.24867892265,8
0,0,1,0,0,0,0,0,0,0,0,0,0,0,0,0,0,1,1,0,0,1,0,0,0,0,0,114,0,0,0,0,0,0,0,0,0,1004057.9944927543,215491.4883580953,8
1,0,0,0,0,0,0,0,0,0,0,0,0,0,0,0,0,1,0,0,0,0,0,0,0,0,0,115,1,1,0,0,0,0,0,0,0,1001518.3151889294,235386.4787517488,8
1,0,0,0,0,0,0,0,0,0,0,0,0,0,0,0,0,1,0,0,0,0,0,0,0,0,0,116,1,1,0,0,0,0,0,0,0,1001262.11786668,237040.7388946712,8
0,0,1,0,0,0,0,0,0,0,0,0,0,0,0,0,0,1,1,0,0,1,0,0,0,0,0,117,0,0,0,0,0,0,0,0,0,1001509.4595635831,237488.77408784628,8
0,0,0,0,0,0,0,1,0,0,0,0,0,0,0,0,0,1,0,0,0,0,0,0,0,0,0,118,1,0,0,0,0,0,0,0,1,1005334.3534885943,233592.9406721741,8
0,0,0,0,1,0,0,0,0,0,0,0,0,0,0,0,0,1,1,0,0,0,0,1,0,0,0,119,0,0,0,0,0,0,0,0,0,1004378.7943760902,250098.7964399159,8
0,0,1,0,0,0,0,0,0,0,0,0,0,0,0,0,0,1,0,0,0,0,0,0,0,0,0,120,1,0,0,1,0,0,0,0,0,1005335.7675277591,254212.35776658356,8
0,0,0,1,0,0,0,0,0,0,0,0,0,0,0,0,0,1,0,0,0,0,0,0,0,0,0,121,1,0,0,0,1,0,0,0,0,1012172.9323310852,214033.9781497568,8
0,0,0,1,0,0,0,0,0,0,0,0,0,0,0,0,0,1,0,0,0,0,0,0,0,0,0,122,1,0,0,0,1,0,0,0,0,1014755.2988855094,212236.4489364177,8
0,0,1,0,0,0,0,0,0,0,0,0,0,0,0,0,0,1,0,0,0,0,0,0,0,0,0,123,1,0,0,1,0,0,0,0,0,1016781.2692430019,214676.33578892052,8
0,0,0,1,0,0,0,0,0,0,0,0,0,0,0,0,0,1,0,0,0,0,0,0,0,0,0,124,1,0,0,0,1,0,0,0,0,1018530.1830680072,219150.8409475088,8
0,0,1,0,0,0,0,0,0,0,0,0,0,0,0,0,0,1,1,0,0,1,0,0,0,0,0,125,0,0,0,0,0,0,0,0,0,1014013.4499755055,248246.01799325645,8
0,0,0,0,1,0,0,0,1,0,0,0,0,1,0,0,0,1,0,0,0,0,0,0,0,0,0,126,0,0,0,0,0,0,0,0,0,1016215.3911096752,247513.91676716506,8
0,0,1,0,0,0,0,0,0,0,0,0,0,0,0,0,0,1,1,0,0,1,0,0,0,0,0,127,0,0,0,0,0,0,0,0,0,1010545.6619635969,253614.81631074846,8
1,0,0,0,0,0,0,0,0,0,0,0,0,0,0,0,0,1,0,0,0,0,0,0,0,0,0,128,1,1,0,0,0,0,0,0,0,1010108.070975259,258761.60719825327,8
0,0,0,0,0,0,1,0,0,0,0,0,0,0,0,0,0,1,0,0,0,0,0,0,0,0,0,129,1,0,0,0,0,0,0,1,0,1014647.2512013465,253570.73503409326,8
0,0,0,0,0,0,0,1,0,0,0,0,0,0,0,0,0,1,0,0,0,0,0,0,0,0,0,130,1,0,0,0,0,0,0,0,1,1016242.6712388396,251961.4206674248,8
0,0,0,0,0,1,0,0,0,0,0,0,0,0,0,0,0,1,0,0,0,0,0,0,0,0,0,131,1,0,0,0,0,0,1,0,0,1017088.4438255131,260895.04420433939,8
1,0,0,0,0,0,0,0,0,0,0,0,0,0,0,0,0,1,0,0,0,0,0,0,0,0,0,132,1,1,0,0,0,0,0,0,0,1021643.4970513433,205305.22953116894,8
0,1,0,0,0,0,0,0,0,0,0,0,0,0,0,0,0,1,0,0,0,0,0,0,0,0,0,133,1,0,1,0,0,0,0,0,0,1022148.5091646761,204776.22435559332,8
1,0,0,0,0,0,0,0,1,1,0,0,0,0,0,0,0,1,0,0,0,0,0,0,0,0,0,134,0,0,0,0,0,0,0,0,0,1023299.4353405088,201457.07449783385,8
0,0,0,1,0,0,0,0,0,0,0,0,0,0,0,0,0,1,0,0,0,0,0,0,0,0,0,135,1,0,0,0,1,0,0,0,0,1021080.1910913438,217677.12342250347,8
0,0,1,0,0,0,0,0,0,0,0,0,0,0,0,0,0,1,0,0,0,0,0,0,0,0,0,136,1,0,0,1,0,0,0,0,0,1022545.2767438442,241882.28104883432,8
0,0,0,0,1,0,0,0,0,0,0,0,0,0,0,0,0,1,0,0,0,0,0,0,0,0,0,137,1,0,0,0,0,1,0,0,0,1025608.3739640862,246363.6139496714,8
0,0,0,0,1,0,0,0,0,0,0,0,0,0,0,0,0,1,1,0,0,0,0,1,0,0,0,138,0,0,0,0,0,0,0,0,0,1020090.5624931753,254578.52927833796,8
0,0,0,0,0,1,0,0,0,0,0,0,0,0,0,0,0,1,1,0,0,0,0,0,1,0,0,139,0,0,0,0,0,0,0,0,0,1020260.0385321677,259261.23841683567,8
0,0,0,1,0,0,0,0,0,0,0,0,0,0,0,0,0,1,1,0,0,0,1,0,0,0,0,140,0,0,0,0,0,0,0,0,0,1021726.8236563355,254065.74716742337,8
0,0,1,0,0,0,0,0,0,0,0,0,0,0,0,0,0,1,0,0,0,0,0,0,0,0,0,141,1,0,0,1,0,0,0,0,0,1022545.9394721687,254871.04050433636,8
0,0,0,1,0,0,0,0,0,0,0,0,0,0,0,0,0,1,1,0,0,0,1,0,0,0,0,142,0,0,0,0,0,0,0,0,0,1027460.9227524251,251594.2166774273,8
0,0,0,0,0,0,0,1,0,0,0,0,0,0,0,0,0,1,1,0,0,0,0,0,0,0,1,143,0,0,0,0,0,0,0,0,0,1022463.3707396686,264123.66307517886,8
0,0,0,0,1,0,0,0,0,0,0,0,0,0,0,0,0,1,0,0,0,0,0,0,0,0,0,144,1,0,0,0,0,1,0,0,0,1025609.7059824169,265576.849145174,8
0,0,0,0,0,1,0,0,0,0,0,0,0,0,0,0,0,1,1,0,0,0,0,0,1,0,0,145,0,0,0,0,0,0,0,0,0,1038811.6051035076,200323.8877878338,8
0,0,0,0,0,0,4,0,0,0,0,0,0,0,0,0,0,4,3,0,0,0,0,0,0,4,0,146,1,0,0,0,0,0,0,4,0,1030800.778277427,217285.91685584188,8
0,0,0,0,1,0,0,0,0,0,0,0,0,0,0,0,0,1,0,0,0,0,0,0,0,0,0,147,1,0,0,0,0,1,0,0,0,1032479.5905365944,210858.57767641544,8
0,0,1,0,0,0,0,0,1,0,0,1,0,0,0,0,0,1,0,0,0,0,0,0,0,0,0,148,0,0,0,0,0,0,0,0,0,1032940.0453243405,213238.50729975104,8
1,0,0,0,0,0,0,0,0,0,0,0,0,0,0,0,0,1,0,0,0,0,0,0,0,0,0,149,1,1,0,0,0,0,0,0,0,1034285.5249168426,212896.9003714174,8
0,0,0,1,0,0,0,0,0,0,0,0,0,0,0,0,0,1,0,0,0,0,0,0,0,0,0,150,1,0,0,0,1,0,0,0,0,1036277.200723514,214111.19223417342,8
0,0,1,0,0,0,0,0,0,0,0,0,0,0,0,0,0,1,1,0,0,1,0,0,0,0,0,151,0,0,0,0,0,0,0,0,0,1036463.4175426811,237739.05114634335,8
0,0,0,0,1,0,0,0,0,0,0,0,0,0,0,0,0,1,1,0,0,0,0,1,0,0,0,152,0,0,0,0,0,0,0,0,0,1038897.3759293407,253006.72664767504,8
1,0,0,0,0,0,0,0,0,0,0,0,0,0,0,0,0,1,0,0,0,0,0,0,0,0,0,153,1,1,0,0,0,0,0,0,0,1056902.8248265088,200870.648505345,8
0,0,1,0,0,0,0,0,0,0,0,0,0,0,0,0,0,1,1,0,0,1,0,0,0,0,0,154,0,0,0,0,0,0,0,0,0,1061520.2827831805,214933.47405417264,8
0,0,0,0,1,0,0,0,0,0,0,0,0,0,0,0,0,1,0,0,0,0,0,0,0,0,0,155,1,0,0,0,0,1,0,0,0,1013907.5915914178,260888.27682942152,8
0,0,0,0,0,0,1,0,0,0,0,0,0,0,0,0,0,1,0,0,0,0,0,0,0,0,0,156,1,0,0,0,0,0,0,1,0,1009851.8805427551,213709.37249974906,8
1,0,0,0,0,0,0,0,0,0,0,0,0,0,0,0,0,1,1,1,0,0,0,0,0,0,0,157,0,0,0,0,0,0,0,0,0,1031791.432464093,262234.06055517495,8
0,1,0,0,0,0,1,0,1,0,0,0,0,0,0,1,0,2,1,0,1,0,0,0,0,0,0,158,0,0,0,0,0,0,0,0,0,985342.5732622594,200219.0389161706,8
0,0,0,1,0,0,0,0,0,0,0,0,0,0,0,0,0,1,0,0,0,0,0,0,0,0,0,159,1,0,0,0,1,0,0,0,0,1009066.3538985848,262937.6615101695,8
0,0,0,0,1,0,0,0,0,0,0,0,0,0,0,0,0,1,0,0,0,0,0,0,0,0,0,160,1,0,0,0,0,1,0,0,0,1003517.0375694185,235593.24539859593,8
1,0,0,0,0,0,0,0,0,0,0,0,0,0,0,0,0,1,0,0,0,0,0,0,0,0,0,161,1,1,0,0,0,0,0,0,0,1027420.6242765933,246089.79527159035,8
0,0,0,0,1,0,0,0,0,0,0,0,0,0,0,0,0,1,0,0,0,0,0,0,0,0,0,162,1,0,0,0,0,1,0,0,0,982105.0525063425,211819.3198494166,8
0,0,0,0,0,0,0,1,0,0,0,0,0,0,0,0,0,1,0,0,0,0,0,0,0,0,0,163,1,0,0,0,0,0,0,0,1,1008577.8345344216,232421.77864442766,8
0,0,0,0,0,0,0,1,0,0,0,0,0,0,0,0,0,1,1,0,0,0,0,0,0,0,1,164,0,0,0,0,0,0,0,0,0,1009643.0850285888,233030.54711192846,8
0,0,0,0,1,0,0,0,0,0,0,0,0,0,0,0,0,1,0,0,0,0,0,0,0,0,0,165,1,0,0,0,0,1,0,0,0,1014508.511321336,238113.11470267177,8
0,1,0,0,0,0,0,0,0,0,0,0,0,0,0,0,0,1,0,0,0,0,0,0,0,0,0,166,1,0,1,0,0,0,0,0,0,1023837.4067055136,200677.22664809227,8
1,0,0,0,0,0,0,0,0,0,0,0,0,0,0,0,0,1,1,1,0,0,0,0,0,0,0,167,0,0,0,0,0,0,0,0,0,1014629.4779429287,203937.72832916677,8
0,0,1,0,0,0,0,0,0,0,0,0,0,0,0,0,0,1,0,0,0,0,0,0,0,0,0,168,1,0,0,1,0,0,0,0,0,990220.8223640025,155196.96065342426,8
0,0,0,2,0,0,0,0,0,0,0,0,0,0,0,0,0,2,2,0,0,0,2,0,0,0,0,169,0,0,0,0,0,0,0,0,0,1051552.9496995062,176393.8874195963,8
0,1,0,0,0,0,0,0,0,0,0,0,0,0,0,0,0,1,1,0,1,0,0,0,0,0,0,1,0,0,0,0,0,0,0,0,0,1002456.1961871684,205618.25908884406,9
0,0,0,0,0,1,0,0,0,0,0,0,0,0,0,0,0,1,0,0,0,0,0,0,0,0,0,2,1,0,0,0,0,0,1,0,0,1003276.4146910906,199505.40353241563,9
1,0,0,0,0,0,0,0,0,0,0,0,0,0,0,0,0,1,1,1,0,0,0,0,0,0,0,3,0,0,0,0,0,0,0,0,0,994981.9086423367,236582.92320924997,9
0,1,0,0,0,0,0,0,0,0,0,0,0,0,0,0,0,1,0,0,0,0,0,0,0,0,0,4,1,0,1,0,0,0,0,0,0,1004609.2981801778,246773.41365501285,9
0,0,1,0,0,0,0,0,0,0,0,0,0,0,0,0,0,1,0,0,0,0,0,0,0,0,0,5,1,0,0,1,0,0,0,0,0,940015.9657529294,135287.71077384055,9
0,0,1,0,0,0,0,0,0,0,0,0,0,0,0,0,0,1,0,0,0,0,0,0,0,0,0,6,1,0,0,1,0,0,0,0,0,948958.159154594,162543.1670895964,9
1,0,0,0,0,0,0,0,0,0,0,0,0,0,0,0,0,1,1,1,0,0,0,0,0,0,0,7,0,0,0,0,0,0,0,0,0,954526.8615998477,148134.06270575523,9
0,0,0,1,0,0,0,0,0,0,0,0,0,0,0,0,0,1,1,0,0,0,1,0,0,0,0,8,0,0,0,0,0,0,0,0,0,961126.2709731758,159125.0148051679,9
0,0,0,0,0,1,0,0,0,0,0,0,0,0,0,0,0,1,0,0,0,0,0,0,0,0,0,9,1,0,0,0,0,0,1,0,0,962259.1981692612,166579.16623541713,9
0,0,0,0,1,0,0,0,0,0,0,0,0,0,0,0,0,1,0,0,0,0,0,0,0,0,0,10,1,0,0,0,0,1,0,0,0,963336.4663559198,169952.2369170934,9
0,0,0,0,1,0,0,0,0,0,0,0,0,0,0,0,0,1,1,0,0,0,0,1,0,0,0,11,0,0,0,0,0,0,0,0,0,976115.1609428376,164393.92126208544,9
0,1,0,0,0,0,0,0,0,0,0,0,0,0,0,0,0,1,0,0,0,0,0,0,0,0,0,12,1,0,1,0,0,0,0,0,0,984485.4129030854,147967.42261908948,9
1,0,0,0,0,0,0,0,0,0,0,0,0,0,0,0,0,1,0,0,0,0,0,0,0,0,0,13,1,1,0,0,0,0,0,0,0,985345.4243064225,159065.65796850622,9
0,0,0,0,0,0,0,1,0,0,0,0,0,0,0,0,0,1,1,0,0,0,0,0,0,0,1,14,0,0,0,0,0,0,0,0,0,986260.081269756,162730.82747542858,9
0,0,0,1,0,0,0,0,0,0,0,0,0,0,0,0,0,1,0,0,0,0,0,0,0,0,0,15,1,0,0,0,1,0,0,0,0,987754.6747372597,160834.11571767926,9
0,0,0,0,0,1,0,0,0,0,0,0,0,0,0,0,0,1,0,0,0,0,0,0,0,0,0,16,1,0,0,0,0,0,1,0,0,989606.5706397593,162755.93274016678,9
0,1,0,0,0,0,0,0,0,0,0,0,0,0,0,0,0,1,1,0,1,0,0,0,0,0,0,17,0,0,0,0,0,0,0,0,0,981010.0786464214,176265.21608901024,9
0,1,0,0,0,0,0,0,0,0,0,0,0,0,0,0,0,1,0,0,0,0,0,0,0,0,0,18,1,0,1,0,0,0,0,0,0,981965.9133489281,177512.95309484005,9
0,0,0,1,0,0,0,0,0,0,0,0,0,0,0,0,0,1,0,0,0,0,0,0,0,0,0,19,1,0,0,0,1,0,0,0,0,985443.7443197519,180714.13435649872,9
0,0,0,0,0,1,0,0,0,0,0,0,0,0,0,0,0,1,0,0,0,0,0,0,0,0,0,20,1,0,0,0,0,0,1,0,0,985664.1474222541,188632.8583484292,9
2,0,0,0,0,0,0,0,0,0,0,0,0,0,0,0,0,2,0,0,0,0,0,0,0,0,0,21,2,2,0,0,0,0,0,0,0,988049.3132555932,183074.34289066494,9
1,0,0,0,0,0,0,0,0,0,0,0,0,0,0,0,0,1,0,0,0,0,0,0,0,0,0,22,1,1,0,0,0,0,0,0,0,985135.4155400842,199783.77075783908,9
0,0,0,1,0,0,0,0,0,0,0,0,0,0,0,0,0,1,0,0,0,0,0,0,0,0,0,23,1,0,0,0,1,0,0,0,0,985837.8908411711,199996.5419858396,9
0,0,0,0,0,0,1,0,0,0,0,0,0,0,0,0,0,1,0,0,0,0,0,0,0,0,0,24,1,0,0,0,0,0,0,1,0,992116.5295305848,153582.85397350788,9
0,0,0,0,1,0,0,0,0,0,0,0,0,0,0,0,0,1,0,0,0,0,0,0,0,0,0,25,1,0,0,0,0,1,0,0,0,996003.604761675,161702.1946901679,9
0,0,0,0,0,0,1,0,0,0,0,0,0,0,0,0,0,1,0,0,0,0,0,0,0,0,0,26,1,0,0,0,0,0,0,1,0,990179.9323539287,171685.2715087533,9
0,0,0,0,1,0,0,0,0,0,0,0,0,0,0,0,0,1,0,0,0,0,0,0,0,0,0,27,1,0,0,0,0,1,0,0,0,991347.6793622524,174236.6341881752,9
0,0,0,0,0,0,0,1,0,0,0,0,0,0,0,0,0,1,0,0,0,0,0,0,0,0,0,28,1,0,0,0,0,0,0,0,1,995181.4344900101,179744.61857900023,9
0,0,0,0,0,0,0,1,0,0,0,0,0,0,0,0,0,1,1,0,0,0,0,0,0,0,1,29,0,0,0,0,0,0,0,0,0,999207.0793258399,171134.03573459387,9
0,0,0,0,0,0,1,0,0,0,0,0,0,0,0,0,0,1,0,0,0,0,0,0,0,0,0,30,1,0,0,0,0,0,0,1,0,999517.2053460032,183218.45579142869,9
0,0,0,1,0,0,0,0,0,0,0,0,0,0,0,0,0,1,0,0,0,0,0,0,0,0,0,31,1,0,0,0,1,0,0,0,0,990177.6534870863,190604.08832983673,9
1,0,0,0,0,0,0,0,0,0,0,0,0,0,0,0,0,1,1,1,0,0,0,0,0,0,0,32,0,0,0,0,0,0,0,0,0,998047.2095983475,196303.32496283948,9
0,0,0,0,1,0,0,0,0,0,0,0,0,0,0,0,0,1,1,0,0,0,0,1,0,0,0,33,0,0,0,0,0,0,0,0,0,999375.0743966699,195315.83054675162,9
0,0,0,0,1,0,0,0,0,0,0,0,0,0,0,0,0,1,0,0,0,0,0,0,0,0,0,34,1,0,0,0,0,1,0,0,0,999076.6137075126,196864.31137366593,9
0,0,0,0,1,0,0,0,0,0,0,0,0,0,0,0,0,1,0,0,0,0,0,0,0,0,0,35,1,0,0,0,0,1,0,0,0,999148.5262933373,196351.69100783765,9
0,0,0,0,0,0,1,0,0,0,0,0,0,0,0,0,0,1,1,0,0,0,0,0,0,1,0,36,0,0,0,0,0,0,0,0,0,980953.5498880893,202188.6934414208,9
0,0,0,1,0,0,0,0,0,0,0,0,0,0,0,0,0,1,0,0,0,0,0,0,0,0,0,37,1,0,0,0,1,0,0,0,0,983783.4293989241,200041.4014761746,9
0,0,0,0,0,0,0,1,0,0,0,0,0,0,0,0,0,1,0,0,0,0,0,0,0,0,0,38,1,0,0,0,0,0,0,0,1,984986.7931339294,207664.58472058177,9
0,0,0,0,0,0,0,1,0,0,0,0,0,0,0,0,0,1,0,0,0,0,0,0,0,0,0,39,1,0,0,0,0,0,0,0,1,984606.7282772511,208835.16964975,9
0,0,0,1,0,0,0,0,0,0,0,0,0,0,0,0,0,1,0,0,0,0,0,0,0,0,0,40,1,0,0,0,1,0,0,0,0,987783.8446264267,204939.00290142,9
0,0,0,0,1,0,0,0,0,0,0,0,0,0,0,0,0,1,0,0,0,0,0,0,0,0,0,41,1,0,0,0,0,1,0,0,0,984669.3725089282,210807.4032380879,9
0,0,0,0,1,0,0,0,0,0,0,0,0,0,0,0,0,1,0,0,0,0,0,0,0,0,0,42,1,0,0,0,0,1,0,0,0,984487.4571903348,214192.32724250853,9
0,0,0,0,1,0,0,0,0,0,0,0,0,0,0,0,0,1,1,0,0,0,0,1,0,0,0,43,0,0,0,0,0,0,0,0,0,984717.5919006765,216464.72263209522,9
0,0,0,0,0,0,1,0,0,0,0,0,0,0,0,0,0,1,0,0,0,0,0,0,0,0,0,44,1,0,0,0,0,0,0,1,0,988280.211743921,222896.8439541757,9
0,0,1,0,0,0,0,0,0,0,0,0,0,0,0,0,0,1,0,0,0,0,0,0,0,0,0,45,1,0,0,1,0,0,0,0,0,990434.189063251,209701.13674983382,9
0,0,0,1,0,0,0,0,1,0,0,0,1,0,0,0,0,1,0,0,0,0,0,0,0,0,0,46,0,0,0,0,0,0,0,0,0,991185.2879547626,211977.0531297624,9
0,0,0,1,0,0,0,0,0,0,0,0,0,0,0,0,0,1,0,0,0,0,0,0,0,0,0,47,1,0,0,0,1,0,0,0,0,995162.9338708371,219719.61605666578,9
1,0,0,0,0,0,0,0,1,1,0,0,0,0,0,0,0,1,0,0,0,0,0,0,0,0,0,48,0,0,0,0,0,0,0,0,0,998639.5935841799,211061.00181224942,9
0,0,1,0,0,0,0,0,1,0,0,1,0,0,0,0,0,1,0,0,0,0,0,0,0,0,0,49,0,0,0,0,0,0,0,0,0,990143.4429255873,220690.54259251058,9
0,0,0,0,0,0,1,0,0,0,0,0,0,0,0,0,0,1,0,0,0,0,0,0,0,0,0,50,1,0,0,0,0,0,0,1,0,993379.3875691742,220706.96316334605,9
0,0,1,0,0,0,0,0,0,0,0,0,0,0,0,0,0,1,0,0,0,0,0,0,0,0,0,51,1,0,0,1,0,0,0,0,0,994740.116475001,222113.4596941769,9
0,0,1,0,0,0,0,0,0,0,0,0,0,0,0,0,0,1,0,0,0,0,0,0,0,0,0,52,1,0,0,1,0,0,0,0,0,995656.1284225136,223767.1867016703,9
0,0,0,0,1,0,0,0,0,0,0,0,0,0,0,0,0,1,0,0,0,0,0,0,0,0,0,53,1,0,0,0,0,1,0,0,0,997354.6059966683,220665.72111983597,9
0,0,0,0,1,0,0,0,0,0,0,0,0,0,0,0,0,1,1,0,0,0,0,1,0,0,0,54,0,0,0,0,0,0,0,0,0,997389.4910975099,225841.30624109507,9
0,0,0,0,1,0,0,0,1,0,0,0,0,1,0,0,0,1,0,0,0,0,0,0,0,0,0,55,0,0,0,0,0,0,0,0,0,995408.7896783352,235761.2699969262,9
0,1,0,0,0,0,0,0,0,0,0,0,0,0,0,0,0,1,0,0,0,0,0,0,0,0,0,56,1,0,1,0,0,0,0,0,0,997003.8596509248,231211.39589458704,9
0,1,0,0,0,0,0,0,0,0,0,0,0,0,0,0,0,1,0,0,0,0,0,0,0,0,0,57,1,0,1,0,0,0,0,0,0,998818.5499191731,234487.38146859407,9
0,0,0,0,0,1,0,0,0,0,0,0,0,0,0,0,0,1,1,0,0,0,0,0,1,0,0,58,0,0,0,0,0,0,0,0,0,998284.0792033374,235379.3412988335,9
0,0,0,1,0,0,0,0,0,0,0,0,0,0,0,0,0,1,0,0,0,0,0,0,0,0,0,59,1,0,0,0,1,0,0,0,0,1000653.7824691683,152435.9307424277,9
0,0,0,1,0,0,0,0,0,0,0,0,0,0,0,0,0,1,0,0,0,0,0,0,0,0,0,60,1,0,0,0,1,0,0,0,0,1001266.4252727628,152012.54215350747,9
1,0,0,0,0,0,0,0,0,0,0,0,0,0,0,0,0,1,0,0,0,0,0,0,0,0,0,61,1,1,0,0,0,0,0,0,0,1001494.7647110969,154151.8751451671,9
2,0,0,0,0,0,0,0,0,0,0,0,0,0,0,0,0,2,0,0,0,0,0,0,0,0,0,62,2,2,0,0,0,0,0,0,0,1002290.7247333378,158510.93466851115,9
0,0,0,0,1,0,0,0,0,0,0,0,0,0,0,0,0,1,0,0,0,0,0,0,0,0,0,63,1,0,0,0,0,1,0,0,0,1004412.193259418,166464.95714625716,9
0,0,0,1,0,0,0,0,0,0,0,0,0,0,0,0,0,1,0,0,0,0,0,0,0,0,0,64,1,0,0,0,1,0,0,0,0,1007081.6203352511,166687.13517959416,9
0,0,0,0,1,0,0,0,0,0,0,0,0,0,0,0,0,1,0,0,0,0,0,0,0,0,0,65,1,0,0,0,0,1,0,0,0,1003576.8143527508,173208.46071958542,9
0,0,1,0,0,0,0,0,0,0,0,0,0,0,0,0,0,1,1,0,0,1,0,0,0,0,0,66,0,0,0,0,0,0,0,0,0,1004946.3358919173,178895.7456048429,9
0,0,0,0,1,0,0,0,0,0,0,0,0,0,0,0,0,1,0,0,0,0,0,0,0,0,0,67,1,0,0,0,0,1,0,0,0,1006458.7049144208,177114.89942900836,9
0,0,0,0,1,0,0,0,0,0,0,0,0,0,0,0,0,1,1,0,0,0,0,1,0,0,0,68,0,0,0,0,0,0,0,0,0,1007502.6463960856,170127.0134704262,9
0,0,0,0,0,0,1,0,0,0,0,0,0,0,0,0,0,1,1,0,0,0,0,0,0,1,0,69,0,0,0,0,0,0,0,0,0,1007698.5580777526,175227.60038208961,9
0,0,0,0,0,0,1,0,0,0,0,0,0,0,0,0,0,1,1,0,0,0,0,0,0,1,0,70,0,0,0,0,0,0,0,0,0,1008988.4570727497,177596.15174734592,9
0,0,1,0,0,0,0,0,1,0,0,1,0,0,0,0,0,1,0,0,0,0,0,0,0,0,0,71,0,0,0,0,0,0,0,0,0,1002154.2125391811,188833.63222509623,9
0,0,0,0,1,0,0,0,0,0,0,0,0,0,0,0,0,1,1,0,0,0,0,1,0,0,0,72,0,0,0,0,0,0,0,0,0,1007324.8974077553,189396.8299175948,9
0,0,0,0,1,0,0,0,0,0,0,0,0,0,0,0,0,1,1,0,0,0,0,1,0,0,0,73,0,0,0,0,0,0,0,0,0,1008351.0534919202,184222.8146750927,9
0,0,0,0,0,1,0,0,0,0,0,0,0,0,0,0,0,1,1,0,0,0,0,0,1,0,0,74,0,0,0,0,0,0,0,0,0,1000964.2477275133,196831.6309928447,9
0,0,1,0,0,0,0,0,0,0,0,0,0,0,0,0,0,1,0,0,0,0,0,0,0,0,0,75,1,0,0,1,0,0,0,0,0,1006442.6485160887,196051.1797978431,9
0,0,0,1,0,0,0,0,0,0,0,0,0,0,0,0,0,1,0,0,0,0,0,0,0,0,0,76,1,0,0,0,1,0,0,0,0,1008908.2702252567,195410.13449200988,9
0,0,0,1,0,0,0,0,0,0,0,0,0,0,0,0,0,1,0,0,0,0,0,0,0,0,0,77,1,0,0,0,1,0,0,0,0,1013394.7081027627,168960.4114729166,9
0,0,0,0,0,1,0,0,0,0,0,0,0,0,0,0,0,1,0,0,0,0,0,0,0,0,0,78,1,0,0,0,0,0,1,0,0,1015594.3129555136,169351.26042875648,9
0,0,0,0,0,0,0,1,0,0,0,0,0,0,0,0,0,1,1,0,0,0,0,0,0,0,1,79,0,0,0,0,0,0,0,0,0,1012816.3595219254,178897.75347483158,9
0,0,1,0,0,0,0,0,0,0,0,0,0,0,0,0,0,1,1,0,0,1,0,0,0,0,0,80,0,0,0,0,0,0,0,0,0,1010139.5768177509,183015.658296749,9
0,0,0,0,0,0,0,1,1,0,0,0,0,0,0,0,1,1,0,0,0,0,0,0,0,0,0,81,0,0,0,0,0,0,0,0,0,1010535.7505660951,185586.72598925233,9
0,0,0,0,1,0,0,1,0,0,0,0,0,0,0,0,0,2,2,0,0,0,0,1,0,0,1,82,0,0,0,0,0,0,0,0,0,1013608.975718841,180246.0480223447,9
0,0,0,0,1,0,0,0,0,0,0,0,0,0,0,0,0,1,0,0,0,0,0,0,0,0,0,83,1,0,0,0,0,1,0,0,0,1013591.1870405078,183217.7215409279,9
0,0,0,1,0,0,0,0,0,0,0,0,0,0,0,0,0,1,1,0,0,0,1,0,0,0,0,84,0,0,0,0,0,0,0,0,0,1014821.9588571787,187693.9232184291,9
0,1,0,0,0,0,0,0,0,0,0,0,0,0,0,0,0,1,1,0,1,0,0,0,0,0,0,85,0,0,0,0,0,0,0,0,0,1017824.9909088463,184995.90368008614,9
0,0,0,1,0,0,0,0,0,0,0,0,0,0,0,0,0,1,0,0,0,0,0,0,0,0,0,86,1,0,0,0,1,0,0,0,0,1019038.2955688387,188848.75358591974,9
0,0,0,0,0,1,0,0,0,0,0,0,0,0,0,0,0,1,1,0,0,0,0,0,1,0,0,87,0,0,0,0,0,0,0,0,0,1010214.8522577584,196244.69319033623,9
0,0,0,0,0,0,1,0,0,0,0,0,0,0,0,0,0,1,0,0,0,0,0,0,0,0,0,88,1,0,0,0,0,0,0,1,0,1012435.5417140126,194510.3892442584,9
1,0,0,0,0,0,0,0,0,0,0,0,0,0,0,0,0,1,0,0,0,0,0,0,0,0,0,89,1,1,0,0,0,0,0,0,0,1029221.5393099189,150449.58268100023,9
0,0,0,1,0,0,0,0,0,0,0,0,0,0,0,0,0,1,1,0,0,0,1,0,0,0,0,90,0,0,0,0,0,0,0,0,0,1029023.7116215974,177644.30781900883,9
0,0,1,0,0,0,0,0,0,0,0,0,0,0,0,0,0,1,0,0,0,0,0,0,0,0,0,91,1,0,0,1,0,0,0,0,0,1028679.644068256,179471.89930817485,9
0,0,0,0,0,1,0,0,0,0,0,0,0,0,0,0,0,1,0,0,0,0,0,0,0,0,0,92,1,0,0,0,0,0,1,0,0,1021589.320650503,185590.6597084254,9
0,0,0,0,1,0,0,0,0,0,0,0,0,0,0,0,0,1,0,0,0,0,0,0,0,0,0,93,1,0,0,0,0,1,0,0,0,1023941.0187030137,184424.9645332545,9
0,1,0,0,0,0,0,0,0,0,0,0,0,0,0,0,0,1,1,0,1,0,0,0,0,0,0,94,0,0,0,0,0,0,0,0,0,1023860.6645330042,196508.76090367138,9
0,0,0,0,0,0,0,1,0,0,0,0,0,0,0,0,0,1,0,0,0,0,0,0,0,0,0,95,1,0,0,0,0,0,0,0,1,1024803.2443407625,198315.23366867006,9
0,0,0,0,0,1,0,1,0,0,0,0,0,0,0,0,0,2,0,0,0,0,0,0,0,0,0,96,2,0,0,0,0,0,1,0,1,1025245.700804919,192030.57793092728,9
0,0,0,0,0,1,0,0,0,0,0,0,0,0,0,0,0,1,1,0,0,0,0,0,1,0,0,97,0,0,0,0,0,0,0,0,0,1028180.5768249184,194746.04789367318,9
1,0,0,0,0,0,0,0,0,0,0,0,0,0,0,0,0,1,0,0,0,0,0,0,0,0,0,98,1,1,0,0,0,0,0,0,0,1039519.1519167572,153967.2505144179,9
0,0,0,1,0,0,0,0,0,0,0,0,0,0,0,0,0,1,1,0,0,0,1,0,0,0,0,99,0,0,0,0,0,0,0,0,0,1034067.149697423,181855.35254649818,9
0,0,0,0,0,0,1,0,0,0,0,0,0,0,0,0,0,1,0,0,0,0,0,0,0,0,0,100,1,0,0,0,0,0,0,1,0,1031684.6150924265,198634.970562011,9
0,0,0,0,0,0,1,0,0,0,0,0,0,0,0,0,0,1,0,0,0,0,0,0,0,0,0,101,1,0,0,0,0,0,0,1,0,1033216.275086835,194912.9573367536,9
0,0,0,1,0,0,0,0,0,0,0,0,0,0,0,0,0,1,0,0,0,0,0,0,0,0,0,102,1,0,0,0,1,0,0,0,0,1036423.250300169,191311.95732092857,9
0,1,0,0,0,0,0,0,0,0,0,0,0,0,0,0,0,1,0,0,0,0,0,0,0,0,0,103,1,0,1,0,0,0,0,0,0,1038452.5146143436,196999.12409617007,9
0,0,0,0,1,0,0,0,0,0,0,0,0,0,0,0,0,1,1,0,0,0,0,1,0,0,0,104,0,0,0,0,0,0,0,0,0,1048800.967998758,178418.9322540015,9
0,0,0,0,1,0,0,0,0,0,0,0,0,0,0,0,0,1,1,0,0,0,0,1,0,0,0,105,0,0,0,0,0,0,0,0,0,1040787.4640126675,195571.29558700323,9
0,0,0,0,0,0,1,0,0,0,0,0,0,0,0,0,0,1,0,0,0,0,0,0,0,0,0,106,1,0,0,0,0,0,0,1,0,1045043.187128514,191113.35207508504,9
0,0,0,1,0,0,0,0,0,0,0,0,0,0,0,0,0,1,0,0,0,0,0,0,0,0,0,107,1,0,0,0,1,0,0,0,0,1051342.2404752523,181878.47684408724,9
0,0,0,1,0,0,0,0,0,0,0,0,0,0,0,0,0,1,1,0,0,0,1,0,0,0,0,108,0,0,0,0,0,0,0,0,0,1051886.6048720926,197844.77529200912,9
0,1,0,0,0,0,0,0,0,0,0,0,0,0,0,0,0,1,1,0,1,0,0,0,0,0,0,109,0,0,0,0,0,0,0,0,0,1052523.034045428,191113.25365008414,9
0,0,0,1,0,0,0,0,0,0,0,0,0,0,0,0,0,1,0,0,0,0,0,0,0,0,0,110,1,0,0,0,1,0,0,0,0,1053689.438864842,195721.09220342338,9
0,0,0,0,1,0,0,0,0,0,0,0,0,0,0,0,0,1,1,0,0,0,0,1,0,0,0,111,0,0,0,0,0,0,0,0,0,1057380.087979585,195339.73108950257,9
0,1,0,0,0,0,0,0,0,0,0,0,0,0,0,0,0,1,0,0,0,0,0,0,0,0,0,112,1,0,1,0,0,0,0,0,0,1006281.0084194243,203865.7967144996,9
0,0,0,0,0,2,0,0,0,0,0,0,0,0,0,0,0,2,2,0,0,0,0,0,2,0,0,113,0,0,0,0,0,0,0,0,0,1004561.6975535899,211024.09899891913,9
0,0,0,0,1,0,0,0,0,0,0,0,0,0,0,0,0,1,0,0,0,0,0,0,0,0,0,114,1,0,0,0,0,1,0,0,0,1007568.9323527515,210033.2217155844,9
1,0,0,0,0,0,0,0,0,0,0,0,0,0,0,0,0,1,0,0,0,0,0,0,0,0,0,115,1,1,0,0,0,0,0,0,0,1009946.8016127497,211037.14359225333,9
0,0,0,0,0,1,0,0,0,0,0,0,0,0,0,0,0,1,1,0,0,0,0,0,1,0,0,116,0,0,0,0,0,0,0,0,0,1000707.7587391734,228262.26924692094,9
0,0,0,0,1,0,0,0,1,0,0,0,0,1,0,0,0,1,0,0,0,0,0,0,0,0,0,117,0,0,0,0,0,0,0,0,0,1008880.1403602511,220946.5624216795,9
1,0,0,0,0,0,0,0,0,0,0,0,0,0,0,0,0,1,1,1,0,0,0,0,0,0,0,118,0,0,0,0,0,0,0,0,0,1004958.0779944211,237310.06250301003,9
0,0,0,1,0,0,0,0,0,0,0,0,0,0,0,0,0,1,0,0,0,0,0,0,0,0,0,119,1,0,0,0,1,0,0,0,0,1009693.2686552554,236593.413673833,9
0,0,0,0,1,0,0,0,0,0,0,0,0,0,0,0,0,1,1,0,0,0,0,1,0,0,0,120,0,0,0,0,0,0,0,0,0,1001075.712399587,248476.4857081771,9
0,0,0,0,1,0,0,0,0,0,0,0,0,0,0,0,0,1,0,0,0,0,0,0,0,0,0,121,1,0,0,0,0,1,0,0,0,1007800.5755902529,249348.40752075613,9
0,0,0,0,0,0,1,0,0,0,0,0,0,0,0,0,0,1,1,0,0,0,0,0,0,1,0,122,0,0,0,0,0,0,0,0,0,1008537.2342219204,246182.7740882486,9
0,0,0,0,0,0,0,1,0,0,0,0,0,0,0,0,0,1,0,0,0,0,0,0,0,0,0,123,1,0,0,0,0,0,0,0,1,1009495.080075264,247828.1054432541,9
1,0,0,0,0,0,0,0,0,0,0,0,0,0,0,0,0,1,1,1,0,0,0,0,0,0,0,124,0,0,0,0,0,0,0,0,0,1008518.9107677639,250336.92588491738,9
0,0,0,0,0,1,0,0,0,0,0,0,0,0,0,0,0,1,1,0,0,0,0,0,1,0,0,125,0,0,0,0,0,0,0,0,0,1019967.174944669,204668.2915005833,9
0,0,0,0,0,0,1,0,0,0,0,0,0,0,0,0,0,1,0,0,0,0,0,0,0,0,0,126,1,0,0,0,0,0,0,1,0,1019008.1151830107,206998.33638116717,9
1,0,0,0,0,0,0,0,0,0,0,0,0,0,0,0,0,1,0,0,0,0,0,0,0,0,0,127,1,1,0,0,0,0,0,0,0,1012918.9643035978,214137.7935589254,9
1,0,0,0,0,0,0,0,0,0,0,0,0,0,0,0,0,1,0,0,0,0,0,0,0,0,0,128,1,1,0,0,0,0,0,0,0,1016046.7661188394,212415.61852559447,9
0,0,0,1,0,0,0,0,1,0,0,0,1,0,0,0,0,1,0,0,0,0,0,0,0,0,0,129,0,0,0,0,0,0,0,0,0,1016468.9962455034,218793.19402500987,9
1,0,0,0,0,0,0,0,0,0,0,0,0,0,0,0,0,1,0,0,0,0,0,0,0,0,0,130,1,1,0,0,0,0,0,0,0,1018068.9700796753,214854.95715083182,9
0,0,0,0,1,0,0,0,1,0,0,0,0,1,0,0,0,1,0,0,0,0,0,0,0,0,0,131,0,0,0,0,0,0,0,0,0,1011147.5734894276,246935.75814658403,9
0,0,1,0,0,0,0,0,1,0,0,1,0,0,0,0,0,1,0,0,0,0,0,0,0,0,0,132,0,0,0,0,0,0,0,0,0,1012735.1424927562,247816.36694967747,9
0,0,1,0,0,0,0,0,0,0,0,0,0,0,0,0,0,1,0,0,0,0,0,0,0,0,0,133,1,0,0,1,0,0,0,0,0,1014442.2483305037,240517.11317551136,9
0,0,0,1,0,0,0,0,0,0,0,0,0,0,0,0,0,1,0,0,0,0,0,0,0,0,0,134,1,0,0,0,1,0,0,0,0,1015843.7645563334,246035.97976242006,9
0,0,0,0,0,0,1,0,0,0,0,0,0,0,0,0,0,1,1,0,0,0,0,0,0,1,0,135,0,0,0,0,0,0,0,0,0,1018290.098246336,242244.30788384378,9
0,0,0,1,0,0,0,0,0,0,0,0,0,0,0,0,0,1,1,0,0,0,1,0,0,0,0,136,0,0,0,0,0,0,0,0,0,1019795.14772968,246254.1223707497,9
0,0,1,0,0,0,0,0,0,0,0,0,0,0,0,0,0,1,1,0,0,1,0,0,0,0,0,137,0,0,0,0,0,0,0,0,0,1013223.3009652644,251429.57461825013,9
0,0,0,0,0,0,1,0,0,0,0,0,0,0,0,0,0,1,1,0,0,0,0,0,0,1,0,138,0,0,0,0,0,0,0,0,0,1010509.1397269219,268694.96298767626,9
0,0,0,0,0,0,0,1,0,0,0,0,0,0,0,0,0,1,0,0,0,0,0,0,0,0,0,139,1,0,0,0,0,0,0,0,1,1011174.4435144216,271730.36669375,9
0,0,1,0,0,0,0,0,0,0,0,0,0,0,0,0,0,1,1,0,0,1,0,0,0,0,0,140,0,0,0,0,0,0,0,0,0,1025021.4361615926,208653.73628558218,9
0,0,1,0,0,0,0,0,0,0,0,0,0,0,0,0,0,1,0,0,0,0,0,0,0,0,0,141,1,0,0,1,0,0,0,0,0,1026752.0058631748,200595.3121137619,9
0,1,0,0,0,0,0,0,0,0,0,0,0,0,0,0,0,1,0,0,0,0,0,0,0,0,0,142,1,0,1,0,0,0,0,0,0,1020968.1896749288,215260.85857000947,9
0,0,0,0,0,1,0,0,0,0,0,0,0,0,0,0,0,1,0,0,0,0,0,0,0,0,0,143,1,0,0,0,0,0,1,0,0,1023055.7019040883,215418.05969917774,9
0,0,0,0,0,1,0,0,0,0,0,0,0,0,0,0,0,1,0,0,0,0,0,0,0,0,0,144,1,0,0,0,0,0,1,0,0,1028000.7674732506,238003.97843800485,9
0,0,0,1,0,0,0,0,0,0,0,0,0,0,0,0,0,1,0,0,0,0,0,0,0,0,0,145,1,0,0,0,1,0,0,0,0,1027719.3572749197,247684.80520492792,9
0,1,0,0,0,0,0,0,0,0,0,0,0,0,0,0,0,1,1,0,1,0,0,0,0,0,0,146,0,0,0,0,0,0,0,0,0,1020048.3493230045,256819.04513850808,9
0,0,0,1,0,0,0,0,0,0,0,0,0,0,0,0,0,1,1,0,0,0,1,0,0,0,0,147,0,0,0,0,0,0,0,0,0,1022545.9394721687,254871.04050433636,9
0,0,0,1,0,0,0,0,0,0,0,0,0,0,0,0,0,1,0,0,0,0,0,0,0,0,0,148,1,0,0,0,1,0,0,0,0,1022555.4338757545,259849.44262100756,9
0,0,0,0,1,0,0,0,0,0,0,0,0,0,0,0,0,1,1,0,0,0,0,1,0,0,0,149,0,0,0,0,0,0,0,0,0,1024697.5493421704,258994.5099476725,9
0,0,0,0,1,0,0,0,0,0,0,0,0,0,0,0,0,1,0,0,0,0,0,0,0,0,0,150,1,0,0,0,0,1,0,0,0,1026305.465745762,262215.9470743388,9
0,0,1,0,0,0,0,0,0,0,0,0,0,0,0,0,0,1,1,0,0,1,0,0,0,0,0,151,0,0,0,0,0,0,0,0,0,1032785.4363815933,205140.534650594,9
0,0,0,0,1,0,0,0,0,0,0,0,0,0,0,0,0,1,0,0,0,0,0,0,0,0,0,152,1,0,0,0,0,1,0,0,0,1034345.160952419,205752.1016689241,9
1,0,0,0,0,0,0,0,0,0,0,0,0,0,0,0,0,1,0,0,0,0,0,0,0,0,0,153,1,1,0,0,0,0,0,0,0,1034821.708555758,205935.9989389181,9
1,0,0,0,0,0,0,0,0,0,0,0,0,0,0,0,0,1,0,0,0,0,0,0,0,0,0,154,1,1,0,0,0,0,0,0,0,1030324.5095449239,219523.10070167482,9
1,0,0,0,0,0,0,0,0,0,0,0,0,0,0,0,0,1,0,0,0,0,0,0,0,0,0,155,1,1,0,0,0,0,0,0,0,1031306.918669343,216054.33500142395,9
0,0,0,0,0,0,0,1,0,0,0,0,0,0,0,0,0,1,0,0,0,0,0,0,0,0,0,156,1,0,0,0,0,0,0,0,1,1031152.0439790934,217927.13276501,9
0,0,0,0,0,0,2,0,0,0,0,0,0,0,0,0,0,2,0,0,0,0,0,0,0,0,0,157,2,0,0,0,0,0,0,2,0,1032877.8837032616,219596.95882166922,9
0,0,1,0,0,0,0,0,0,0,0,0,0,0,0,0,0,1,0,0,0,0,0,0,0,0,0,158,1,0,0,1,0,0,0,0,0,1032810.761134088,220973.09452083707,9
1,0,0,0,0,0,0,0,0,0,0,0,0,0,0,0,0,1,0,0,0,0,0,0,0,0,0,159,1,1,0,0,0,0,0,0,0,1034836.9345751703,237730.2224238366,9
0,0,0,1,0,0,0,0,0,0,0,0,0,0,0,0,0,1,1,0,0,0,1,0,0,0,0,160,0,0,0,0,0,0,0,0,0,1036671.8652885109,238082.20006634295,9
0,0,0,0,1,0,0,0,0,0,0,0,0,0,0,0,0,1,0,0,0,0,0,0,0,0,0,161,1,0,0,0,0,1,0,0,0,1041289.4643210024,203474.74106617272,9
0,0,0,0,1,0,0,0,0,0,0,0,0,0,0,0,0,1,1,0,0,0,0,1,0,0,0,162,0,0,0,0,0,0,0,0,0,1042213.6586668342,203187.2613261789,9
0,0,1,0,0,0,0,0,0,0,0,0,0,0,0,0,0,1,0,0,0,0,0,0,0,0,0,163,1,0,0,1,0,0,0,0,0,1042218.760034591,203857.14515700936,9
0,0,0,0,0,0,0,1,0,0,0,0,0,0,0,0,0,1,0,0,0,0,0,0,0,0,0,164,1,0,0,0,0,0,0,0,1,1041094.5139235109,224993.73575775325,9
0,0,0,0,0,1,0,0,0,0,0,0,0,0,0,0,0,1,1,0,0,0,0,0,1,0,0,165,0,0,0,0,0,0,0,0,0,1042401.2337510139,226446.30831192434,9
0,0,0,1,0,0,0,0,0,0,0,0,0,0,0,0,0,1,0,0,0,0,0,0,0,0,0,166,1,0,0,0,1,0,0,0,0,1063293.7569265068,208242.2869772613,9
0,0,0,0,0,0,0,1,0,0,0,0,0,0,0,0,0,1,1,0,0,0,0,0,0,0,1,167,0,0,0,0,0,0,0,0,0,1066350.860392347,208404.9835022539,9
0,0,0,0,1,0,0,0,0,0,0,0,0,0,0,0,0,1,1,0,0,0,0,1,0,0,0,168,0,0,0,0,0,0,0,0,0,1065131.0039081722,211722.28985975683,9
0,0,0,1,0,0,0,0,0,0,0,0,0,0,0,0,0,1,0,0,0,0,0,0,0,0,0,169,1,0,0,0,1,0,0,0,0,983819.3217155933,161591.14471542835,9
1,0,0,0,0,0,0,0,0,0,0,0,0,0,0,0,0,1,1,1,0,0,0,0,0,0,0,170,0,0,0,0,0,0,0,0,0,1060853.5649565011,206830.2163105905,9
0,0,0,0,0,1,0,0,0,0,0,0,0,0,0,0,0,1,0,0,0,0,0,0,0,0,0,171,1,0,0,0,0,0,1,0,0,986356.3507622629,198845.84612450004,9
0,0,0,1,0,0,0,0,0,0,0,0,0,0,0,0,0,1,1,0,0,0,1,0,0,0,0,172,0,0,0,0,0,0,0,0,0,1017370.2969363332,265447.558065176,9
0,0,0,0,0,0,0,1,0,0,0,0,0,0,0,0,0,1,0,0,0,0,0,0,0,0,0,173,1,0,0,0,0,0,0,0,1,1026705.4518224299,251834.69847992063,9
0,1,0,0,0,0,0,0,0,0,0,0,0,0,0,0,0,1,0,0,0,0,0,0,0,0,0,174,1,0,1,0,0,0,0,0,0,1003553.3504889309,237738.1955050081,9
0,0,0,0,0,0,1,0,0,0,0,0,0,0,0,0,0,1,0,0,0,0,0,0,0,0,0,1,1,0,0,0,0,0,0,1,0,1012251.9577635974,211166.88414642215,10
0,1,0,0,0,0,0,0,0,0,0,0,0,0,0,0,0,1,1,0,1,0,0,0,0,0,0,2,0,0,0,0,0,0,0,0,0,1055964.2607587576,194920.9297617525,10
0,0,0,0,0,1,0,0,0,0,0,0,0,0,0,0,0,1,1,0,0,0,0,0,1,0,0,3,0,0,0,0,0,0,0,0,0,929023.5408874303,128361.03860358894,10
1,0,0,0,0,0,0,0,0,0,0,0,0,0,0,0,0,1,0,0,0,0,0,0,0,0,0,4,1,1,0,0,0,0,0,0,0,935196.1627285033,137697.21054799855,10
0,0,0,1,0,0,0,0,0,0,0,0,0,0,0,0,0,1,0,0,0,0,0,0,0,0,0,5,1,0,0,0,1,0,0,0,0,939287.922917679,156201.35267350078,10
0,0,1,0,0,0,0,0,0,0,0,0,0,0,0,0,0,1,0,0,0,0,0,0,0,0,0,6,1,0,0,1,0,0,0,0,0,946451.1956645846,142169.5142674297,10
0,0,0,0,0,0,0,1,0,0,0,0,0,0,0,0,0,1,0,0,0,0,0,0,0,0,0,7,1,0,0,0,0,0,0,0,1,942953.151479587,167053.96515458822,10
0,0,0,0,1,0,0,0,0,0,0,0,0,0,0,0,0,1,0,0,0,0,0,0,0,0,0,8,1,0,0,0,0,1,0,0,0,947513.227661252,161637.450725168,10
1,0,0,0,0,0,0,0,1,1,0,0,0,0,0,0,0,1,0,0,0,0,0,0,0,0,0,9,0,0,0,0,0,0,0,0,0,949289.9957612604,170233.328874588,10
0,1,0,0,0,0,0,0,0,0,0,0,0,0,0,0,0,1,0,0,0,0,0,0,0,0,0,10,1,0,1,0,0,0,0,0,0,979882.5625287592,174834.0188201666,10
0,0,0,1,0,0,0,0,0,0,0,0,0,0,0,0,0,1,0,0,0,0,0,0,0,0,0,11,1,0,0,0,1,0,0,0,0,979708.4322995842,197977.61623367667,10
0,0,0,0,0,0,0,1,0,0,0,0,0,0,0,0,0,1,0,0,0,0,0,0,0,0,0,12,1,0,0,0,0,0,0,0,1,987596.3646864295,149229.47685350478,10
0,0,1,0,0,0,0,0,0,0,0,0,0,0,0,0,0,1,0,0,0,0,0,0,0,0,0,13,1,0,0,1,0,0,0,0,0,980814.9087611735,159772.59225016832,10
1,0,0,0,0,0,0,0,0,0,0,0,0,0,0,0,0,1,0,0,0,0,0,0,0,0,0,14,1,1,0,0,0,0,0,0,0,984450.2062805891,158768.09950850904,10
0,0,0,1,0,0,0,0,0,0,0,0,0,0,0,0,0,1,0,0,0,0,0,0,0,0,0,15,1,0,0,0,1,0,0,0,0,985153.387288928,156285.2763901651,10
0,0,0,1,0,0,0,0,0,0,0,0,0,0,0,0,0,1,0,0,0,0,0,0,0,0,0,16,1,0,0,0,1,0,0,0,0,985473.7475405931,157957.21530351043,10
0,0,0,1,0,0,0,0,0,0,0,0,0,0,0,0,0,1,0,0,0,0,0,0,0,0,0,17,1,0,0,0,1,0,0,0,0,989306.9944672585,155640.0204628408,10
0,0,1,0,0,0,0,0,1,0,0,1,0,0,0,0,0,1,0,0,0,0,0,0,0,0,0,18,0,0,0,0,0,0,0,0,0,988145.4285489172,167620.8242570907,10
0,0,1,0,0,0,0,0,1,0,0,1,0,0,0,0,0,1,0,0,0,0,0,0,0,0,0,19,0,0,0,0,0,0,0,0,0,989276.7353414297,169047.96379125118,10
0,0,0,0,0,0,0,1,0,0,0,0,0,0,0,0,0,1,0,0,0,0,0,0,0,0,0,20,1,0,0,0,0,0,0,0,1,981800.8316580951,172316.2873070836,10
0,0,0,0,0,0,0,1,0,0,0,0,0,0,0,0,0,1,0,0,0,0,0,0,0,0,0,21,1,0,0,0,0,0,0,0,1,982896.6726422608,172444.01999124885,10
0,0,1,0,0,0,0,0,0,0,0,0,0,0,0,0,0,1,0,0,0,0,0,0,0,0,0,22,1,0,0,1,0,0,0,0,0,982151.1787264198,177702.75586484373,10
0,0,0,0,0,0,1,0,1,0,0,0,0,0,0,1,0,1,0,0,0,0,0,0,0,0,0,23,0,0,0,0,0,0,0,0,0,982629.1797389239,178306.2815606743,10
0,0,0,0,0,1,0,0,1,0,0,0,0,0,1,0,0,1,0,0,0,0,0,0,0,0,0,24,0,0,0,0,0,0,0,0,0,984083.0383797586,180141.4681790024,10
0,0,0,0,1,0,0,0,1,0,0,0,0,1,0,0,0,1,0,0,0,0,0,0,0,0,0,25,0,0,0,0,0,0,0,0,0,986323.1979414225,183249.8149806708,10
0,0,0,0,0,0,1,0,0,0,0,0,0,0,0,0,0,1,0,0,0,0,0,0,0,0,0,26,1,0,0,0,0,0,0,1,0,987020.1059964299,184347.95254817605,10
1,0,0,0,0,0,0,0,0,0,0,0,0,0,0,0,0,1,1,1,0,0,0,0,0,0,0,27,0,0,0,0,0,0,0,0,0,980412.8675705045,199307.54106725752,10
0,0,0,0,0,0,0,1,0,0,0,0,0,0,0,0,0,1,0,0,0,0,0,0,0,0,0,28,1,0,0,0,0,0,0,0,1,987526.1909422576,191491.84869341552,10
0,0,0,0,1,0,0,0,0,0,0,0,0,0,0,0,0,1,0,0,0,0,0,0,0,0,0,29,1,0,0,0,0,1,0,0,0,992991.5671505928,149241.47617334127,10
0,0,0,1,0,0,0,0,1,0,0,0,1,0,0,0,0,1,0,0,0,0,0,0,0,0,0,30,0,0,0,0,0,0,0,0,0,991413.2041655928,159481.31330516934,10
0,0,1,0,0,0,0,0,0,0,0,0,0,0,0,0,0,1,0,0,0,0,0,0,0,0,0,31,1,0,0,1,0,0,0,0,0,998575.4237650037,151926.82414908707,10
0,0,0,0,0,0,0,1,1,0,0,0,0,0,0,0,1,1,0,0,0,0,0,0,0,0,0,32,0,0,0,0,0,0,0,0,0,991459.3654905856,168368.35557042062,10
0,0,0,0,0,0,0,1,1,0,0,0,0,0,0,0,1,1,0,0,0,0,0,0,0,0,0,33,0,0,0,0,0,0,0,0,0,993222.1273850054,161305.37789849937,10
0,1,0,0,0,0,0,0,0,0,0,0,0,0,0,0,0,1,0,0,0,0,0,0,0,0,0,34,1,0,1,0,0,0,0,0,0,993664.7741375118,168637.5840345919,10
1,0,0,0,0,0,0,0,1,1,0,0,0,0,0,0,0,1,0,0,0,0,0,0,0,0,0,35,0,0,0,0,0,0,0,0,0,994169.6943875104,165155.2222329229,10
1,0,0,0,0,0,0,0,0,0,0,0,0,0,0,0,0,1,0,0,0,0,0,0,0,0,0,36,1,1,0,0,0,0,0,0,0,996606.2085433453,165508.3842562586,10
0,0,0,0,0,1,0,0,0,0,0,0,0,0,0,0,0,1,0,0,0,0,0,0,0,0,0,37,1,0,0,0,0,0,1,0,0,998766.5749575049,169857.68986208737,10
0,0,1,0,0,0,0,0,0,0,0,0,0,0,0,0,0,1,0,0,0,0,0,0,0,0,0,38,1,0,0,1,0,0,0,0,0,990750.3183522522,173905.22113709152,10
0,1,0,0,0,0,0,0,0,0,0,0,0,0,0,0,0,1,0,0,0,0,0,0,0,0,0,39,1,0,1,0,0,0,0,0,0,990994.8943066746,174039.62375542521,10
0,0,0,0,0,1,0,0,0,0,0,0,0,0,0,0,0,1,1,0,0,0,0,0,1,0,0,40,0,0,0,0,0,0,0,0,0,991438.7716997564,173650.78890317678,10
0,0,0,0,0,0,0,1,0,0,0,0,0,0,0,0,0,1,0,0,0,0,0,0,0,0,0,41,1,0,0,0,0,0,0,0,1,992341.6960750073,174770.86868400872,10
0,0,0,0,1,0,0,0,0,0,0,0,0,0,0,0,0,1,0,0,0,0,0,0,0,0,0,42,1,0,0,0,0,1,0,0,0,993879.9705575109,172747.55252067745,10
0,1,0,0,0,0,0,0,0,0,0,0,0,0,0,0,0,1,1,0,1,0,0,0,0,0,0,43,0,0,0,0,0,0,0,0,0,997276.0303664207,178307.69920875132,10
0,1,0,0,0,0,0,0,0,0,0,0,0,0,0,0,0,1,0,0,0,0,0,0,0,0,0,44,1,0,1,0,0,0,0,0,0,990339.6669425964,188788.92201267183,10
0,0,1,0,0,0,0,0,1,0,0,1,0,0,0,0,0,1,0,0,0,0,0,0,0,0,0,45,0,0,0,0,0,0,0,0,0,999699.0468458384,185775.0097334236,10
0,0,0,0,1,0,0,0,1,0,0,0,0,1,0,0,0,1,0,0,0,0,0,0,0,0,0,46,0,0,0,0,0,0,0,0,0,996248.0268450081,197226.56786701083,10
0,0,0,0,1,0,0,0,0,0,0,0,0,0,0,0,0,1,1,0,0,0,0,1,0,0,0,47,0,0,0,0,0,0,0,0,0,998957.6342866719,193814.5999534279,10
0,0,1,0,0,0,0,0,0,0,0,0,0,0,0,0,0,1,0,0,0,0,0,0,0,0,0,48,1,0,0,1,0,0,0,0,0,983855.1287305951,201569.06574366987,10
0,0,0,0,0,0,1,0,0,0,0,0,0,0,0,0,0,1,0,0,0,0,0,0,0,0,0,49,1,0,0,0,0,0,0,1,0,983150.1829620004,209921.67666308582,10
0,0,1,0,0,0,0,0,0,0,0,0,0,0,0,0,0,1,0,0,0,0,0,0,0,0,0,50,1,0,0,1,0,0,0,0,0,984900.0708664209,201896.49947200716,10
0,0,0,0,1,0,0,0,0,0,0,0,0,0,0,0,0,1,0,0,0,0,0,0,0,0,0,51,1,0,0,0,0,1,0,0,0,985263.6121340841,208166.40425500274,10
0,0,0,0,0,0,0,1,0,0,0,0,0,0,0,0,0,1,0,0,0,0,0,0,0,0,0,52,1,0,0,0,0,0,0,0,1,986285.6783314198,207906.0573347509,10
0,0,0,0,0,0,0,2,1,0,0,0,0,0,0,0,1,2,0,0,0,0,0,0,0,0,0,53,1,0,0,0,0,0,0,0,1,986244.1921939254,209938.861668095,10
0,0,0,1,0,0,0,0,1,0,0,0,1,0,0,0,0,1,0,0,0,0,0,0,0,0,0,54,0,0,0,0,0,0,0,0,0,983191.0355705917,213709.87446725368,10
1,0,0,0,0,0,0,0,0,0,0,0,0,0,0,0,0,1,0,0,0,0,0,0,0,0,0,55,1,1,0,0,0,0,0,0,0,984534.7500747591,210565.44506059587,10
0,0,0,0,1,0,0,0,0,0,0,0,0,0,0,0,0,1,0,0,0,0,0,0,0,0,0,56,1,0,0,0,0,1,0,0,0,986819.2435372621,214689.9479664266,10
0,0,0,0,0,1,0,0,0,0,0,0,0,0,0,0,0,1,0,0,0,0,0,0,0,0,0,57,1,0,0,0,0,0,1,0,0,986398.5160322636,217643.32427750528,10
0,0,0,0,0,1,0,0,1,0,0,0,0,0,1,0,0,1,0,0,0,0,0,0,0,0,0,58,0,0,0,0,0,0,0,0,0,987466.2501172572,215860.91019141674,10
0,0,1,0,0,0,0,0,0,0,0,0,0,0,0,0,0,1,0,0,0,0,0,0,0,0,0,59,1,0,0,1,0,0,0,0,0,989203.415278092,219715.1606850028,10
0,0,0,0,0,0,1,0,1,0,0,0,0,0,0,1,0,1,0,0,0,0,0,0,0,0,0,60,0,0,0,0,0,0,0,0,0,995649.4725959301,209676.44946324825,10
1,0,0,0,0,0,0,0,1,1,0,0,0,0,0,0,0,1,0,0,0,0,0,0,0,0,0,61,0,0,0,0,0,0,0,0,0,997479.7008908391,209215.6971039176,10
0,0,1,0,0,0,0,0,1,0,0,1,0,0,0,0,0,1,0,0,0,0,0,0,0,0,0,62,0,0,0,0,0,0,0,0,0,998353.0488816798,203891.70873616636,10
0,0,0,1,0,0,0,0,0,0,0,0,0,0,0,0,0,1,0,0,0,0,0,0,0,0,0,63,1,0,0,0,1,0,0,0,0,998049.5849216729,207682.45541974902,10
0,0,0,0,0,1,0,0,0,0,0,0,0,0,0,0,0,1,0,0,0,0,0,0,0,0,0,64,1,0,0,0,0,0,1,0,0,990696.3453630954,211658.50717891753,10
1,0,0,0,0,0,0,0,0,0,0,0,0,0,0,0,0,1,0,0,0,0,0,0,0,0,0,65,1,1,0,0,0,0,0,0,0,990566.7655697614,217741.29652251303,10
1,0,0,0,0,0,0,0,0,0,0,0,0,0,0,0,0,1,0,0,0,0,0,0,0,0,0,66,1,1,0,0,0,0,0,0,0,992212.2904939204,212932.06106226146,10
0,0,0,1,0,0,0,0,0,0,0,0,0,0,0,0,0,1,1,0,0,0,1,0,0,0,0,67,0,0,0,0,0,0,0,0,0,992489.1403339207,217000.47779417038,10
0,0,1,0,0,0,0,0,0,0,0,0,0,0,0,0,0,1,0,0,0,0,0,0,0,0,0,68,1,0,0,1,0,0,0,0,0,991931.5656616688,229486.78451442719,10
0,0,0,0,0,0,1,0,1,0,0,0,0,0,0,1,0,1,0,0,0,0,0,0,0,0,0,69,0,0,0,0,0,0,0,0,0,996042.2562591732,226910.1000352502,10
0,0,0,0,1,0,0,0,0,0,0,0,0,0,0,0,0,1,0,0,0,0,0,0,0,0,0,70,1,0,0,0,0,1,0,0,0,997194.2323016673,224432.60170942545,10
0,0,0,0,0,1,0,0,0,0,0,0,0,0,0,0,0,1,0,0,0,0,0,0,0,0,0,71,1,0,0,0,0,0,1,0,0,997669.956415847,230545.07308025658,10
0,0,0,1,0,0,0,0,0,0,0,0,0,0,0,0,0,1,0,0,0,0,0,0,0,0,0,72,1,0,0,0,1,0,0,0,0,997392.2109083384,231914.02047358453,10
1,0,0,0,0,0,0,0,0,0,0,0,0,0,0,0,0,1,0,0,0,0,0,0,0,0,0,73,1,1,0,0,0,0,0,0,0,998157.7802433372,235152.3210835904,10
0,0,0,0,1,0,0,0,0,0,0,0,0,0,0,0,0,1,0,0,0,0,0,0,0,0,0,74,1,0,0,0,0,1,0,0,0,998236.52352418,239009.12734633684,10
0,0,0,0,0,0,1,0,0,0,0,0,0,0,0,0,0,1,0,0,0,0,0,0,0,0,0,75,1,0,0,0,0,0,0,1,0,998477.4613625109,241299.17525967956,10
0,0,0,0,0,1,0,0,0,0,0,0,0,0,0,0,0,1,1,0,0,0,0,0,1,0,0,76,0,0,0,0,0,0,0,0,0,998539.0022499263,243193.3916155845,10
0,0,0,0,0,0,0,1,0,0,0,0,0,0,0,0,0,1,0,0,0,0,0,0,0,0,0,77,1,0,0,0,0,0,0,0,1,1000109.3114452511,157993.84252683818,10
0,0,1,0,0,0,0,0,0,0,0,0,0,0,0,0,0,1,0,0,0,0,0,0,0,0,0,78,1,0,0,1,0,0,0,0,0,1000676.5022400022,159803.59940600395,10
0,0,0,0,1,0,0,0,0,0,0,0,0,0,0,0,0,1,0,0,0,0,0,0,0,0,0,79,1,0,0,0,0,1,0,0,0,1001356.3496335894,153293.71085099876,10
0,0,0,1,0,0,0,0,0,0,0,0,0,0,0,0,0,1,0,0,0,0,0,0,0,0,0,80,1,0,0,0,1,0,0,0,0,1001547.6911144257,157409.22099266946,10
0,0,0,1,0,0,0,0,1,0,0,0,1,0,0,0,0,1,0,0,0,0,0,0,0,0,0,81,0,0,0,0,0,0,0,0,0,1003723.723507762,159727.99588267505,10
0,0,0,0,0,0,1,0,0,0,0,0,0,0,0,0,0,1,0,0,0,0,0,0,0,0,0,82,1,0,0,0,0,0,0,1,0,1004412.193259418,166464.95714625716,10
0,0,1,0,0,0,0,0,0,0,0,0,0,0,0,0,0,1,1,0,0,1,0,0,0,0,0,83,0,0,0,0,0,0,0,0,0,1005877.059096083,168275.57360374928,10
0,2,0,0,0,0,0,0,0,0,0,0,0,0,0,0,0,2,2,0,2,0,0,0,0,0,0,84,0,0,0,0,0,0,0,0,0,1006265.9986069202,160871.49753266573,10
0,0,0,0,0,1,0,0,0,0,0,0,0,0,0,0,0,1,1,0,0,0,0,0,1,0,0,85,0,0,0,0,0,0,0,0,0,1005340.6067569256,171516.46935291588,10
1,0,0,0,0,0,0,0,0,0,0,0,0,0,0,0,0,1,0,0,0,0,0,0,0,0,0,86,1,1,0,0,0,0,0,0,0,1008918.3883152604,176264.61241567135,10
0,0,0,0,1,0,0,0,0,0,0,0,0,0,0,0,0,1,0,0,0,0,0,0,0,0,0,87,1,0,0,0,0,1,0,0,0,1005780.7797610909,183752.52690175176,10
0,0,1,0,0,0,0,0,0,0,0,0,0,0,0,0,0,1,0,0,0,0,0,0,0,0,0,88,1,0,0,1,0,0,0,0,0,1006637.3955019265,186782.57989676297,10
0,0,0,1,0,0,0,0,1,0,0,0,1,0,0,0,0,1,0,0,0,0,0,0,0,0,0,89,0,0,0,0,0,0,0,0,0,1008935.1041610837,182304.70827509463,10
0,0,0,1,0,0,0,0,0,0,0,0,0,0,0,0,0,1,0,0,0,0,0,0,0,0,0,90,1,0,0,0,1,0,0,0,0,1008952.8633119166,186587.96086342633,10
0,0,0,0,0,0,1,0,0,0,0,0,0,0,0,0,0,1,0,0,0,0,0,0,0,0,0,91,1,0,0,0,0,0,0,1,0,1009101.6983160973,182810.6258984208,10
1,0,0,0,0,0,0,0,1,1,0,0,0,0,0,0,0,1,0,0,0,0,0,0,0,0,0,92,0,0,0,0,0,0,0,0,0,1000996.8887383342,196573.76438258588,10
0,0,1,0,0,0,0,0,0,0,0,0,0,0,0,0,0,1,0,0,0,0,0,0,0,0,0,93,1,0,0,1,0,0,0,0,0,1000766.9118360877,198397.88114117086,10
0,0,0,0,0,0,1,0,0,0,0,0,0,0,0,0,0,1,0,0,0,0,0,0,0,0,0,94,1,0,0,0,0,0,0,1,0,1006836.9751552641,198851.09217700362,10
0,0,1,0,0,0,0,0,0,0,0,0,0,0,0,0,0,1,0,0,0,0,0,0,0,0,0,95,1,0,0,1,0,0,0,0,0,1008874.6580877602,197913.05927617848,10
0,0,1,0,0,0,0,0,0,0,0,0,0,0,0,0,0,1,0,0,0,0,0,0,0,0,0,96,1,0,0,1,0,0,0,0,0,1009894.9906927496,195833.16186116636,10
0,0,1,0,0,0,0,0,0,0,0,0,0,0,0,0,0,1,1,0,0,1,0,0,0,0,0,97,0,0,0,0,0,0,0,0,0,1012171.1898805052,167923.4450429231,10
0,0,0,1,0,0,0,0,0,0,0,0,0,0,0,0,0,1,1,0,0,0,1,0,0,0,0,98,0,0,0,0,0,0,0,0,0,1010954.985291928,173062.48332124949,10
0,0,1,0,0,0,0,0,0,0,0,0,0,0,0,0,0,1,1,0,0,1,0,0,0,0,0,99,0,0,0,0,0,0,0,0,0,1010431.3741344213,174481.26657292247,10
0,0,0,0,1,0,0,0,1,0,0,0,0,1,0,0,0,1,0,0,0,0,0,0,0,0,0,100,0,0,0,0,0,0,0,0,0,1011539.2882571667,177471.0634148419,10
0,0,0,0,1,0,0,0,0,0,0,0,0,0,0,0,0,1,1,0,0,0,0,1,0,0,0,101,0,0,0,0,0,0,0,0,0,1012832.3106055111,172598.90091508627,10
0,0,0,0,0,1,0,0,0,0,0,0,0,0,0,0,0,1,1,0,0,0,0,0,1,0,0,102,0,0,0,0,0,0,0,0,0,1012326.9477710873,185440.93559841812,10
0,0,0,0,0,1,0,0,0,0,0,0,0,0,0,0,0,1,0,0,0,0,0,0,0,0,0,103,1,0,0,0,0,0,1,0,0,1012861.3725552559,185482.24457092583,10
0,0,0,0,1,0,0,0,0,0,0,0,0,0,0,0,0,1,1,0,0,0,0,1,0,0,0,104,0,0,0,0,0,0,0,0,0,1012832.7341610938,186953.0687289983,10
0,0,0,0,0,1,0,0,0,0,0,0,0,0,0,0,0,1,0,0,0,0,0,0,0,0,0,105,1,0,0,0,0,0,1,0,0,1015937.8194863349,179991.7637540102,10
0,0,0,0,1,0,0,0,0,0,0,0,0,0,0,0,0,1,0,0,0,0,0,0,0,0,0,106,1,0,0,0,0,1,0,0,0,1016626.6993421763,180384.1120506674,10
0,0,0,0,0,1,0,0,0,0,0,0,0,0,0,0,0,1,0,0,0,0,0,0,0,0,0,107,1,0,0,0,0,0,1,0,0,1019897.7525113374,186134.3233192563,10
0,0,1,0,0,0,0,0,0,0,0,0,0,0,0,0,0,1,0,0,0,0,0,0,0,0,0,108,1,0,0,1,0,0,0,0,0,1013821.9677469283,194648.03627866507,10
0,0,0,0,0,0,1,0,0,0,0,0,0,0,0,0,0,1,0,0,0,0,0,0,0,0,0,109,1,0,0,0,0,0,0,1,0,1017776.1425813437,198395.48613284528,10
0,0,0,0,1,0,0,0,0,0,0,0,0,0,0,0,0,1,1,0,0,0,0,1,0,0,0,110,0,0,0,0,0,0,0,0,0,1020039.0642365962,180180.43463650346,10
0,0,0,0,0,1,0,0,1,0,0,0,0,0,1,0,0,1,0,0,0,0,0,0,0,0,0,111,0,0,0,0,0,0,0,0,0,1020780.9984482527,182918.29628676176,10
0,0,0,1,0,0,0,0,0,0,0,0,0,0,0,0,0,1,0,0,0,0,0,0,0,0,0,112,1,0,0,0,1,0,0,0,0,1020115.2487955093,186382.7513000816,10
0,0,0,0,0,1,0,0,0,0,0,0,0,0,0,0,0,1,1,0,0,0,0,0,1,0,0,113,0,0,0,0,0,0,0,0,0,1025072.1381599307,184240.1309134215,10
0,0,0,0,0,1,0,0,0,0,0,0,0,0,0,0,0,1,0,0,0,0,0,0,0,0,0,114,1,0,0,0,0,0,1,0,0,1025829.1543624252,190639.52428258955,10
1,0,0,0,0,0,0,0,1,1,0,0,0,0,0,0,0,1,0,0,0,0,0,0,0,0,0,115,0,0,0,0,0,0,0,0,0,1034290.2558785081,162487.38997016847,10
0,0,0,0,0,0,1,0,0,0,0,0,0,0,0,0,0,1,1,0,0,0,0,0,0,1,0,116,0,0,0,0,0,0,0,0,0,1032981.8303457499,181510.45494234562,10
0,0,0,0,1,0,0,0,0,0,0,0,0,0,0,0,0,1,0,0,0,0,0,0,0,0,0,117,1,0,0,0,0,1,0,0,0,1032881.4959007502,185985.681884259,10
0,0,0,0,1,0,0,0,0,0,0,0,0,0,0,0,0,1,0,0,0,0,0,0,0,0,0,118,1,0,0,0,0,1,0,0,0,1037558.9468476772,194575.7660820037,10
0,1,0,0,0,0,0,0,0,0,0,0,0,0,0,0,0,1,1,0,1,0,0,0,0,0,0,119,0,0,0,0,0,0,0,0,0,1039834.0407226682,194063.07058508694,10
0,0,0,0,1,0,0,0,0,0,0,0,0,0,0,0,0,1,0,0,0,0,0,0,0,0,0,120,1,0,0,0,0,1,0,0,0,1041725.8512435108,187212.51670092344,10
0,0,0,0,0,0,1,0,0,0,0,0,0,0,0,0,0,1,0,0,0,0,0,0,0,0,0,121,1,0,0,0,0,0,0,1,0,1049701.7601604164,184500.37645591795,10
0,0,1,0,0,0,0,0,0,0,0,0,0,0,0,0,0,1,0,0,0,0,0,0,0,0,0,122,1,0,0,1,0,0,0,0,0,1042153.314299345,197859.53576117754,10
1,0,0,0,0,0,0,0,0,0,0,0,0,0,0,0,0,1,0,0,0,0,0,0,0,0,0,123,1,1,0,0,0,0,0,0,0,1051494.8635295928,159499.33820350468,10
0,0,0,0,0,0,0,1,0,0,0,0,0,0,0,0,0,1,0,0,0,0,0,0,0,0,0,124,1,0,0,0,0,0,0,0,1,1056226.9698790014,159577.79933267832,10
0,0,0,0,0,1,0,0,0,0,0,0,0,0,0,0,0,1,0,0,0,0,0,0,0,0,0,125,1,0,0,0,0,0,1,0,0,1056254.5715298355,171381.75505542755,10
0,0,0,0,0,1,0,0,0,0,0,0,0,0,0,0,0,1,1,0,0,0,0,0,1,0,0,126,0,0,0,0,0,0,0,0,0,1054890.463365674,182168.02547758818,10
0,0,0,0,1,0,0,0,0,0,0,0,0,0,0,0,0,1,0,0,0,0,0,0,0,0,0,127,1,0,0,0,0,1,0,0,0,1056587.6712573469,181754.99513566494,10
0,0,0,1,0,0,0,0,0,0,0,0,0,0,0,0,0,1,1,0,0,0,1,0,0,0,0,128,0,0,0,0,0,0,0,0,0,1057421.5573848337,180070.30362316966,10
0,0,1,0,0,0,0,0,0,0,0,0,0,0,0,0,0,1,0,0,0,0,0,0,0,0,0,129,1,0,0,1,0,0,0,0,0,1002350.5113591701,200581.77769200504,10
0,0,0,0,0,1,0,0,0,0,0,0,0,0,0,0,0,1,0,0,0,0,0,0,0,0,0,130,1,0,0,0,0,0,1,0,0,1000975.8254602551,212666.82865308225,10
0,0,0,0,0,0,0,1,0,0,0,0,0,0,0,0,0,1,1,0,0,0,0,0,0,0,1,131,0,0,0,0,0,0,0,0,0,1002427.0955235958,211083.95452225208,10
0,0,1,0,0,0,0,0,0,0,0,0,0,0,0,0,0,1,0,0,0,0,0,0,0,0,0,132,1,0,0,1,0,0,0,0,0,1004077.3809369206,217417.770266667,10
0,0,0,0,0,0,0,1,0,0,0,0,0,0,0,0,0,1,0,0,0,0,0,0,0,0,0,133,1,0,0,0,0,0,0,0,1,1002133.5409925878,229289.82066950202,10
0,0,1,0,0,0,0,0,0,0,0,0,0,0,0,0,0,1,0,0,0,0,0,0,0,0,0,134,1,0,0,1,0,0,0,0,0,1000681.6954710931,232834.20892192423,10
0,0,0,0,0,0,1,0,0,0,0,0,0,0,0,0,0,1,0,0,0,0,0,0,0,0,0,135,1,0,0,0,0,0,0,1,0,1005597.1548002511,234065.54832275212,10
0,1,0,0,0,0,0,0,0,0,0,0,0,0,0,0,0,1,1,0,1,0,0,0,0,0,0,136,0,0,0,0,0,0,0,0,0,1003712.9426894188,250751.38371741772,10
0,0,0,0,0,0,0,1,0,0,0,0,0,0,0,0,0,1,0,0,0,0,0,0,0,0,0,137,1,0,0,0,0,0,0,0,1,1013258.7270755023,203766.29232034087,10
0,0,1,0,0,0,0,0,0,0,0,0,0,0,0,0,0,1,0,0,0,0,0,0,0,0,0,138,1,0,0,1,0,0,0,0,0,1018609.6940638423,207311.75078058243,10
0,0,0,1,0,0,0,0,0,0,0,0,0,0,0,0,0,1,0,0,0,0,0,0,0,0,0,139,1,0,0,0,1,0,0,0,0,1011396.9397885948,212971.0140683353,10
0,1,0,0,0,0,0,0,0,0,0,0,0,0,0,0,0,1,0,0,0,0,0,0,0,0,0,140,1,0,1,0,0,0,0,0,0,1014590.5059080124,211426.69989976287,10
0,0,0,0,0,1,0,0,0,0,0,0,0,0,0,0,0,1,1,0,0,0,0,0,1,0,0,141,0,0,0,0,0,0,0,0,0,1016079.6794388443,215941.94644667208,10
0,0,0,0,1,0,0,0,0,0,0,0,0,0,0,0,0,1,0,0,0,0,0,0,0,0,0,142,1,0,0,0,0,1,0,0,0,1017296.4388163388,214748.26773166656,10
0,0,0,0,0,0,1,0,0,0,0,0,0,0,0,0,0,1,0,0,0,0,0,0,0,0,0,143,1,0,0,0,0,0,0,1,0,1018509.2874405086,217348.1673875004,10
0,0,0,2,0,0,0,0,0,0,0,0,0,0,0,0,0,2,2,0,0,0,2,0,0,0,0,144,0,0,0,0,0,0,0,0,0,1015674.880051583,239971.63821658492,10
0,0,0,1,0,0,0,0,0,0,0,0,0,0,0,0,0,1,0,0,0,0,0,0,0,0,0,145,1,0,0,0,1,0,0,0,0,1013548.0703288466,243478.00620384514,10
0,0,1,0,0,0,0,0,0,0,0,0,0,0,0,0,0,1,1,0,0,1,0,0,0,0,0,146,0,0,0,0,0,0,0,0,0,1015942.7440171689,246704.9715346694,10
0,0,0,0,0,1,0,0,0,0,0,0,0,0,0,0,0,1,0,0,0,0,0,0,0,0,0,147,1,0,0,0,0,0,1,0,0,1013073.3996902555,254151.80965933204,10
0,0,0,1,0,0,0,0,0,0,0,0,0,0,0,0,0,1,0,0,0,0,0,0,0,0,0,148,1,0,0,0,1,0,0,0,0,1014219.0863752514,257891.923570171,10
0,0,0,1,0,0,0,0,0,0,0,0,0,0,0,0,0,1,0,0,0,0,0,0,0,0,0,149,1,0,0,0,1,0,0,0,0,1020223.7525155097,203872.82754033804,10
0,0,1,0,0,0,0,0,0,0,0,0,0,0,0,0,0,1,0,0,0,0,0,0,0,0,0,150,1,0,0,1,0,0,0,0,0,1022410.804899931,205307.6832664162,10
0,0,0,0,0,0,1,0,0,0,0,0,0,0,0,0,0,1,0,0,0,0,0,0,0,0,0,151,1,0,0,0,0,0,0,1,0,1025251.1601115912,208068.69152392447,10
0,0,0,0,0,0,1,0,0,0,0,0,0,0,0,0,0,1,0,0,0,0,0,0,0,0,0,152,1,0,0,0,0,0,0,1,0,1023355.3899530023,210511.37036558986,10
0,0,0,0,0,1,0,0,0,0,0,0,0,0,0,0,0,1,0,0,0,0,0,0,0,0,0,153,1,0,0,0,0,0,1,0,0,1024070.1486940831,211071.74326059222,10
0,0,0,0,0,0,0,1,0,0,0,0,0,0,0,0,0,1,0,0,0,0,0,0,0,0,0,154,1,0,0,0,0,0,0,0,1,1026740.5862665921,240200.3290321678,10
1,0,0,0,0,0,0,0,0,0,0,0,0,0,0,0,0,1,0,0,0,0,0,0,0,0,0,155,1,1,0,0,0,0,0,0,0,1020412.6300905049,251419.42371992767,10
0,0,1,0,0,0,0,0,0,0,0,0,0,0,0,0,0,1,0,0,0,0,0,0,0,0,0,156,1,0,0,1,0,0,0,0,0,1021714.4844421744,260116.40402933955,10
0,0,0,0,1,0,0,0,0,0,0,0,0,0,0,0,0,1,0,0,0,0,0,0,0,0,0,157,1,0,0,0,0,1,0,0,0,1032612.5000476688,205081.2831286788,10
0,0,0,0,0,0,1,0,0,0,0,0,0,0,0,0,0,1,0,0,0,0,0,0,0,0,0,158,1,0,0,0,0,0,0,1,0,1031141.1745782644,214660.075650841,10
0,0,0,0,0,1,0,0,0,0,0,0,0,0,0,0,0,1,0,0,0,0,0,0,0,0,0,159,1,0,0,0,0,0,1,0,0,1032590.2989765853,210078.58251725137,10
1,0,0,0,0,0,0,0,0,0,0,0,0,0,0,0,0,1,0,0,0,0,0,0,0,0,0,160,1,1,0,0,0,0,0,0,0,1036163.2409776747,217369.4337491691,10
0,0,1,0,0,0,0,0,0,0,0,0,0,0,0,0,0,1,0,0,0,0,0,0,0,0,0,161,1,0,0,1,0,0,0,0,0,1038404.8703526706,214913.50362166762,10
0,0,0,0,1,0,0,0,0,0,0,0,0,0,0,0,0,1,0,0,0,0,0,0,0,0,0,162,1,0,0,0,0,1,0,0,0,1032288.9934768379,220089.80888584256,10
0,0,0,0,0,1,0,0,0,0,0,0,0,0,0,0,0,1,1,0,0,0,0,0,1,0,0,163,0,0,0,0,0,0,0,0,0,1030178.7060307562,241794.24316717684,10
0,0,0,0,0,0,1,0,0,0,0,0,0,0,0,0,0,1,1,0,0,0,0,0,0,1,0,164,0,0,0,0,0,0,0,0,0,1030237.866017431,244132.4799605012,10
0,0,0,0,0,1,0,0,0,0,0,0,0,0,0,0,0,1,0,0,0,0,0,0,0,0,0,165,1,0,0,0,0,0,1,0,0,1032326.5757507533,246450.372306332,10
0,0,0,0,0,0,0,1,0,0,0,0,0,0,0,0,0,1,1,0,0,0,0,0,0,0,1,166,0,0,0,0,0,0,0,0,0,1043334.4828687608,219348.35367584229,10
1,0,0,0,0,0,0,0,0,0,0,0,0,0,0,0,0,1,1,1,0,0,0,0,0,0,0,167,0,0,0,0,0,0,0,0,0,1041484.4639310092,222433.1375325024,10
0,0,0,1,0,0,0,0,0,0,0,0,0,0,0,0,0,1,0,0,0,0,0,0,0,0,0,168,1,0,0,0,1,0,0,0,0,1059820.164792344,214821.3551839292,10
0,0,1,0,0,0,0,0,0,0,0,0,0,0,0,0,0,1,0,0,0,0,0,0,0,0,0,169,1,0,0,1,0,0,0,0,0,1064298.1640384197,210781.60604558885,10
0,1,0,0,0,0,0,0,0,0,0,0,0,0,0,0,0,1,1,0,1,0,0,0,0,0,0,170,0,0,0,0,0,0,0,0,0,1035515.5027718395,187893.20759674907,10
0,0,0,1,0,0,0,0,0,0,0,0,0,0,0,0,0,1,0,0,0,0,0,0,0,0,0,171,1,0,0,0,1,0,0,0,0,993971.3811358362,233817.2512471676,10
0,0,0,1,0,0,0,0,0,0,0,0,0,0,0,0,0,1,1,0,0,0,1,0,0,0,0,172,0,0,0,0,0,0,0,0,0,952802.2521881759,143350.69300742447,10
0,0,1,0,0,0,0,0,1,0,0,1,0,0,0,0,0,1,0,0,0,0,0,0,0,0,0,173,0,0,0,0,0,0,0,0,0,992885.0010907501,220960.52958533168,10
0,1,0,0,0,0,0,0,1,0,1,0,0,0,0,0,0,1,0,0,0,0,0,0,0,0,0,174,0,0,0,0,0,0,0,0,0,1003297.3693735898,231385.27153109014,10
0,0,0,0,0,0,1,0,0,0,0,0,0,0,0,0,0,1,0,0,0,0,0,0,0,0,0,175,1,0,0,0,0,0,0,1,0,1066727.9360817522,213414.32715809345,10
0,0,1,0,0,0,0,0,0,0,0,0,0,0,0,0,0,1,1,0,0,1,0,0,0,0,0,176,0,0,0,0,0,0,0,0,0,1004893.4980710894,173775.75912567973,10
0,0,0,1,0,0,0,0,1,0,0,0,1,0,0,0,0,1,0,0,0,0,0,0,0,0,0,177,0,0,0,0,0,0,0,0,0,1034976.7905946672,153018.46238575876,10
0,0,0,0,1,0,0,0,0,0,0,0,0,0,0,0,0,1,0,0,0,0,0,0,0,0,0,178,1,0,0,0,0,1,0,0,0,1017973.4518980086,262502.52458517253,10
0,0,0,0,0,2,0,0,0,0,0,0,0,0,0,0,0,2,2,0,0,0,0,0,2,0,0,179,0,0,0,0,0,0,0,0,0,1038370.2414849252,182024.92930708826,10
0,0,0,0,0,1,0,0,0,0,0,0,0,0,0,0,0,1,0,0,0,0,0,0,0,0,0,180,1,0,0,0,0,0,1,0,0,1011718.3531877548,234882.09491801262,10
0,1,0,0,0,0,0,0,0,0,0,0,0,0,0,0,0,1,1,0,1,0,0,0,0,0,0,181,0,0,0,0,0,0,0,0,0,1017363.0200480074,207353.5321930945,10
0,0,0,0,0,1,0,0,0,0,0,0,0,0,0,0,0,1,1,0,0,0,0,0,1,0,0,182,0,0,0,0,0,0,0,0,0,1005270.5773694217,175565.56558541954,10
0,0,1,0,0,0,0,0,0,0,0,0,0,0,0,0,0,1,0,0,0,0,0,0,0,0,0,183,1,0,0,1,0,0,0,0,0,1016603.7695980072,240926.67272384465,10
0,0,0,0,1,0,0,0,0,0,0,0,0,0,0,0,0,1,1,0,0,0,0,1,0,0,0,184,0,0,0,0,0,0,0,0,0,1051552.9496995062,176393.8874195963,10
1,0,0,0,0,0,0,0,0,0,0,0,0,0,0,0,0,1,1,1,0,0,0,0,0,0,0,1,0,0,0,0,0,0,0,0,0,1013726.6759427637,198851.8598920107,11
0,0,1,0,0,0,0,0,0,0,0,0,0,0,0,0,0,1,1,0,0,1,0,0,0,0,0,2,0,0,0,0,0,0,0,0,0,931425.3795876801,129720.8357527554,11
0,0,0,1,0,0,0,0,0,0,0,0,0,0,0,0,0,1,1,0,0,0,1,0,0,0,0,3,0,0,0,0,0,0,0,0,0,933882.7762476802,139524.74954384565,11
0,0,0,0,0,0,1,0,1,0,0,0,0,0,0,1,0,1,0,0,0,0,0,0,0,0,0,4,0,0,0,0,0,0,0,0,0,937821.5905485004,158672.9783076793,11
1,0,0,0,0,0,0,0,0,0,0,0,0,0,0,0,0,1,0,0,0,0,0,0,0,0,0,5,1,1,0,0,0,0,0,0,0,941074.8973620832,161062.199251011,11
0,0,0,0,0,0,1,0,0,0,0,0,0,0,0,0,0,1,0,0,0,0,0,0,0,0,0,6,1,0,0,0,0,0,0,1,0,943610.2302179188,160637.6626985073,11
0,0,0,0,1,0,0,0,0,0,0,0,0,0,0,0,0,1,0,0,0,0,0,0,0,0,0,7,1,0,0,0,0,1,0,0,0,952642.9283598363,145687.19095909595,11
0,0,0,0,0,0,0,1,0,0,0,0,0,0,0,0,0,1,0,0,0,0,0,0,0,0,0,8,1,0,0,0,0,0,0,0,1,959708.1402792633,154515.5719243437,11
0,0,0,0,1,0,0,0,0,0,0,0,0,0,0,0,0,1,1,0,0,0,0,1,0,0,0,9,0,0,0,0,0,0,0,0,0,950591.4298381805,168032.43104542792,11
0,0,0,1,0,0,0,0,0,0,0,0,0,0,0,0,0,1,0,0,0,0,0,0,0,0,0,10,1,0,0,0,1,0,0,0,0,974718.6840770096,162261.996720165,11
0,0,0,0,0,0,1,0,1,0,0,0,0,0,0,1,0,1,0,0,0,0,0,0,0,0,0,11,0,0,0,0,0,0,0,0,0,979237.2203155011,174022.5073198378,11
0,0,0,0,1,0,0,0,0,0,0,0,0,0,0,0,0,1,1,0,0,0,0,1,0,0,0,12,0,0,0,0,0,0,0,0,0,987970.3829672635,148725.7872440964,11
0,0,1,0,0,0,0,0,0,0,0,0,0,0,0,0,0,1,0,0,0,0,0,0,0,0,0,13,1,0,0,1,0,0,0,0,0,983607.1403814256,158552.29285350442,11
0,0,0,0,0,1,0,0,0,0,0,0,0,0,0,0,0,1,0,0,0,0,0,0,0,0,0,14,1,0,0,0,0,0,1,0,0,985968.5890705884,158583.25407767296,11
0,0,0,0,0,0,0,1,0,0,0,0,0,0,0,0,0,1,1,0,0,0,0,0,0,0,1,15,0,0,0,0,0,0,0,0,0,986497.692343086,157145.38293766975,11
0,0,0,0,0,0,1,0,0,0,0,0,0,0,0,0,0,1,0,0,0,0,0,0,0,0,0,16,1,0,0,0,0,0,0,1,0,984123.0350189209,160034.66521683335,11
0,0,0,0,1,0,0,0,0,0,0,0,0,0,0,0,0,1,0,0,0,0,0,0,0,0,0,17,1,0,0,0,0,1,0,0,0,985789.9542572498,169817.09939208627,11
1,0,0,0,0,0,0,0,0,0,0,0,0,0,0,0,0,1,1,1,0,0,0,0,0,0,0,18,0,0,0,0,0,0,0,0,0,984478.7757772505,173183.55886650085,11
0,0,0,0,0,0,0,1,0,0,0,0,0,0,0,0,0,1,0,0,0,0,0,0,0,0,0,19,1,0,0,0,0,0,0,0,1,985711.7785605937,171203.91387566924,11
0,0,0,1,0,0,0,0,0,0,0,0,0,0,0,0,0,1,0,0,0,0,0,0,0,0,0,20,1,0,0,0,1,0,0,0,0,986887.4290964305,173598.6699129194,11
0,1,0,0,0,0,0,0,1,0,1,0,0,0,0,0,0,1,0,0,0,0,0,0,0,0,0,21,0,0,0,0,0,0,0,0,0,984406.2267097533,180548.68521234393,11
0,0,0,1,0,0,0,0,0,0,0,0,0,0,0,0,0,1,0,0,0,0,0,0,0,0,0,22,1,0,0,0,1,0,0,0,0,989602.3022755831,188958.89444175363,11
0,0,0,0,0,0,0,1,0,0,0,0,0,0,0,0,0,1,0,0,0,0,0,0,0,0,0,23,1,0,0,0,0,0,0,0,1,990251.625123918,158292.90360850096,11
0,0,0,0,1,0,0,0,0,0,0,0,0,0,0,0,0,1,1,0,0,0,0,1,0,0,0,24,0,0,0,0,0,0,0,0,0,993651.8479822576,153017.51094408333,11
0,1,0,0,0,0,0,0,1,0,1,0,0,0,0,0,0,1,0,0,0,0,0,0,0,0,0,25,0,0,0,0,0,0,0,0,0,992952.0459041744,163201.1250912547,11
0,1,0,0,0,0,0,0,0,0,0,0,0,0,0,0,0,1,1,0,1,0,0,0,0,0,0,26,0,0,0,0,0,0,0,0,0,992062.6644808352,169347.82539625466,11
0,0,1,0,0,0,0,0,0,0,0,0,0,0,0,0,0,1,0,0,0,0,0,0,0,0,0,27,1,0,0,1,0,0,0,0,0,994575.2742850035,164311.08678208292,11
0,0,0,1,0,0,0,0,0,0,0,0,0,0,0,0,0,1,0,0,0,0,0,0,0,0,0,28,1,0,0,0,1,0,0,0,0,996354.7786000073,167249.69310958683,11
0,0,0,0,0,1,0,0,0,0,0,0,0,0,0,0,0,1,1,0,0,0,0,0,1,0,0,29,0,0,0,0,0,0,0,0,0,995345.965000838,174216.29334959388,11
0,0,1,0,0,0,0,0,1,0,0,1,0,0,0,0,0,1,0,0,0,0,0,0,0,0,0,30,0,0,0,0,0,0,0,0,0,997667.512195006,173566.35337650776,11
0,0,0,0,0,0,0,1,0,0,0,0,0,0,0,0,0,1,0,0,0,0,0,0,0,0,0,31,1,0,0,0,0,0,0,0,1,994009.3370966762,190054.00051926076,11
0,0,0,0,1,0,0,0,0,0,0,0,0,0,0,0,0,1,1,0,0,0,0,1,0,0,0,32,0,0,0,0,0,0,0,0,0,995668.2314166725,199709.01697033644,11
0,1,0,0,0,0,0,0,0,0,0,0,0,0,0,0,0,1,1,0,1,0,0,0,0,0,0,33,0,0,0,0,0,0,0,0,0,999910.2898616791,192864.30985926092,11
0,1,0,0,0,0,0,0,0,0,0,0,0,0,0,0,0,1,1,0,1,0,0,0,0,0,0,34,0,0,0,0,0,0,0,0,0,999332.5187075138,198493.07780116796,11
0,0,0,1,0,0,0,0,1,0,0,0,1,0,0,0,0,1,0,0,0,0,0,0,0,0,0,35,0,0,0,0,0,0,0,0,0,999666.9274875075,199604.53227117658,11
0,0,0,0,0,0,1,0,0,0,0,0,0,0,0,0,0,1,0,0,0,0,0,0,0,0,0,36,1,0,0,0,0,0,0,1,0,985086.1400480866,200331.5714995116,11
0,0,0,0,0,0,0,1,1,0,0,0,0,0,0,0,1,1,0,0,0,0,0,0,0,0,0,37,0,0,0,0,0,0,0,0,0,989131.643768087,205749.90351058543,11
0,0,0,0,0,1,0,0,0,0,0,0,0,0,0,0,0,1,0,0,0,0,0,0,0,0,0,38,1,0,0,0,0,0,1,0,0,985592.8165281713,210612.76648825407,11
0,0,0,0,0,0,1,0,0,0,0,0,0,0,0,0,0,1,1,0,0,0,0,0,0,1,0,39,0,0,0,0,0,0,0,0,0,987638.8724754304,212444.53086933494,11
1,0,0,0,0,0,0,0,0,0,0,0,0,0,0,0,0,1,0,0,0,0,0,0,0,0,0,40,1,1,0,0,0,0,0,0,0,988001.6722747535,214966.87293750048,11
0,0,0,0,0,0,1,0,0,0,0,0,0,0,0,0,0,1,0,0,0,0,0,0,0,0,0,41,1,0,0,0,0,0,0,1,0,989210.216445595,219405.47626499832,11
0,0,1,0,0,0,0,0,0,0,0,0,0,0,0,0,0,1,1,0,0,1,0,0,0,0,0,42,0,0,0,0,0,0,0,0,0,995905.9802850038,205970.0507080853,11
0,0,0,1,0,0,0,0,1,0,0,0,1,0,0,0,0,1,0,0,0,0,0,0,0,0,0,43,0,0,0,0,0,0,0,0,0,991060.2094647586,211751.08245308697,11
0,0,0,0,0,0,1,0,1,0,0,0,0,0,0,1,0,1,0,0,0,0,0,0,0,0,0,44,0,0,0,0,0,0,0,0,0,991852.9732991755,217950.80725833774,11
0,0,0,0,0,0,1,0,0,0,0,0,0,0,0,0,0,1,1,0,0,0,0,0,0,1,0,45,0,0,0,0,0,0,0,0,0,996048.5259316713,219855.2227408439,11
0,0,0,0,1,0,0,0,0,0,0,0,0,0,0,0,0,1,1,0,0,0,0,1,0,0,0,46,0,0,0,0,0,0,0,0,0,998206.9796200097,211993.9756680876,11
0,0,1,0,0,0,0,0,0,0,0,0,0,0,0,0,0,1,0,0,0,0,0,0,0,0,0,47,1,0,0,1,0,0,0,0,0,995723.7815024257,224942.32772408426,11
0,0,0,1,0,0,0,0,0,0,0,0,0,0,0,0,0,1,0,0,0,0,0,0,0,0,0,48,1,0,0,0,1,0,0,0,0,996632.8751566708,226582.64727808535,11
0,0,1,0,0,0,0,0,1,0,0,1,0,0,0,0,0,1,0,0,0,0,0,0,0,0,0,49,0,0,0,0,0,0,0,0,0,999041.2036733329,225256.69815833867,11
0,0,0,1,0,0,0,0,0,0,0,0,0,0,0,0,0,1,1,0,0,0,1,0,0,0,0,50,0,0,0,0,0,0,0,0,0,995806.9548925012,232458.75002717972,11
0,1,0,0,0,0,0,0,0,0,0,0,0,0,0,0,0,1,0,0,0,0,0,0,0,0,0,51,1,0,1,0,0,0,0,0,0,999205.294552505,233329.28011025488,11
0,0,0,0,1,0,0,0,0,0,0,0,0,0,0,0,0,1,0,0,0,0,0,0,0,0,0,52,1,0,0,0,0,1,0,0,0,999342.3710500002,233575.10310941935,11
0,0,0,0,0,1,0,0,0,0,0,0,0,0,0,0,0,1,1,0,0,0,0,0,1,0,0,53,0,0,0,0,0,0,0,0,0,997963.2268266678,240371.34246967733,11
0,0,0,0,0,1,0,0,1,0,0,0,0,0,1,0,0,1,0,0,0,0,0,0,0,0,0,54,0,0,0,0,0,0,0,0,0,998539.0022499263,243193.3916155845,11
0,0,0,0,0,0,0,1,0,0,0,0,0,0,0,0,0,1,0,0,0,0,0,0,0,0,0,55,1,0,0,0,0,0,0,0,1,1002189.018900007,165608.58090625703,11
0,0,1,0,0,0,0,0,0,0,0,0,0,0,0,0,0,1,1,0,0,1,0,0,0,0,0,56,0,0,0,0,0,0,0,0,0,1007741.45169276,163151.2597054243,11
1,0,0,0,0,0,0,0,0,0,0,0,0,0,0,0,0,1,1,1,0,0,0,0,0,0,0,57,0,0,0,0,0,0,0,0,0,1000337.6574452519,173785.81487983465,11
1,0,0,0,0,0,0,0,0,0,0,0,0,0,0,0,0,1,0,0,0,0,0,0,0,0,0,58,1,1,0,0,0,0,0,0,0,1002390.7409375012,171395.1736637503,11
0,0,0,1,0,0,0,0,0,0,0,0,0,0,0,0,0,1,1,0,0,0,1,0,0,0,0,59,0,0,0,0,0,0,0,0,0,1003371.2504594177,179118.86195650697,11
0,0,0,0,0,1,0,0,0,0,0,0,0,0,0,0,0,1,1,0,0,0,0,0,1,0,0,60,0,0,0,0,0,0,0,0,0,1004850.6963194311,179842.0232398361,11
0,0,0,0,0,0,0,1,0,0,0,0,0,0,0,0,0,1,0,0,0,0,0,0,0,0,0,61,1,0,0,0,0,0,0,0,1,1005398.3953552544,170809.8303462565,11
1,0,0,0,0,0,0,0,0,0,0,0,0,0,0,0,0,1,0,0,0,0,0,0,0,0,0,62,1,1,0,0,0,0,0,0,0,1007908.0163202584,170471.76999875903,11
0,0,0,0,0,1,0,0,0,0,0,0,0,0,0,0,0,1,1,0,0,0,0,0,1,0,0,63,0,0,0,0,0,0,0,0,0,1009934.6362827569,172195.23111875355,11
0,0,0,0,1,0,0,0,0,0,0,0,0,0,0,0,0,1,0,0,0,0,0,0,0,0,0,64,1,0,0,0,0,1,0,0,0,1002314.241746679,186877.21881508827,11
0,1,0,0,0,0,0,0,0,0,0,0,0,0,0,0,0,1,1,0,1,0,0,0,0,0,0,65,0,0,0,0,0,0,0,0,0,1008081.8283085972,184242.55873009562,11
0,0,0,0,0,0,0,1,0,0,0,0,0,0,0,0,0,1,0,0,0,0,0,0,0,0,0,66,1,0,0,0,0,0,0,0,1,1009259.2012819201,180623.5800756663,11
0,0,0,0,1,0,0,0,0,0,0,0,0,0,0,0,0,1,1,0,0,0,0,1,0,0,0,67,0,0,0,0,0,0,0,0,0,1009690.0337535888,186699.95867092907,11
0,0,0,0,0,0,1,0,0,0,0,0,0,0,0,0,0,1,0,0,0,0,0,0,0,0,0,68,1,0,0,0,0,0,0,1,0,1002554.8055700064,193679.9575061649,11
1,0,0,0,0,0,0,0,1,1,0,0,0,0,0,0,0,1,0,0,0,0,0,0,0,0,0,69,0,0,0,0,0,0,0,0,0,1002552.3777533472,199991.6870086789,11
0,0,0,1,0,0,0,0,0,0,0,0,0,0,0,0,0,1,0,0,0,0,0,0,0,0,0,70,1,0,0,0,1,0,0,0,0,1006202.3012277633,195294.01267699897,11
0,0,0,0,0,0,0,1,1,0,0,0,0,0,0,0,1,1,0,0,0,0,0,0,0,0,0,71,0,0,0,0,0,0,0,0,0,1011654.2650613338,170572.99354958534,11
0,0,1,0,0,0,0,0,0,0,0,0,0,0,0,0,0,1,1,0,0,1,0,0,0,0,0,72,0,0,0,0,0,0,0,0,0,1011397.8124902546,173838.68911792338,11
0,0,0,1,0,0,0,0,0,0,0,0,0,0,0,0,0,1,1,0,0,0,1,0,0,0,0,73,0,0,0,0,0,0,0,0,0,1012832.3106055111,172598.90091508627,11
0,0,0,1,0,0,0,0,0,0,0,0,0,0,0,0,0,1,0,0,0,0,0,0,0,0,0,74,1,0,0,0,1,0,0,0,0,1013624.0642713457,178830.63418650627,11
0,0,0,0,0,1,0,0,0,0,0,0,0,0,0,0,0,1,0,0,0,0,0,0,0,0,0,75,1,0,0,0,0,0,1,0,0,1014865.7054888457,170206.95753625035,11
0,1,0,0,0,0,0,0,0,0,0,0,0,0,0,0,0,1,0,0,0,0,0,0,0,0,0,76,1,0,1,0,0,0,0,0,0,1014592.2447496802,171023.5503912568,11
0,0,0,0,2,0,0,0,0,0,0,0,0,0,0,0,0,2,2,0,0,0,0,2,0,0,0,77,0,0,0,0,0,0,0,0,0,1015801.9995480031,177118.17370067537,11
0,1,0,0,0,0,0,0,0,0,0,0,0,0,0,0,0,1,1,0,1,0,0,0,0,0,0,78,0,0,0,0,0,0,0,0,0,1016177.0611338466,174944.8184673339,11
0,0,0,0,0,0,1,0,0,0,0,0,0,0,0,0,0,1,0,0,0,0,0,0,0,0,0,79,1,0,0,0,0,0,0,1,0,1013425.3379627615,182603.66469816864,11
0,0,1,0,0,0,0,0,0,0,0,0,0,0,0,0,0,1,0,0,0,0,0,0,0,0,0,80,1,0,0,1,0,0,0,0,0,1017980.7583138347,186947.0972842574,11
0,1,0,0,0,0,0,0,0,0,0,0,0,0,0,0,0,1,1,0,1,0,0,0,0,0,0,81,0,0,0,0,0,0,0,0,0,1019812.1785355061,180049.28660483658,11
0,0,0,1,0,0,0,0,0,0,0,0,0,0,0,0,0,1,0,0,0,0,0,0,0,0,0,82,1,0,0,0,1,0,0,0,0,1012887.071322754,194546.89146783948,11
0,0,0,0,0,0,1,0,0,0,0,0,0,0,0,0,0,1,0,0,0,0,0,0,0,0,0,83,1,0,0,0,0,0,0,1,0,1016724.8389096707,195857.71889866889,11
0,1,0,0,0,0,0,0,1,0,1,0,0,0,0,0,0,1,0,0,0,0,0,0,0,0,0,84,0,0,0,0,0,0,0,0,0,1020223.0930680037,188571.88734175265,11
0,0,0,0,0,0,1,0,0,0,0,0,0,0,0,0,0,1,0,0,0,0,0,0,0,0,0,85,1,0,0,0,0,0,0,1,0,1021107.116890505,181186.9024398327,11
1,0,0,0,0,0,0,0,0,0,0,0,0,0,0,0,0,1,1,1,0,0,0,0,0,0,0,86,0,0,0,0,0,0,0,0,0,1022594.964636594,184947.65574508905,11
0,0,0,1,0,0,0,0,0,0,0,0,0,0,0,0,0,1,1,0,0,0,1,0,0,0,0,87,0,0,0,0,0,0,0,0,0,1026444.9306899309,187597.08942258358,11
1,0,0,0,0,0,0,0,0,0,0,0,0,0,0,0,0,1,1,1,0,0,0,0,0,0,0,88,0,0,0,0,0,0,0,0,0,1031411.3085524291,151574.33797742426,11
0,1,0,0,0,0,0,0,0,0,0,0,0,0,0,0,0,1,1,0,1,0,0,0,0,0,0,89,0,0,0,0,0,0,0,0,0,1030869.2984815836,187763.76559841633,11
0,0,0,0,0,3,0,0,0,0,0,0,0,0,0,0,0,3,3,0,0,0,0,0,3,0,0,90,0,0,0,0,0,0,0,0,0,1034317.7955215871,181783.83005174994,11
0,0,0,1,0,0,0,0,0,0,0,0,0,0,0,0,0,1,1,0,0,0,1,0,0,0,0,91,0,0,0,0,0,0,0,0,0,1034290.5675576776,186708.36416591704,11
0,1,0,0,0,0,0,0,0,0,0,0,0,0,0,0,0,1,1,0,1,0,0,0,0,0,0,92,0,0,0,0,0,0,0,0,0,1035564.4823326766,189512.1872984171,11
0,0,0,0,0,1,0,0,0,0,0,0,0,0,0,0,0,1,0,0,0,0,0,0,0,0,0,93,1,0,0,0,0,0,1,0,0,1037751.3349143416,182585.21329151094,11
0,0,0,0,0,1,0,0,0,0,0,0,0,0,0,0,0,1,1,0,0,0,0,0,1,0,0,94,0,0,0,0,0,0,0,0,0,1035029.2274976671,195248.96355450153,11
0,0,0,0,1,0,0,0,0,0,0,0,0,0,0,0,0,1,0,0,0,0,0,0,0,0,0,95,1,0,0,0,0,1,0,0,0,1037580.8693760037,192020.31548425555,11
0,0,2,0,0,0,0,0,0,0,0,0,0,0,0,0,0,2,0,0,0,0,0,0,0,0,0,96,2,0,0,2,0,0,0,0,0,1040896.8384658396,196247.10263434052,11
0,0,0,0,1,0,0,0,0,0,0,0,0,0,0,0,0,1,0,0,0,0,0,0,0,0,0,97,1,0,0,0,0,1,0,0,0,1043142.9317426682,190163.19977591932,11
0,0,0,0,0,0,1,0,0,0,0,0,0,0,0,0,0,1,1,0,0,0,0,0,0,1,0,98,0,0,0,0,0,0,0,0,0,1052789.7198637575,156196.83824683726,11
0,0,0,0,0,0,0,1,0,0,0,0,0,0,0,0,0,1,0,0,0,0,0,0,0,0,0,99,1,0,0,0,0,0,0,0,1,1053734.1143004298,157794.2891201675,11
0,0,1,1,0,1,0,0,0,0,0,0,0,0,0,0,0,3,2,0,0,1,1,0,0,0,0,100,1,0,0,0,0,0,1,0,0,1055935.7273512632,172099.7716640085,11
0,0,0,0,0,0,0,1,0,0,0,0,0,0,0,0,0,1,1,0,0,0,0,0,0,0,1,101,0,0,0,0,0,0,0,0,0,1051744.6235287637,188028.82740426064,11
0,0,0,0,1,0,0,0,0,0,0,0,0,0,0,0,0,1,1,0,0,0,0,1,0,0,0,102,0,0,0,0,0,0,0,0,0,1052114.839323759,188395.69674925506,11
0,1,0,0,0,0,0,0,0,0,0,0,0,0,0,0,0,1,1,0,1,0,0,0,0,0,0,103,0,0,0,0,0,0,0,0,0,1053903.201888755,189831.94059592485,11
0,0,0,0,0,0,1,0,0,0,0,0,0,0,0,0,0,1,1,0,0,0,0,0,0,1,0,104,0,0,0,0,0,0,0,0,0,1055015.355176255,181797.56362009048,11
0,0,0,0,1,0,0,0,0,0,0,0,0,0,0,0,0,1,1,0,0,0,0,1,0,0,0,105,0,0,0,0,0,0,0,0,0,1050073.3998370916,193919.68832592666,11
0,0,0,1,0,0,0,0,0,0,0,0,0,0,0,0,0,1,0,0,0,0,0,0,0,0,0,106,1,0,0,0,1,0,0,0,0,1051268.65663293,199314.97576367855,11
0,0,1,0,0,0,0,0,0,0,0,0,0,0,0,0,0,1,0,0,0,0,0,0,0,0,0,107,1,0,0,1,0,0,0,0,0,1052475.3766604215,196851.5226853341,11
0,0,0,1,0,0,0,0,0,0,0,0,0,0,0,0,0,1,1,0,0,0,1,0,0,0,0,108,0,0,0,0,0,0,0,0,0,1007122.7980744243,207244.63149225712,11
0,0,0,0,0,0,0,1,0,0,0,0,0,0,0,0,0,1,1,0,0,0,0,0,0,0,1,109,0,0,0,0,0,0,0,0,0,1003712.2996460944,214927.2076625079,11
0,0,0,0,1,0,0,0,1,0,0,0,0,1,0,0,0,1,0,0,0,0,0,0,0,0,0,110,0,0,0,0,0,0,0,0,0,1009785.6241135895,215085.37991833687,11
0,1,0,0,0,0,0,0,0,0,0,0,0,0,0,0,0,1,0,0,0,0,0,0,0,0,0,111,1,0,1,0,0,0,0,0,0,1000085.278684929,228605.61796967685,11
0,0,0,1,0,0,0,0,0,0,0,0,0,0,0,0,0,1,1,0,0,0,1,0,0,0,0,112,0,0,0,0,0,0,0,0,0,1000833.9592741728,228491.55356524885,11
0,0,0,0,0,0,1,0,1,0,0,0,0,0,0,1,0,1,0,0,0,0,0,0,0,0,0,113,0,0,0,0,0,0,0,0,0,1002397.5683516711,229765.25508609414,11
0,0,1,0,0,0,0,0,0,0,0,0,0,0,0,0,0,1,0,0,0,0,0,0,0,0,0,114,1,0,0,1,0,0,0,0,0,1003022.2944644243,229419.47165691853,11
0,0,0,0,0,0,1,0,0,0,0,0,0,0,0,0,0,1,1,0,0,0,0,0,0,1,0,115,0,0,0,0,0,0,0,0,0,1005621.4395285845,220308.77826416492,11
0,0,0,0,1,0,0,0,0,0,0,0,0,0,0,0,0,1,1,0,0,0,0,1,0,0,0,116,0,0,0,0,0,0,0,0,0,1007984.6237785965,220375.0543783456,11
1,0,0,0,0,0,0,0,0,0,0,0,0,0,0,0,0,1,1,1,0,0,0,0,0,0,0,117,0,0,0,0,0,0,0,0,0,1000747.9719133377,234007.92704692483,11
0,1,0,0,0,0,0,0,0,0,0,0,0,0,0,0,0,1,1,0,1,0,0,0,0,0,0,118,0,0,0,0,0,0,0,0,0,1001640.6341700107,233513.3840727508,11
0,0,1,0,0,0,0,0,1,0,0,1,0,0,0,0,0,1,0,0,0,0,0,0,0,0,0,119,0,0,0,0,0,0,0,0,0,1003850.6195794195,235307.8457069248,11
1,0,0,0,0,0,0,0,1,1,0,0,0,0,0,0,0,1,0,0,0,0,0,0,0,0,0,120,0,0,0,0,0,0,0,0,0,1005736.655833587,232458.77988275886,11
0,1,0,0,0,0,0,0,1,0,1,0,0,0,0,0,0,1,0,0,0,0,0,0,0,0,0,121,0,0,0,0,0,0,0,0,0,1005211.9980902523,233365.99886883795,11
0,0,0,1,0,0,0,0,1,0,0,0,1,0,0,0,0,1,0,0,0,0,0,0,0,0,0,122,0,0,0,0,0,0,0,0,0,1005597.1548002511,234065.54832275212,11
0,0,0,0,1,0,0,0,0,0,0,0,0,0,0,0,0,1,0,0,0,0,0,0,0,0,0,123,1,0,0,0,0,1,0,0,0,1008613.1126790941,246481.28759883344,11
0,0,0,0,0,1,0,0,0,0,0,0,0,0,0,0,0,1,1,0,0,0,0,0,1,0,0,124,0,0,0,0,0,0,0,0,0,1003689.6589433402,251651.7001582533,11
0,0,1,0,0,0,0,0,0,0,0,0,0,0,0,0,0,1,0,0,0,0,0,0,0,0,0,125,1,0,0,1,0,0,0,0,0,1014630.4533346742,203680.74787200987,11
0,0,0,0,0,0,1,0,0,0,0,0,0,0,0,0,0,1,0,0,0,0,0,0,0,0,0,126,1,0,0,0,0,0,0,1,0,1018774.3820546716,202254.34947809577,11
0,0,0,0,0,0,0,1,0,0,0,0,0,0,0,0,0,1,0,0,0,0,0,0,0,0,0,127,1,0,0,0,0,0,0,0,1,1018496.239566341,206132.36337558925,11
0,0,0,0,1,0,0,0,0,0,0,0,0,0,0,0,0,1,1,0,0,0,0,1,0,0,0,128,0,0,0,0,0,0,0,0,0,1020003.7988871783,204505.41813866794,11
0,0,0,0,1,0,0,0,0,0,0,0,0,0,0,0,0,1,1,0,0,0,0,1,0,0,0,129,0,0,0,0,0,0,0,0,0,1011428.0384796709,215293.04026417434,11
0,0,1,0,0,0,0,0,0,0,0,0,0,0,0,0,0,1,0,0,0,0,0,0,0,0,0,130,1,0,0,1,0,0,0,0,0,1013662.4434596747,216341.63724833727,11
0,1,0,0,0,0,0,0,0,0,0,0,0,0,0,0,0,1,1,0,1,0,0,0,0,0,0,131,0,0,0,0,0,0,0,0,0,1019543.4586005062,213692.09891225398,11
0,1,0,0,0,0,0,0,0,0,0,0,0,0,0,0,0,1,1,0,1,0,0,0,0,0,0,132,0,0,0,0,0,0,0,0,0,1014554.1805213392,234951.70796775818,11
0,0,0,1,0,0,0,0,0,0,0,0,0,0,0,0,0,1,1,0,0,0,1,0,0,0,0,133,0,0,0,0,0,0,0,0,0,1015466.5113738477,234421.14767716825,11
0,0,0,0,1,0,0,0,0,0,0,0,0,0,0,0,0,1,1,0,0,0,0,1,0,0,0,134,0,0,0,0,0,0,0,0,0,1015971.9043919295,235898.79235966504,11
0,0,1,0,0,0,0,0,0,0,0,0,0,0,0,0,0,1,1,0,0,1,0,0,0,0,0,135,0,0,0,0,0,0,0,0,0,1010622.1870730072,249370.8090507537,11
0,1,0,0,0,0,0,0,0,0,0,0,0,0,0,0,0,1,0,0,0,0,0,0,0,0,0,136,1,0,1,0,0,0,0,0,0,1014956.7945455015,246923.5075149238,11
0,0,1,0,0,0,0,0,0,0,0,0,0,0,0,0,0,1,0,0,0,0,0,0,0,0,0,137,1,0,0,1,0,0,0,0,0,1016215.3911096752,247513.91676716506,11
0,0,0,0,1,0,0,0,0,0,0,0,0,0,0,0,0,1,1,0,0,0,0,1,0,0,0,138,0,0,0,0,0,0,0,0,0,1016143.4391538352,249617.16682575643,11
1,0,0,0,0,0,0,0,1,1,0,0,0,0,0,0,0,1,0,0,0,0,0,0,0,0,0,139,0,0,0,0,0,0,0,0,0,1019462.9502313435,243297.80315217376,11
0,1,0,0,0,0,0,0,0,0,0,0,0,0,0,0,0,1,0,0,0,0,0,0,0,0,0,140,1,0,1,0,0,0,0,0,0,1010011.9589627534,256541.22089099884,11
0,0,0,1,0,0,0,0,1,0,0,0,1,0,0,0,0,1,0,0,0,0,0,0,0,0,0,141,0,0,0,0,0,0,0,0,0,1011160.7066652626,250254.08156242967,11
0,0,0,1,0,0,0,0,0,0,0,0,0,0,0,0,0,1,1,0,0,0,1,0,0,0,0,142,0,0,0,0,0,0,0,0,0,1011399.2458863407,250641.5053282529,11
0,0,0,0,1,0,0,0,0,0,0,0,0,0,0,0,0,1,0,0,0,0,0,0,0,0,0,143,1,0,0,0,0,1,0,0,0,1016653.4906271696,255439.04789850116,11
0,0,0,0,0,0,1,0,0,0,0,0,0,0,0,0,0,1,0,0,0,0,0,0,0,0,0,144,1,0,0,0,0,0,0,1,0,1021926.0227330029,207874.22997058928,11
0,0,0,0,0,1,0,0,0,0,0,0,0,0,0,0,0,1,1,0,0,0,0,0,1,0,0,145,0,0,0,0,0,0,0,0,0,1022720.6336765885,200178.69450867176,11
0,1,0,0,0,0,0,1,1,0,0,0,0,0,0,0,1,2,1,0,1,0,0,0,0,0,0,146,0,0,0,0,0,0,0,0,0,1020864.4861421734,239947.90171550214,11
0,0,0,0,1,0,0,0,0,0,0,0,0,0,0,0,0,1,0,0,0,0,0,0,0,0,0,147,1,0,0,0,0,1,0,0,0,1020964.4629763365,244622.89236550033,11
0,0,0,0,0,1,0,0,0,0,0,0,0,0,0,0,0,1,1,0,0,0,0,0,1,0,0,148,0,0,0,0,0,0,0,0,0,1023077.8741038442,240343.43570134044,11
0,0,0,1,0,0,0,0,0,0,0,0,0,0,0,0,0,1,0,0,0,0,0,0,0,0,0,149,1,0,0,0,1,0,0,0,0,1023789.5357382596,248160.28653742373,11
0,0,1,0,0,0,0,0,1,0,0,1,0,0,0,0,0,1,0,0,0,0,0,0,0,0,0,150,0,0,0,0,0,0,0,0,0,1024331.1422665864,245530.0657480061,11
0,1,0,0,0,0,0,0,0,0,0,0,0,0,0,0,0,1,0,0,0,0,0,0,0,0,0,151,1,0,1,0,0,0,0,0,0,1026592.8634649217,240976.88259717822,11
0,0,0,0,0,1,0,0,0,0,0,0,0,0,0,0,0,1,1,0,0,0,0,0,1,0,0,152,0,0,0,0,0,0,0,0,0,1027920.9218324274,243665.97826883197,11
0,0,1,1,0,0,0,0,0,0,0,0,0,0,0,0,0,2,0,0,0,0,0,0,0,0,0,153,2,0,0,1,1,0,0,0,0,1021666.7712830007,251421.9401190877,11
0,0,0,0,1,0,0,0,0,0,0,0,0,0,0,0,0,1,1,0,0,0,0,1,0,0,0,154,0,0,0,0,0,0,0,0,0,1021094.9810880125,253114.31862409413,11
0,0,0,0,0,0,1,0,0,0,0,0,0,0,0,0,0,1,1,0,0,0,0,0,0,1,0,155,0,0,0,0,0,0,0,0,0,1021013.6328255087,257845.71303267777,11
0,0,1,0,0,0,0,0,0,0,0,0,0,0,0,0,0,1,0,0,0,0,0,0,0,0,0,156,1,0,0,1,0,0,0,0,0,1023637.2066465914,258271.7489259988,11
0,0,0,1,0,0,0,0,0,0,0,0,0,0,0,0,0,1,0,0,0,0,0,0,0,0,0,157,1,0,0,0,1,0,0,0,0,1026071.1125399172,263801.0554526746,11
0,0,0,0,0,1,0,0,0,0,0,0,0,0,0,0,0,1,1,0,0,0,0,0,1,0,0,158,0,0,0,0,0,0,0,0,0,1037183.5998293459,201617.4350695014,11
0,0,0,0,1,0,0,0,0,0,0,0,0,0,0,0,0,1,0,0,0,0,0,0,0,0,0,159,1,0,0,0,0,1,0,0,0,1030688.2620982528,213410.58372725546,11
0,1,0,0,0,0,0,0,0,0,0,0,0,0,0,0,0,1,1,0,1,0,0,0,0,0,0,160,0,0,0,0,0,0,0,0,0,1030328.8828957528,214868.41873808205,11
1,0,0,0,0,0,0,0,0,0,0,0,0,0,0,0,0,1,0,0,0,0,0,0,0,0,0,161,1,1,0,0,0,0,0,0,0,1031034.2456582636,216774.34635667503,11
0,0,1,0,0,0,0,0,0,0,0,0,0,0,0,0,0,1,0,0,0,0,0,0,0,0,0,162,1,0,0,1,0,0,0,0,0,1032466.4603135139,217798.20257666707,11
0,0,0,0,0,1,0,0,0,0,0,0,0,0,0,0,0,1,0,0,0,0,0,0,0,0,0,163,1,0,0,0,0,0,1,0,0,1034268.2713424265,218088.7302108407,11
0,0,0,0,0,0,1,0,0,0,0,0,0,0,0,0,0,1,1,0,0,0,0,0,0,1,0,164,0,0,0,0,0,0,0,0,0,1034008.6127410084,239662.04598800838,11
0,0,0,1,0,0,0,0,0,0,0,0,0,0,0,0,0,1,0,0,0,0,0,0,0,0,0,165,1,0,0,0,1,0,0,0,0,1034600.3769774288,238252.84605050087,11
0,0,0,1,0,0,0,0,0,0,0,0,0,0,0,0,0,1,0,0,0,0,0,0,0,0,0,166,1,0,0,0,1,0,0,0,0,1031732.6786445975,259388.46060334146,11
0,0,0,1,0,0,0,0,0,0,0,0,0,0,0,0,0,1,1,0,0,0,1,0,0,0,0,167,0,0,0,0,0,0,0,0,0,1049437.708851263,203383.77668116987,11
1,0,0,0,0,0,0,0,0,0,0,0,0,0,0,0,0,1,0,0,0,0,0,0,0,0,0,168,1,1,0,0,0,0,0,0,0,1048756.8407904208,214668.871893093,11
0,0,1,0,0,0,0,0,0,0,0,0,0,0,0,0,0,1,0,0,0,0,0,0,0,0,0,169,1,0,0,1,0,0,0,0,0,1051508.24276793,208509.750353083,11
0,1,0,0,0,0,0,0,0,0,0,0,0,0,0,0,0,1,1,0,1,0,0,0,0,0,0,170,0,0,0,0,0,0,0,0,0,1053323.701735422,210069.05825808644,11
0,0,1,0,0,0,0,0,0,0,0,0,0,0,0,0,0,1,0,0,0,0,0,0,0,0,0,171,1,0,0,1,0,0,0,0,0,1003243.9803727567,235751.48130258918,11
0,0,0,0,0,1,0,0,0,0,0,0,0,0,0,0,0,1,0,0,0,0,0,0,0,0,0,172,1,0,0,0,0,0,1,0,0,1021408.2514588386,238422.38639384508,11
0,0,0,1,0,0,0,0,0,0,0,0,0,0,0,0,0,1,0,0,0,0,0,0,0,0,0,173,1,0,0,0,1,0,0,0,0,1012445.8418902606,216166.94271583855,11
1,0,0,0,0,0,0,0,0,0,0,0,0,0,0,0,0,1,0,0,0,0,0,0,0,0,0,174,1,1,0,0,0,0,0,0,0,1027341.083753258,187164.5804450959,11
0,0,0,0,0,0,1,0,0,0,0,0,0,0,0,0,0,1,1,0,0,0,0,0,0,1,0,175,0,0,0,0,0,0,0,0,0,1028156.7645365894,182172.01169009507,11
0,0,2,0,0,0,0,0,0,0,0,0,0,0,0,0,0,2,2,0,0,2,0,0,0,0,0,176,0,0,0,0,0,0,0,0,0,1029559.8785282522,254544.47947767377,11
0,0,1,0,0,0,0,0,0,0,0,0,0,0,0,0,0,1,1,0,0,1,0,0,0,0,0,177,0,0,0,0,0,0,0,0,0,1008577.8345344216,232421.77864442766,11
0,0,0,0,0,2,0,0,0,0,0,0,0,0,0,0,0,2,2,0,0,0,0,0,2,0,0,178,0,0,0,0,0,0,0,0,0,1011718.3531877548,234882.09491801262,11
0,0,0,0,0,0,0,1,0,0,0,0,0,0,0,0,0,1,0,0,0,0,0,0,0,0,0,179,1,0,0,0,0,0,0,0,1,1009579.0743298382,210785.9544620961,11
0,0,0,0,2,0,0,0,0,0,0,0,0,0,0,0,0,2,2,0,0,0,0,2,0,0,0,180,0,0,0,0,0,0,0,0,0,1035737.21459876,254349.91195341945,11
0,0,0,0,0,0,0,1,0,0,0,0,0,0,0,0,0,1,1,0,0,0,0,0,0,0,1,181,0,0,0,0,0,0,0,0,0,1019304.9646549225,220098.3833437562,11
0,0,0,0,0,1,0,0,0,0,0,0,0,0,0,0,0,1,0,0,0,0,0,0,0,0,0,182,1,0,0,0,0,0,1,0,0,1032668.8614835143,209565.59797891974,11
0,0,0,0,0,0,0,1,0,0,0,0,0,0,0,0,0,1,0,0,0,0,0,0,0,0,0,183,1,0,0,0,0,0,0,0,1,1019809.4518349171,182201.62678833306,11
0,1,0,0,0,0,0,0,1,0,1,0,0,0,0,0,0,1,0,0,0,0,0,0,0,0,0,184,0,0,0,0,0,0,0,0,0,995101.8874050081,194719.55844533443,11
0,0,0,0,0,0,1,0,0,0,0,0,0,0,0,0,0,1,1,0,0,0,0,0,0,1,0,1,0,0,0,0,0,0,0,0,0,1025764.3008175939,213749.56073959172,12
0,0,0,0,0,0,1,0,0,0,0,0,0,0,0,0,0,1,0,0,0,0,0,0,0,0,0,2,1,0,0,0,0,0,0,1,0,1010844.0642539263,187585.09699250758,12
0,0,0,0,1,0,0,0,0,0,0,0,0,0,0,0,0,1,0,0,0,0,0,0,0,0,0,3,1,0,0,0,0,1,0,0,0,951936.3959802538,144734.324426502,12
1,0,0,0,0,0,0,0,0,0,0,0,0,0,0,0,0,1,1,1,0,0,0,0,0,0,0,4,0,0,0,0,0,0,0,0,0,983587.1272980869,186219.85431617498,12
0,0,1,0,0,0,0,0,0,0,0,0,0,0,0,0,0,1,1,0,0,1,0,0,0,0,0,5,0,0,0,0,0,0,0,0,0,1036942.7197336704,255679.67438575625,12
0,0,0,1,0,0,0,0,0,0,0,0,0,0,0,0,0,1,1,0,0,0,1,0,0,0,0,6,0,0,0,0,0,0,0,0,0,996295.8449908346,198136.9630278349,12
1,0,0,0,0,0,0,0,0,0,0,0,0,0,0,0,0,1,0,0,0,0,0,0,0,0,0,7,0,0,0,0,0,0,0,0,0,917561.0444555134,123423.70267775655,12
0,0,0,0,1,0,0,0,0,0,0,0,0,0,0,0,0,1,1,0,0,0,0,1,0,0,0,8,0,0,0,0,0,0,0,0,0,937884.9368785024,138891.32889467478,12
0,0,0,0,1,0,0,0,0,0,0,0,0,0,0,0,0,1,0,0,0,0,0,0,0,0,0,9,1,0,0,0,0,1,0,0,0,933136.6688160002,164650.23636625707,12
0,0,0,0,0,0,0,1,0,0,0,0,0,0,0,0,0,1,1,0,0,0,0,0,0,0,1,10,0,0,0,0,0,0,0,0,0,935481.6247560084,162359.64711542428,12
0,0,0,2,0,0,0,0,0,0,0,0,0,0,0,0,0,2,2,0,0,0,2,0,0,0,0,11,0,0,0,0,0,0,0,0,0,938055.1268268377,163900.43471625447,12
1,0,0,0,0,0,0,0,0,0,0,0,0,0,0,0,0,1,0,0,0,0,0,0,0,0,0,12,1,1,0,0,0,0,0,0,0,946850.2827929258,167290.73961542547,12
0,0,0,0,1,0,0,0,0,0,0,0,0,0,0,0,0,1,1,0,0,0,0,1,0,0,0,13,0,0,0,0,0,0,0,0,0,954278.8929356784,144464.05036075413,12
0,0,0,0,0,0,1,0,0,0,0,0,0,0,0,0,0,1,1,0,0,0,0,0,0,1,0,14,0,0,0,0,0,0,0,0,0,953520.966301918,155437.006433174,12
1,0,0,0,0,0,0,0,0,0,0,0,0,0,0,0,0,1,0,0,0,0,0,0,0,0,0,15,1,1,0,0,0,0,0,0,0,950915.4843081683,165789.29248708487,12
0,0,0,0,0,0,1,0,0,0,0,0,0,0,0,0,0,1,0,0,0,0,0,0,0,0,0,16,1,0,0,0,0,0,0,1,0,965006.266165927,159200.91360349953,12
0,0,0,0,0,0,0,1,0,0,0,0,0,0,0,0,0,1,1,0,0,0,0,0,0,0,1,17,0,0,0,0,0,0,0,0,0,960675.5136725903,164499.5837804228,12
1,0,0,0,0,0,0,0,0,0,0,0,0,0,0,0,0,1,0,0,0,0,0,0,0,0,0,18,1,1,0,0,0,0,0,0,0,963251.7060267627,167595.93585541844,12
0,0,1,0,0,0,0,0,0,0,0,0,0,0,0,0,0,1,0,0,0,0,0,0,0,0,0,19,1,0,0,1,0,0,0,0,0,976117.2147445083,165337.8531012535,12
0,0,0,1,0,0,0,0,0,0,0,0,0,0,0,0,0,1,0,0,0,0,0,0,0,0,0,20,1,0,0,0,1,0,0,0,0,978621.4584236741,168096.98472209275,12
0,0,0,0,0,1,0,0,0,0,0,0,0,0,0,0,0,1,1,0,0,0,0,0,1,0,0,21,0,0,0,0,0,0,0,0,0,978582.449971512,173195.80293650925,12
0,0,0,1,0,0,0,0,0,0,0,0,0,0,0,0,0,1,0,0,0,0,0,0,0,0,0,22,1,0,0,0,1,0,0,0,0,979882.5625287592,174834.0188201666,12
0,0,1,0,0,0,0,0,0,0,0,0,0,0,0,0,0,1,0,0,0,0,0,0,0,0,0,23,1,0,0,1,0,0,0,0,0,984988.9125522524,157344.90681684017,12
1,0,0,0,0,0,0,0,0,0,0,0,0,0,0,0,0,1,0,0,0,0,0,0,0,0,0,24,1,1,0,0,0,0,0,0,0,981816.1039372534,161864.32691183686,12
0,0,0,0,0,0,1,0,0,0,0,0,0,0,0,0,0,1,0,0,0,0,0,0,0,0,0,25,1,0,0,0,0,0,0,1,0,981300.7867264301,166662.3123945892,12
0,0,0,0,0,0,0,1,0,0,0,0,0,0,0,0,0,1,0,0,0,0,0,0,0,0,0,26,1,0,0,0,0,0,0,0,1,982394.2261405885,161763.97245375812,12
0,0,0,1,0,0,0,0,0,0,0,0,0,0,0,0,0,1,0,0,0,0,0,0,0,0,0,27,1,0,0,0,1,0,0,0,0,982880.9315320104,167400.01761208475,12
0,0,0,0,0,0,1,0,0,0,0,0,0,0,0,0,0,1,0,0,0,0,0,0,0,0,0,28,1,0,0,0,0,0,0,1,0,987516.6634022593,163061.31565958261,12
0,0,0,0,0,0,0,1,0,0,0,0,0,0,0,0,0,1,0,0,0,0,0,0,0,0,0,29,1,0,0,0,0,0,0,0,1,987840.4947755933,163469.13308542967,12
0,0,0,0,0,0,0,1,0,0,0,0,0,0,0,0,0,1,1,0,0,0,0,0,0,0,1,30,0,0,0,0,0,0,0,0,0,980202.2721911669,175242.8526481688,12
0,0,0,0,0,0,0,1,0,0,0,0,0,0,0,0,0,1,0,0,0,0,0,0,0,0,0,31,1,0,0,0,0,0,0,0,1,989669.9760247618,185712.2966042608,12
0,0,0,0,1,0,0,0,0,0,0,0,0,0,0,0,0,1,0,0,0,0,0,0,0,0,0,32,1,0,0,0,0,1,0,0,0,989058.9634672552,189236.71212759614,12
0,1,0,0,0,0,0,0,0,0,0,0,0,0,0,0,0,1,1,0,1,0,0,0,0,0,0,33,0,0,0,0,0,0,0,0,0,984868.6273597628,191097.31503367424,12
1,0,0,0,0,0,0,0,0,0,0,0,0,0,0,0,0,1,0,0,0,0,0,0,0,0,0,34,1,1,0,0,0,0,0,0,0,985143.4532536715,198439.13696417212,12
0,1,0,0,0,0,0,0,0,0,0,0,0,0,0,0,0,1,0,0,0,0,0,0,0,0,0,35,0,0,0,0,0,0,0,0,0,988380.9267655909,190866.83682009578,12
0,0,1,0,0,0,0,0,0,0,0,0,0,0,0,0,0,1,0,0,0,0,0,0,0,0,0,36,1,0,0,1,0,0,0,0,0,994450.96679084,149572.67203325033,12
0,0,0,0,0,0,0,1,0,0,0,0,0,0,0,0,0,1,0,0,0,0,0,0,0,0,0,37,1,0,0,0,0,0,0,0,1,993834.6855430901,157085.00904266536,12
0,0,0,0,0,1,0,0,0,0,0,0,0,0,0,0,0,1,0,0,0,0,0,0,0,0,0,38,1,0,0,0,0,0,1,0,0,998319.0036741793,153691.96792849898,12
0,0,0,0,0,0,1,0,0,0,0,0,0,0,0,0,0,1,0,0,0,0,0,0,0,0,0,39,1,0,0,0,0,0,0,1,0,998376.5298058391,162632.30733124912,12
0,0,0,1,0,0,0,0,0,0,0,0,0,0,0,0,0,1,0,0,0,0,0,0,0,0,0,40,1,0,0,0,1,0,0,0,0,998810.2690958381,169382.6448804289,12
0,0,0,0,0,0,1,0,0,0,0,0,0,0,0,0,0,1,0,0,0,0,0,0,0,0,0,41,0,0,0,0,0,0,0,0,0,991602.6165164262,175214.06038291752,12
0,0,0,0,0,1,0,0,0,0,0,0,0,0,0,0,0,1,0,0,0,0,0,0,0,0,0,42,0,0,0,0,0,0,0,0,0,997667.512195006,173566.35337650776,12
0,1,0,0,0,0,0,0,0,0,0,0,0,0,0,0,0,1,1,0,1,0,0,0,0,0,0,43,0,0,0,0,0,0,0,0,0,999047.1157350093,176438.83778899908,12
0,0,0,1,0,0,0,0,0,0,0,0,0,0,0,0,0,1,1,0,0,0,1,0,0,0,0,44,0,0,0,0,0,0,0,0,0,992934.1131972522,187750.87848508358,12
0,0,0,1,0,0,0,0,0,0,0,0,0,0,0,0,0,1,0,0,0,0,0,0,0,0,0,45,1,0,0,0,1,0,0,0,0,993110.0511655957,188552.33685591817,12
1,0,0,0,0,0,0,0,0,0,0,0,0,0,0,0,0,1,0,0,0,0,0,0,0,0,0,46,1,1,0,0,0,0,0,0,0,994884.7552933395,183551.7271065116,12
0,0,0,0,1,0,0,0,0,0,0,0,0,0,0,0,0,1,0,0,0,0,0,0,0,0,0,47,1,0,0,0,0,1,0,0,0,996858.2946533412,189394.23477841914,12
0,0,0,0,0,0,0,1,0,0,0,0,0,0,0,0,0,1,0,0,0,0,0,0,0,0,0,48,1,0,0,0,0,0,0,0,1,997851.3011975139,181158.6446223408,12
0,0,0,0,0,0,0,2,0,0,0,0,0,0,0,0,0,2,2,0,0,0,0,0,0,0,2,49,0,0,0,0,0,0,0,0,0,997351.3021975011,185329.78457400203,12
0,0,0,0,1,0,0,0,0,0,0,0,0,0,0,0,0,1,0,0,0,0,0,0,0,0,0,50,1,0,0,0,0,1,0,0,0,997290.03919667,186556.6387475878,12
0,0,0,0,0,1,0,0,0,0,0,0,0,0,0,0,0,1,0,0,0,0,0,0,0,0,0,51,1,0,0,0,0,0,1,0,0,998208.4789608419,186460.4873650819,12
0,0,0,0,0,0,0,1,0,0,0,0,0,0,0,0,0,1,0,0,0,0,0,0,0,0,0,52,1,0,0,0,0,0,0,0,1,996411.8618191779,192333.3594775945,12
0,0,0,0,0,0,1,0,0,0,0,0,0,0,0,0,0,1,0,0,0,0,0,0,0,0,0,53,1,0,0,0,0,0,0,1,0,996336.4453033358,199189.75619783998,12
0,0,0,0,0,0,1,0,0,0,0,0,0,0,0,0,0,1,0,0,0,0,0,0,0,0,0,54,1,0,0,0,0,0,0,1,0,997112.7003125101,197130.3935186714,12
0,0,0,0,0,0,0,1,0,0,0,0,0,0,0,0,0,1,1,0,0,0,0,0,0,0,1,55,0,0,0,0,0,0,0,0,0,997713.053442508,199877.68461200595,12
1,0,0,0,0,0,0,0,0,0,0,0,0,0,0,0,0,1,0,0,0,0,0,0,0,0,0,56,1,1,0,0,0,0,0,0,0,981194.2780811787,203703.01816867292,12
0,0,0,0,0,1,0,0,0,0,0,0,0,0,0,0,0,1,0,0,0,0,0,0,0,0,0,57,1,0,0,0,0,0,1,0,0,986219.2742647529,201581.8770697564,12
1,0,0,0,0,0,0,0,0,0,0,0,0,0,0,0,0,1,0,0,0,0,0,0,0,0,0,58,1,1,0,0,0,0,0,0,0,986929.6173322499,207833.76089142263,12
0,0,0,0,1,0,0,0,1,0,0,0,0,1,0,0,0,1,0,0,0,0,0,0,0,0,0,59,0,0,0,0,0,0,0,0,0,988733.8850491792,202128.96947950125,12
0,0,0,0,0,0,1,0,0,0,0,0,0,0,0,0,0,1,0,0,0,0,0,0,0,0,0,60,1,0,0,0,0,0,0,1,0,984928.4074239284,211276.20807474852,12
0,0,0,0,0,0,1,0,0,0,0,0,0,0,0,0,0,1,0,0,0,0,0,0,0,0,0,61,1,0,0,0,0,0,0,1,0,984583.1138231754,216221.95835383236,12
0,0,0,0,0,1,0,0,0,0,0,0,0,0,0,0,0,1,0,0,0,0,0,0,0,0,0,62,1,0,0,0,0,0,1,0,0,984894.6902997643,218180.37044750154,12
0,0,0,0,0,1,0,0,0,0,0,0,0,0,0,0,0,1,1,0,0,0,0,0,1,0,0,63,0,0,0,0,0,0,0,0,0,985146.5369089246,218635.3728183359,12
0,0,0,1,0,0,0,0,0,0,0,0,0,0,0,0,0,1,0,0,0,0,0,0,0,0,0,64,1,0,0,0,1,0,0,0,0,986943.9316080958,214914.81267417967,12
0,0,0,0,0,1,0,0,0,0,0,0,0,0,0,0,0,1,0,0,0,0,0,0,0,0,0,65,1,0,0,0,0,0,1,0,0,987594.7734822631,216089.03276667,12
1,0,0,0,0,0,0,0,0,0,0,0,0,0,0,0,0,1,0,0,0,0,0,0,0,0,0,66,1,1,0,0,0,0,0,0,0,988256.7514890134,215427.14334242046,12
1,0,0,0,0,0,0,0,0,0,0,0,0,0,0,0,0,1,0,0,0,0,0,0,0,0,0,67,1,1,0,0,0,0,0,0,0,988344.7687014192,219296.86427751184,12
0,0,0,0,1,0,0,0,1,0,0,0,0,1,0,0,0,1,0,0,0,0,0,0,0,0,0,68,0,0,0,0,0,0,0,0,0,989988.8070800006,213542.87644167244,12
0,0,0,1,0,0,0,0,0,0,0,0,0,0,0,0,0,1,0,0,0,0,0,0,0,0,0,69,1,0,0,0,1,0,0,0,0,988312.5181097537,221095.2136991769,12
0,0,0,0,0,0,1,0,0,0,0,0,0,0,0,0,0,1,0,0,0,0,0,0,0,0,0,70,1,0,0,0,0,0,0,1,0,988567.396208927,221560.66880500317,12
0,0,0,0,1,0,0,0,0,0,0,0,0,0,0,0,0,1,0,0,0,0,0,0,0,0,0,71,1,0,0,0,0,1,0,0,0,989758.778340593,220001.6692983359,12
0,0,0,1,0,0,0,0,0,0,0,0,0,0,0,0,0,1,0,0,0,0,0,0,0,0,0,72,1,0,0,0,1,0,0,0,0,989602.400700584,223425.20903916657,12
0,0,0,0,1,0,0,0,0,0,0,0,0,0,0,0,0,1,0,0,0,0,0,0,0,0,0,73,1,0,0,0,0,1,0,0,0,991590.1329455972,208208.35003726184,12
0,1,0,0,0,0,0,0,0,0,0,0,0,0,0,0,0,1,0,0,0,0,0,0,0,0,0,74,1,0,1,0,0,0,0,0,0,999508.4238675088,201887.43748225272,12
0,0,0,0,1,0,0,0,0,0,0,0,0,0,0,0,0,1,0,0,0,0,0,0,0,0,0,75,1,0,0,0,0,1,0,0,0,992346.2797272503,211628.24477225542,12
0,0,0,0,0,0,0,2,1,0,0,0,0,0,0,0,2,2,0,0,0,0,0,0,0,0,0,76,1,0,0,0,0,0,0,0,2,993760.1938941777,217188.86652500927,12
0,0,0,0,0,0,1,0,0,0,0,0,0,0,0,0,0,1,1,0,0,0,0,0,0,1,0,77,0,0,0,0,0,0,0,0,0,994521.3373850137,215551.29434083402,12
0,0,0,0,0,1,0,0,0,0,0,0,0,0,0,0,0,1,0,0,0,0,0,0,0,0,0,78,1,0,0,0,0,0,1,0,0,994657.4525983334,215796.06091167033,12
0,0,1,0,0,0,0,0,0,0,0,0,0,0,0,0,0,1,0,0,0,0,0,0,0,0,0,79,1,0,0,1,0,0,0,0,0,995162.9338708371,219719.61605666578,12
0,0,1,0,0,0,0,0,0,0,0,0,0,0,0,0,0,1,1,0,0,1,0,0,0,0,0,80,0,0,0,0,0,0,0,0,0,996960.3023233414,219953.62477500737,12
1,0,0,0,0,0,0,0,0,0,0,0,0,0,0,0,0,1,0,0,0,0,0,0,0,0,0,81,1,1,0,0,0,0,0,0,0,990114.7553189248,224350.64649274945,12
0,0,1,0,0,0,0,0,1,0,0,1,0,0,0,0,0,1,0,0,0,0,0,0,0,0,0,82,0,0,0,0,0,0,0,0,0,992741.734645009,225381.8849158436,12
0,1,0,0,0,0,0,0,1,0,1,0,0,0,0,0,0,1,0,0,0,0,0,0,0,0,0,83,0,0,0,0,0,0,0,0,0,992845.5763008446,229278.56314608455,12
1,0,0,0,0,0,0,0,0,0,0,0,0,0,0,0,0,1,0,0,0,0,0,0,0,0,0,84,1,1,0,0,0,0,0,0,0,994345.5273691714,221402.49326834083,12
1,0,0,0,0,0,0,0,0,0,0,0,0,0,0,0,0,1,0,0,0,0,0,0,0,0,0,85,1,1,0,0,0,0,0,0,0,996942.6012432575,226088.44518250227,12
0,0,1,0,0,0,0,0,0,0,0,0,0,0,0,0,0,1,1,0,0,1,0,0,0,0,0,86,0,0,0,0,0,0,0,0,0,998355.0961216688,226527.14804525673,12
0,1,0,0,0,0,0,0,0,0,0,0,0,0,0,0,0,1,1,0,1,0,0,0,0,0,0,87,0,0,0,0,0,0,0,0,0,999937.3993875086,238364.522336334,12
0,0,1,0,0,0,0,0,1,0,0,1,0,0,0,0,0,1,0,0,0,0,0,0,0,0,0,88,0,0,0,0,0,0,0,0,0,1001195.0409010947,152565.61191350222,12
1,0,0,0,0,0,0,0,0,0,0,0,0,0,0,0,0,1,0,0,0,0,0,0,0,0,0,89,1,1,0,0,0,0,0,0,0,1002808.1285541803,162026.1737010032,12
0,0,0,0,0,0,1,0,0,0,0,0,0,0,0,0,0,1,1,0,0,0,0,0,0,1,0,90,0,0,0,0,0,0,0,0,0,1002985.0504444242,168037.77224208415,12
0,0,0,1,0,0,0,0,0,0,0,0,0,0,0,0,0,1,0,0,0,0,0,0,0,0,0,91,1,0,0,0,1,0,0,0,0,1004620.2571477592,163933.27913875878,12
0,0,0,0,1,0,0,0,0,0,0,0,0,0,0,0,0,1,1,0,0,0,0,1,0,0,0,92,0,0,0,0,0,0,0,0,0,1007445.2567470968,160513.73020358384,12
0,0,0,0,1,0,0,0,0,0,0,0,0,0,0,0,0,1,0,0,0,0,0,0,0,0,0,93,1,0,0,0,0,1,0,0,0,1001523.1934600025,172181.86172291636,12
0,0,0,1,0,0,0,0,0,0,0,0,0,0,0,0,0,1,1,0,0,0,1,0,0,0,0,94,0,0,0,0,0,0,0,0,0,1003995.3469802588,171527.09925292432,12
0,0,0,0,0,0,0,1,0,0,0,0,0,0,0,0,0,1,0,0,0,0,0,0,0,0,0,95,1,0,0,0,0,0,0,0,1,1005891.4652352631,177784.94402067363,12
0,0,0,1,0,0,0,0,0,0,0,0,0,0,0,0,0,1,1,0,0,0,1,0,0,0,0,96,0,0,0,0,0,0,0,0,0,1006413.9707519263,171358.70687317848,12
1,0,0,0,0,0,0,0,0,0,0,0,0,0,0,0,0,1,0,0,0,0,0,0,0,0,0,97,0,0,0,0,0,0,0,0,0,1006546.2277052552,173213.01779708266,12
0,0,1,0,0,0,0,0,0,0,0,0,0,0,0,0,0,1,1,0,0,1,0,0,0,0,0,98,0,0,0,0,0,0,0,0,0,1006500.5716285855,174198.6979123354,12
1,0,0,0,0,0,0,0,1,1,0,0,0,0,0,0,0,1,0,0,0,0,0,0,0,0,0,99,0,0,0,0,0,0,0,0,0,1006423.2915994227,174706.10175317526,12
0,0,0,0,1,0,0,0,0,0,0,0,0,0,0,0,0,1,0,0,0,0,0,0,0,0,0,100,1,0,0,0,0,1,0,0,0,1006919.3503185958,179554.694418177,12
0,0,0,0,0,1,0,0,0,0,0,0,0,0,0,0,0,1,1,0,0,0,0,0,1,0,0,101,0,0,0,0,0,0,0,0,0,1001424.4075683355,188176.43209591508,12
1,0,0,0,0,0,0,0,0,0,0,0,0,0,0,0,0,1,0,0,0,0,0,0,0,0,0,102,1,1,0,0,0,0,0,0,0,1001262.2162916809,189243.6150009185,12
0,1,0,1,0,0,0,0,0,0,0,0,0,0,0,0,0,2,0,0,0,0,0,0,0,0,0,103,2,0,1,0,1,0,0,0,0,1003358.2124277502,182945.2548942566,12
0,0,0,0,0,1,0,0,0,0,0,0,0,0,0,0,0,1,1,0,0,0,0,0,1,0,0,104,0,0,0,0,0,0,0,0,0,1004158.2931766808,186039.1004125923,12
0,0,0,0,0,0,1,0,0,0,0,0,0,0,0,0,0,1,1,0,0,0,0,0,0,1,0,105,0,0,0,0,0,0,0,0,0,1007370.8389169276,181997.5008842498,12
1,0,0,0,0,0,0,0,0,0,0,0,0,0,0,0,0,1,0,0,0,0,0,0,0,0,0,106,1,1,0,0,0,0,0,0,0,1000351.3027591705,194574.89994201064,12
0,1,0,0,0,0,0,0,0,0,0,0,0,0,0,0,0,1,0,0,0,0,0,0,0,0,0,107,1,0,1,0,0,0,0,0,0,1000896.3800810874,197367.69947449863,12
0,0,0,0,0,1,0,0,0,0,0,0,0,0,0,0,0,1,0,0,0,0,0,0,0,0,0,108,1,0,0,0,0,0,1,0,0,1001646.5787119269,198968.70677116513,12
0,0,0,0,1,0,0,0,0,0,0,0,0,0,0,0,0,1,0,0,0,0,0,0,0,0,0,109,1,0,0,0,0,1,0,0,0,1011113.0886502564,168441.9643470943,12
0,0,0,1,0,0,0,0,0,0,0,0,0,0,0,0,0,1,0,0,0,0,0,0,0,0,0,110,1,0,0,0,1,0,0,0,0,1010233.5005144179,174312.660939008,12
0,0,0,0,1,0,0,0,1,0,0,0,0,1,0,0,0,1,0,0,0,0,0,0,0,0,0,111,0,0,0,0,0,0,0,0,0,1012560.1031446755,178849.52522483468,12
1,0,0,0,0,0,0,0,0,0,0,0,0,0,0,0,0,1,0,0,0,0,0,0,0,0,0,112,1,1,0,0,0,0,0,0,0,1012212.157974422,179424.5306365043,12
0,0,1,0,0,0,0,0,0,0,0,0,0,0,0,0,0,1,1,0,0,1,0,0,0,0,0,113,0,0,0,0,0,0,0,0,0,1013327.3621088415,177741.3778348416,12
0,0,0,1,0,0,0,0,0,0,0,0,0,0,0,0,0,1,0,0,0,0,0,0,0,0,0,114,1,0,0,0,1,0,0,0,0,1015518.1844988465,177617.56902733445,12
0,1,0,0,0,0,0,0,0,0,0,0,0,0,0,0,0,1,1,0,1,0,0,0,0,0,0,115,0,0,0,0,0,0,0,0,0,1013910.7175694257,185631.9785234183,12
0,1,0,0,0,0,0,0,0,0,0,0,0,0,0,0,0,1,1,0,1,0,0,0,0,0,0,116,0,0,0,0,0,0,0,0,0,1016405.6991280019,180257.71466566622,12
0,0,0,0,1,0,0,0,1,0,0,0,0,1,0,0,0,1,0,0,0,0,0,0,0,0,0,117,0,0,0,0,0,0,0,0,0,1016865.7441396713,186529.73591426015,12
0,0,0,0,1,0,0,0,0,0,0,0,0,0,0,0,0,1,0,0,0,0,0,0,0,0,0,118,1,0,0,0,0,1,0,0,0,1017313.9190963358,184899.64074926078,12
0,0,1,0,0,0,0,0,0,0,0,0,0,0,0,0,0,1,1,0,0,1,0,0,0,0,0,119,0,0,0,0,0,0,0,0,0,1011208.0152976811,191558.0742827505,12
0,0,0,0,0,1,0,0,0,0,0,0,0,0,0,0,0,1,1,0,0,0,0,0,1,0,0,120,0,0,0,0,0,0,0,0,0,1011651.1059469283,199648.14766950905,12
0,0,0,1,0,0,0,0,0,0,0,0,0,0,0,0,0,1,1,0,0,0,1,0,0,0,0,121,0,0,0,0,0,0,0,0,0,1012054.2478571683,198322.07748700678,12
0,1,0,0,0,0,0,0,0,0,0,0,0,0,0,0,0,1,0,0,0,0,0,0,0,0,0,122,0,0,0,0,0,0,0,0,0,1022281.2237942517,178143.07847499847,12
0,0,0,0,1,0,0,0,0,0,0,0,0,0,0,0,0,1,0,0,0,0,0,0,0,0,0,123,1,0,0,0,0,1,0,0,0,1023941.0187030137,184424.9645332545,12
0,0,0,0,0,1,0,0,0,0,0,0,0,0,0,0,0,1,1,0,0,0,0,0,1,0,0,124,0,0,0,0,0,0,0,0,0,1025055.697904095,184003.51393258572,12
0,2,0,0,0,0,0,0,0,0,0,0,0,0,0,0,0,2,0,0,0,0,0,0,0,0,0,125,2,0,2,0,0,0,0,0,0,1027339.505672425,187312.11295841634,12
0,0,1,0,0,0,0,0,0,0,0,0,0,0,0,0,0,1,0,0,0,0,0,0,0,0,0,126,1,0,0,1,0,0,0,0,0,1021228.4224221706,198123.12447284162,12
0,0,0,0,1,0,0,0,0,0,0,0,0,0,0,0,0,1,1,0,0,0,0,1,0,0,0,127,0,0,0,0,0,0,0,0,0,1029208.3864490837,196397.96060034633,12
0,0,0,0,1,0,0,0,0,0,0,0,0,0,0,0,0,1,1,0,0,0,0,1,0,0,0,128,0,0,0,0,0,0,0,0,0,1037989.4512360096,152946.79258158803,12
0,1,0,0,0,0,0,0,0,0,0,0,0,0,0,0,0,1,1,0,1,0,0,0,0,0,0,129,0,0,0,0,0,0,0,0,0,1030053.0238674283,191480.8382167518,12
1,0,0,0,0,0,0,0,0,0,0,0,0,0,0,0,0,1,0,0,0,0,0,0,0,0,0,130,1,1,0,0,0,0,0,0,0,1034512.9063518345,197589.88406950235,12
1,0,0,0,0,0,0,0,0,0,0,0,0,0,0,0,0,1,0,0,0,0,0,0,0,0,0,131,1,1,0,0,0,0,0,0,0,1037817.1812393367,195011.5230845064,12
0,0,0,2,0,0,0,0,0,0,0,0,0,0,0,0,0,2,2,0,0,0,2,0,0,0,0,132,0,0,0,0,0,0,0,0,0,1048800.967998758,178418.9322540015,12
0,0,0,0,0,1,0,0,0,0,0,0,0,0,0,0,0,1,1,0,0,0,0,0,1,0,0,133,0,0,0,0,0,0,0,0,0,1040472.7139860094,186851.52989009023,12
0,0,0,0,1,0,0,0,0,0,0,0,0,0,0,0,0,1,1,0,0,0,0,1,0,0,0,134,0,0,0,0,0,0,0,0,0,1042382.9296537638,189913.17402926087,12
0,0,0,1,0,0,0,0,0,0,0,0,0,0,0,0,0,1,1,0,0,0,1,0,0,0,0,135,0,0,0,0,0,0,0,0,0,1042815.5767543465,189463.4275534153,12
0,1,0,0,0,0,0,0,0,0,0,0,0,0,0,0,0,1,1,0,1,0,0,0,0,0,0,136,0,0,0,0,0,0,0,0,0,1044736.2159576714,187968.75862675905,12
0,0,0,0,0,0,1,0,0,0,0,0,0,0,0,0,0,1,0,0,0,0,0,0,0,0,0,137,1,0,0,0,0,0,0,1,0,1045299.9349745959,182268.931115672,12
0,1,0,0,0,0,0,0,0,0,0,0,0,0,0,0,0,1,0,0,0,0,0,0,0,0,0,138,1,0,1,0,0,0,0,0,0,1055935.7273512632,172099.7716640085,12
0,0,0,0,0,0,0,1,0,0,0,0,0,0,0,0,0,1,1,0,0,0,0,0,0,0,1,139,0,0,0,0,0,0,0,0,0,1057864.2221819311,184293.358497262,12
0,0,0,0,1,0,0,0,0,0,0,0,0,0,0,0,0,1,0,0,0,0,0,0,0,0,0,140,1,0,0,0,0,1,0,0,0,1054632.9773320854,192994.41130508482,12
0,0,0,0,0,3,0,0,0,0,0,0,0,0,0,0,0,3,3,0,0,0,0,0,3,0,0,141,0,0,0,0,0,0,0,0,0,1000623.1263625026,208408.61210392416,12
0,0,0,0,0,0,1,0,1,0,0,0,0,0,0,1,0,1,0,0,0,0,0,0,0,0,0,142,0,0,0,0,0,0,0,0,0,1006925.3476819247,209270.67074725032,12
0,0,0,0,0,0,1,0,0,0,0,0,0,0,0,0,0,1,0,0,0,0,0,0,0,0,0,143,0,0,0,0,0,0,0,0,0,1003830.3213916719,211459.3901230842,12
0,0,0,0,0,0,1,0,0,0,0,0,0,0,0,0,0,1,1,0,0,0,0,0,0,1,0,144,0,0,0,0,0,0,0,0,0,1004057.9944927543,215491.4883580953,12
0,0,1,0,0,0,0,0,0,0,0,0,0,0,0,0,0,1,1,0,0,1,0,0,0,0,0,145,0,0,0,0,0,0,0,0,0,1006195.7887735963,211398.98670059443,12
0,0,0,0,0,0,0,1,0,0,0,0,0,0,0,0,0,1,1,0,0,0,0,0,0,0,1,146,0,0,0,0,0,0,0,0,0,1000965.7306641787,228728.498629421,12
0,0,0,1,0,0,0,0,0,0,0,0,0,0,0,0,0,1,1,0,0,0,1,0,0,0,0,147,0,0,0,0,0,0,0,0,0,1009481.1496569216,221592.8537800014,12
0,0,0,1,0,0,0,0,0,0,0,0,0,0,0,0,0,1,0,0,0,0,0,0,0,0,0,148,1,0,0,0,1,0,0,0,0,1009601.1166085899,222722.40532667935,12
0,0,0,0,0,0,0,1,0,0,0,0,0,0,0,0,0,1,0,0,0,0,0,0,0,0,0,149,1,0,0,0,0,0,0,0,1,1000098.1306933463,232836.4891010821,12
0,0,0,0,0,0,1,0,0,0,0,0,0,0,0,0,0,1,0,0,0,0,0,0,0,0,0,150,1,0,0,0,0,0,0,1,0,1001438.5217133462,232092.41250525415,12
0,0,0,1,0,0,0,0,0,0,0,0,0,0,0,0,0,1,0,0,0,0,0,0,0,0,0,151,0,0,0,0,0,0,0,0,0,1003410.4104860872,238231.03835134208,12
0,1,0,0,0,0,0,0,1,0,1,0,0,0,0,0,0,1,0,0,0,0,0,0,0,0,0,152,0,0,0,0,0,0,0,0,0,1007790.7068435848,236191.87576299906,12
0,0,0,0,0,1,0,0,0,0,0,0,0,0,0,0,0,1,0,0,0,0,0,0,0,0,0,153,1,0,0,0,0,0,1,0,0,1008186.3064460903,237870.19917801023,12
0,0,0,0,0,1,0,0,1,0,0,0,0,0,1,0,0,1,0,0,0,0,0,0,0,0,0,154,0,0,0,0,0,0,0,0,0,1008563.054380253,237959.5067421794,12
0,0,0,0,1,0,0,0,0,0,0,0,0,0,0,0,0,1,0,0,0,0,0,0,0,0,0,155,1,0,0,0,0,1,0,0,0,1003208.8459285945,248934.10716825724,12
0,0,0,0,0,0,0,1,0,0,0,0,0,0,0,0,0,1,0,0,0,0,0,0,0,0,0,156,1,0,0,0,0,0,0,0,1,1007026.7418360859,245404.86914800107,12
0,0,0,0,0,1,0,0,0,0,0,0,0,0,0,0,0,1,0,0,0,0,0,0,0,0,0,157,1,0,0,0,0,0,1,0,0,1004580.2933169305,252955.57222242653,12
0,0,1,0,0,0,0,0,0,0,0,0,0,0,0,0,0,1,1,0,0,1,0,0,0,0,0,158,0,0,0,0,0,0,0,0,0,1004715.4111569226,253909.43842491508,12
0,0,0,1,0,0,0,0,0,0,0,0,0,0,0,0,0,1,1,0,0,0,1,0,0,0,0,159,0,0,0,0,0,0,0,0,0,1005082.3986119181,251384.27615241706,12
0,0,0,1,0,0,0,0,0,0,0,0,0,0,0,0,0,1,0,0,0,0,0,0,0,0,0,160,1,0,0,0,1,0,0,0,0,1006981.5516377538,258890.43863350153,12
0,1,0,0,0,0,0,0,0,0,0,0,0,0,0,0,0,1,0,0,0,0,0,0,0,0,0,161,1,0,1,0,0,0,0,0,0,1015062.8704488426,201806.99505783617,12
1,0,0,0,0,0,0,0,0,0,0,0,0,0,0,0,0,1,0,0,0,0,0,0,0,0,0,162,1,1,0,0,0,0,0,0,0,1015728.0922155082,202214.13335117698,12
0,0,0,1,0,0,0,0,0,0,0,0,0,0,0,0,0,1,0,0,0,0,0,0,0,0,0,163,1,0,0,0,1,0,0,0,0,1014061.8028971702,211496.50290974975,12
1,0,0,0,0,0,0,0,0,0,0,0,0,0,0,0,0,1,0,0,0,0,0,0,0,0,0,164,1,1,0,0,0,0,0,0,0,1018982.4262580127,210094.17631809413,12
0,0,0,0,0,0,0,1,0,0,0,0,0,0,0,0,0,1,0,0,0,0,0,0,0,0,0,165,0,0,0,0,0,0,0,0,0,1015837.0306459218,238929.20230934024,12
0,0,0,1,0,0,0,0,0,0,0,0,0,0,0,0,0,1,0,0,0,0,0,0,0,0,0,166,0,0,0,0,0,0,0,0,0,1011337.3368894309,247382.6965571791,12
0,0,0,1,0,0,0,0,1,0,0,0,1,0,0,0,0,1,0,0,0,0,0,0,0,0,0,167,0,0,0,0,0,0,0,0,0,1012286.9412894249,241990.2729588449,12
1,0,0,0,0,0,0,0,0,0,0,0,0,0,0,0,0,1,0,0,0,0,0,0,0,0,0,168,1,1,0,0,0,0,0,0,0,1012055.1930652559,248011.85835659504,12
1,0,0,0,0,0,0,0,0,0,0,0,0,0,0,0,0,1,1,1,0,0,0,0,0,0,0,169,0,0,0,0,0,0,0,0,0,1014698.560153842,240525.52523216605,12
0,0,0,0,0,0,0,1,0,0,0,0,0,0,0,0,0,1,1,0,0,0,0,0,0,0,1,170,0,0,0,0,0,0,0,0,0,1014491.9746090025,242563.36859741807,12
0,0,0,0,1,0,0,0,0,0,0,0,0,0,0,0,0,1,0,0,0,0,0,0,0,0,0,171,1,0,0,0,0,1,0,0,0,1017428.5218855143,241149.09025800228,12
0,0,0,0,1,0,0,0,0,0,0,0,0,0,0,0,0,1,0,0,0,0,0,0,0,0,0,172,1,0,0,0,0,1,0,0,0,1017502.0519221723,243039.00117634237,12
0,0,0,0,0,1,0,0,0,0,0,0,0,0,0,0,0,1,1,0,0,0,0,0,1,0,0,173,0,0,0,0,0,0,0,0,0,1019150.2572871745,240476.2208688408,12
0,0,0,1,0,0,0,0,0,0,0,0,0,0,0,0,0,1,0,0,0,0,0,0,0,0,0,174,0,0,0,0,0,0,0,0,0,1019887.2571255118,245219.66249741614,12
0,0,0,0,0,1,0,0,0,0,0,0,0,0,0,0,0,1,1,0,0,0,0,0,1,0,0,175,0,0,0,0,0,0,0,0,0,1019795.14772968,246254.1223707497,12
0,0,0,0,1,0,0,0,0,0,0,0,0,0,0,0,0,1,1,0,0,0,0,1,0,0,0,176,0,0,0,0,0,0,0,0,0,1010603.2832394242,257938.5409310013,12
0,0,0,1,0,0,0,0,0,0,0,0,0,0,0,0,0,1,0,0,0,0,0,0,0,0,0,177,1,0,0,0,1,0,0,0,0,1010579.766226083,259507.70445933938,12
0,0,0,0,0,0,1,0,0,0,0,0,0,0,0,0,0,1,0,0,0,0,0,0,0,0,0,178,1,0,0,0,0,0,0,1,0,1012467.8726860881,255066.3685257584,12
0,0,0,1,0,0,0,0,0,0,0,0,0,0,0,0,0,1,1,0,0,0,1,0,0,0,0,179,0,0,0,0,0,0,0,0,0,1015105.7115705013,251627.07422325015,12
0,0,0,0,0,1,0,0,0,0,0,0,0,0,0,0,0,1,0,0,0,0,0,0,0,0,0,180,1,0,0,0,0,0,1,0,0,1012828.7344971746,270906.3394704163,12
0,0,0,0,1,0,0,0,1,0,0,0,0,1,0,0,0,1,0,0,0,0,0,0,0,0,0,181,0,0,0,0,0,0,0,0,0,1026938.4730099291,224663.19868917763,12
0,2,0,0,0,0,0,0,0,0,0,0,0,0,0,0,0,2,2,0,2,0,0,0,0,0,0,182,0,0,0,0,0,0,0,0,0,1024906.3051582575,248824.56670492887,12
0,0,0,1,0,0,0,0,0,0,0,0,0,0,0,0,0,1,0,0,0,0,0,0,0,0,0,183,0,0,0,0,0,0,0,0,0,1020048.9628388435,253136.94981242716,12
0,0,1,0,0,0,0,0,0,0,0,0,0,0,0,0,0,1,0,0,0,0,0,0,0,0,0,184,1,0,0,1,0,0,0,0,0,1022260.1821696758,254642.24207742512,12
1,0,0,0,0,0,0,0,0,0,0,0,0,0,0,0,0,1,1,1,0,0,0,0,0,0,0,185,0,0,0,0,0,0,0,0,0,1022507.8486690968,261989.80907517672,12
0,1,0,0,0,0,0,0,0,0,0,0,0,0,0,0,0,1,1,0,1,0,0,0,0,0,0,186,0,0,0,0,0,0,0,0,0,1027280.3784940839,267074.9921462536,12
0,0,0,0,0,0,1,0,1,0,0,0,0,0,0,1,0,1,0,0,0,0,0,0,0,0,0,187,0,0,0,0,0,0,0,0,0,1032877.8837032616,219596.95882166922,12
1,0,0,0,0,0,0,0,0,0,0,0,0,0,0,0,0,1,1,1,0,0,0,0,0,0,0,188,0,0,0,0,0,0,0,0,0,1038997.4577501714,218180.42950250208,12
0,0,0,0,1,0,0,0,0,0,0,0,0,0,0,0,0,1,1,0,0,0,0,1,0,0,0,189,0,0,0,0,0,0,0,0,0,1032323.9241812527,256107.55968484282,12
0,0,0,0,0,1,0,0,1,0,0,0,0,0,1,0,0,1,0,0,0,0,0,0,0,0,0,190,0,0,0,0,0,0,0,0,0,1033632.65450342,251668.97801083326,12
0,0,0,0,0,0,1,0,0,0,0,0,0,0,0,0,0,1,0,0,0,0,0,0,0,0,0,191,1,0,0,0,0,0,0,1,0,1042143.3963401765,209538.55406975746,12
0,0,1,0,0,0,0,0,0,0,0,0,0,0,0,0,0,1,0,0,0,0,0,0,0,0,0,192,1,0,0,1,0,0,0,0,0,1046772.7797979265,216358.81241084635,12
0,0,0,1,0,0,0,0,0,0,0,0,0,0,0,0,0,1,0,0,0,0,0,0,0,0,0,193,1,0,0,0,1,0,0,0,0,1048632.530015424,218938.9647308439,12
0,0,0,0,1,0,0,0,0,0,0,0,0,0,0,0,0,1,1,0,0,0,0,1,0,0,0,194,0,0,0,0,0,0,0,0,0,1042401.2337510139,226446.30831192434,12
1,0,0,0,0,0,0,0,0,0,0,0,0,0,0,0,0,1,1,1,0,0,0,0,0,0,0,195,0,0,0,0,0,0,0,0,0,1065566.7310550958,211144.49245892465,12
0,0,0,0,1,0,0,0,0,0,0,0,0,0,0,0,0,1,0,0,0,0,0,0,0,0,0,196,1,0,0,0,0,1,0,0,0,1001308.9517625123,198861.54163117707,12
0,0,0,1,0,0,0,0,0,0,0,0,0,0,0,0,0,1,0,0,0,0,0,0,0,0,0,197,0,0,0,0,0,0,0,0,0,1014199.415482834,241876.77449817955,12
0,1,0,0,0,0,0,0,0,0,0,0,0,0,0,0,0,1,0,0,0,0,0,0,0,0,0,198,0,0,0,0,0,0,0,0,0,1011235.286568597,247138.7761132568,12
0,0,0,1,0,0,0,0,0,0,0,0,0,0,0,0,0,1,0,0,0,0,0,0,0,0,0,199,1,0,0,0,1,0,0,0,0,1012009.4644821733,253420.0201124251,12
0,0,0,0,0,2,0,0,0,0,0,0,0,0,0,0,0,2,2,0,0,0,0,0,2,0,0,200,0,0,0,0,0,0,0,0,0,1050881.7971704304,158463.2969685048,12
0,0,0,0,1,0,0,0,0,0,0,0,0,0,0,0,0,1,0,0,0,0,0,0,0,0,0,201,1,0,0,0,0,1,0,0,0,1044003.6022654176,193412.38914367557,12
0,1,0,0,0,0,0,0,0,0,0,0,0,0,0,0,0,1,1,0,1,0,0,0,0,0,0,202,0,0,0,0,0,0,0,0,0,1002041.1875027567,186192.63028925657,12
0,0,0,0,0,0,1,0,0,0,0,0,0,0,0,0,0,1,0,0,0,0,0,0,0,0,0,203,1,0,0,0,0,0,0,1,0,978910.7308109999,173605.6826941669,12
0,0,0,0,0,0,0,1,0,0,0,0,0,0,0,0,0,1,0,0,0,0,0,0,0,0,0,204,1,0,0,0,0,0,0,0,1,1035946.6206760108,226236.95177525282,12
0,0,0,0,1,0,0,0,0,0,0,0,0,0,0,0,0,1,0,0,0,0,0,0,0,0,0,205,1,0,0,0,0,1,0,0,0,1036802.1832693368,178838.46553567052,12
0,0,0,0,1,0,0,0,0,0,0,0,0,0,0,0,0,1,1,0,0,0,0,1,0,0,0,206,0,0,0,0,0,0,0,0,0,993365.0798550099,213430.13388501108,12
0,0,0,0,0,0,1,0,0,0,0,0,0,0,0,0,0,1,0,0,0,0,0,0,0,0,0,207,1,0,0,0,0,0,0,1,0,988852.7532497644,191993.05832092464,12
0,0,0,0,1,0,0,0,0,0,0,0,0,0,0,0,0,1,0,0,0,0,0,0,0,0,0,208,1,0,0,0,0,1,0,0,0,1009285.6349560916,232877.71933358908,12
1,0,0,0,0,0,0,0,0,0,0,0,0,0,0,0,0,1,1,1,0,0,0,0,0,0,0,209,0,0,0,0,0,0,0,0,0,1008112.7206352502,247413.43107575178,12
0,0,0,1,0,0,0,0,0,0,0,0,0,0,0,0,0,1,0,0,0,0,0,0,0,0,0,210,1,0,0,0,1,0,0,0,0,984264.5373605937,184807.99657559395,12
0,0,0,1,0,0,0,0,0,0,0,0,0,0,0,0,0,1,1,0,0,0,1,0,0,0,0,1,0,0,0,0,0,0,0,0,0,1039051.230608508,254409.9098649174,13
0,0,0,0,0,1,0,0,0,0,0,0,0,0,0,0,0,1,0,0,0,0,0,0,0,0,0,2,1,0,0,0,0,0,1,0,0,1014109.5094946772,237605.81650467217,13
0,1,0,0,0,0,0,0,0,0,0,0,0,0,0,0,0,1,1,0,1,0,0,0,0,0,0,3,0,0,0,0,0,0,0,0,0,1041426.2455435097,206038.57747392356,13
0,0,0,3,0,0,0,0,0,0,0,0,0,0,0,0,0,3,3,0,0,0,3,0,0,0,0,4,0,0,0,0,0,0,0,0,0,922031.9128103405,124657.75729624927,13
0,0,0,1,0,0,0,0,0,0,0,0,0,0,0,0,0,1,1,0,0,0,1,0,0,0,0,5,0,0,0,0,0,0,0,0,0,925982.4971007556,130032.87548300624,13
0,0,0,0,0,1,0,0,0,0,0,0,0,0,0,0,0,1,0,0,0,0,0,0,0,0,0,6,1,0,0,0,0,0,1,0,0,939305.6591026783,148926.72844325006,13
0,0,1,0,0,0,0,0,0,0,0,0,0,0,0,0,0,1,0,0,0,0,0,0,0,0,0,7,1,0,0,1,0,0,0,0,0,938016.1150938421,167886.7449850887,13
0,0,0,0,0,1,0,0,0,0,0,0,0,0,0,0,0,1,1,0,0,0,0,0,1,0,0,8,0,0,0,0,0,0,0,0,0,942414.7503254265,135051.82541884482,13
0,1,0,0,0,0,0,0,0,0,0,0,0,0,0,0,0,1,1,0,1,0,0,0,0,0,0,9,0,0,0,0,0,0,0,0,0,943414.1052820832,147710.59143984318,13
0,0,0,0,0,0,1,0,0,0,0,0,0,0,0,0,0,1,0,0,0,0,0,0,0,0,0,10,1,0,0,0,0,0,0,1,0,947782.7904423475,164564.98391209543,13
0,0,0,1,0,0,0,0,0,0,0,0,0,0,0,0,0,1,0,0,0,0,0,0,0,0,0,11,1,0,0,0,1,0,0,0,0,963169.5080284178,167778.91449208558,13
0,0,0,0,0,0,1,0,0,0,0,0,0,0,0,0,0,1,0,0,0,0,0,0,0,0,0,12,1,0,0,0,0,0,0,1,0,966689.5600434244,162751.8907535076,13
0,0,0,0,0,0,0,1,0,0,0,0,0,0,0,0,0,1,0,0,0,0,0,0,0,0,0,13,1,0,0,0,0,0,0,0,1,979713.5986278355,168906.8387454152,13
0,0,0,0,1,0,0,0,0,0,0,0,0,0,0,0,0,1,0,0,0,0,0,0,0,0,0,14,1,0,0,0,0,1,0,0,0,975477.3078878373,171901.521076262,13
0,0,0,1,0,0,0,0,0,0,0,0,0,0,0,0,0,1,0,0,0,0,0,0,0,0,0,15,1,0,0,0,1,0,0,0,0,978317.5581128448,171717.1710512489,13
0,0,0,1,0,0,0,0,0,0,0,0,0,0,0,0,0,1,0,0,0,0,0,0,0,0,0,16,1,0,0,0,1,0,0,0,0,979466.8996461779,173170.15370959044,13
0,1,0,0,0,0,0,0,0,0,0,0,0,0,0,0,0,1,0,0,0,0,0,0,0,0,0,17,1,0,1,0,0,0,0,0,0,979237.2203155011,174022.5073198378,13
0,0,1,0,0,0,0,0,0,0,0,0,0,0,0,0,0,1,1,0,0,1,0,0,0,0,0,18,0,0,0,0,0,0,0,0,0,979882.5625287592,174834.0188201666,13
0,0,0,0,0,1,0,0,0,0,0,0,0,0,0,0,0,1,0,0,0,0,0,0,0,0,0,19,0,0,0,0,0,0,0,0,0,989255.2094658464,155965.27046850324,13
1,0,0,0,0,0,0,0,0,0,0,0,0,0,0,0,0,1,1,1,0,0,0,0,0,0,0,20,0,0,0,0,0,0,0,0,0,980721.7823070139,163420.79984875023,13
0,0,0,0,0,0,1,0,0,0,0,0,0,0,0,0,0,1,0,0,0,0,0,0,0,0,0,21,1,0,0,0,0,0,0,1,0,981783.5515089184,162247.08533267677,13
1,0,0,0,0,0,0,0,0,0,0,0,0,0,0,0,0,1,0,0,0,0,0,0,0,0,0,22,0,0,0,0,0,0,0,0,0,985535.4108030945,162971.43755850196,13
0,0,0,1,0,0,0,0,0,0,0,0,0,0,0,0,0,1,0,0,0,0,0,0,0,0,0,23,1,0,0,0,1,0,0,0,0,985750.3578797579,162088.0042860061,13
1,0,0,0,0,0,0,0,0,0,0,0,0,0,0,0,0,1,0,0,0,0,0,0,0,0,0,24,0,0,0,0,0,0,0,0,0,982911.7808797508,170106.70511208475,13
0,0,0,0,0,1,0,0,0,0,0,0,0,0,0,0,0,1,0,0,0,0,0,0,0,0,0,25,0,0,0,0,0,0,0,0,0,983905.6899811774,170980.15808959305,13
0,0,0,0,0,0,1,0,1,0,0,0,0,0,0,1,0,1,0,0,0,0,0,0,0,0,0,26,0,0,0,0,0,0,0,0,0,985934.6422880888,175021.23596541584,13
1,0,0,0,0,0,0,0,0,0,0,0,0,0,0,0,0,1,1,1,0,0,0,0,0,0,0,27,0,0,0,0,0,0,0,0,0,985443.7443197519,180714.13435649872,13
0,0,1,0,0,0,0,0,0,0,0,0,0,0,0,0,0,1,1,0,0,1,0,0,0,0,0,28,0,0,0,0,0,0,0,0,0,985716.9622772634,195396.14534676075,13
0,0,1,0,0,0,0,0,0,0,0,0,0,0,0,0,0,1,0,0,0,0,0,0,0,0,0,29,1,0,0,1,0,0,0,0,0,998118.7908200026,149566.21207241714,13
1,0,0,0,0,0,0,0,0,0,0,0,0,0,0,0,0,1,0,0,0,0,0,0,0,0,0,30,1,1,0,0,0,0,0,0,0,995506.555230841,155895.25420433283,13
0,0,1,0,0,0,0,0,0,0,0,0,0,0,0,0,0,1,1,0,0,1,0,0,0,0,0,31,0,0,0,0,0,0,0,0,0,990421.388563931,160893.31146542728,13
0,0,0,0,0,0,0,1,0,0,0,0,0,0,0,0,0,1,0,0,0,0,0,0,0,0,0,32,1,0,0,0,0,0,0,0,1,990897.900078088,169268.12083125114,13
0,0,0,0,0,0,0,1,0,0,0,0,0,0,0,0,0,1,0,0,0,0,0,0,0,0,0,33,1,0,0,0,0,0,0,0,1,991192.8958791792,161005.33912850916,13
0,0,1,0,0,0,0,0,0,0,0,0,0,0,0,0,0,1,1,0,0,1,0,0,0,0,0,34,0,0,0,0,0,0,0,0,0,992952.0459041744,163201.1250912547,13
1,0,0,0,0,0,0,0,0,0,0,0,0,0,0,0,0,1,0,0,0,0,0,0,0,0,0,35,1,1,0,0,0,0,0,0,0,994699.00435251,163453.9595593363,13
1,0,0,0,0,0,0,0,0,0,0,0,0,0,0,0,0,1,0,0,0,0,0,0,0,0,0,36,0,0,0,0,0,0,0,0,0,995743.9924200028,165383.36154042184,13
0,0,0,0,0,0,1,0,0,0,0,0,0,0,0,0,0,1,0,0,0,0,0,0,0,0,0,37,1,0,0,0,0,0,0,1,0,998459.8990616798,162058.33571016788,13
0,0,0,1,0,0,0,0,0,0,0,0,0,0,0,0,0,1,0,0,0,0,0,0,0,0,0,38,1,0,0,0,1,0,0,0,0,999105.3764452636,169429.23271375895,13
0,0,0,0,1,0,0,0,0,0,0,0,0,0,0,0,0,1,0,0,0,0,0,0,0,0,0,39,1,0,0,0,0,1,0,0,0,992187.4083258361,175455.46738041937,13
0,0,0,0,0,0,1,0,1,0,0,0,0,0,0,1,0,1,0,0,0,0,0,0,0,0,0,40,0,0,0,0,0,0,0,0,0,993625.0038758367,177252.70427151024,13
0,0,0,0,0,0,1,0,0,0,0,0,0,0,0,0,0,1,0,0,0,0,0,0,0,0,0,41,1,0,0,0,0,0,0,1,0,994989.0693891793,170592.73104292154,13
0,0,0,1,0,0,0,0,0,0,0,0,0,0,0,0,0,1,0,0,0,0,0,0,0,0,0,42,1,0,0,0,1,0,0,0,0,998280.3751424998,170448.6102681756,13
0,0,0,0,1,0,0,0,1,0,0,0,0,1,0,0,0,1,0,0,0,0,0,0,0,0,0,43,0,0,0,0,0,0,0,0,0,999238.9132516682,174102.04128150642,13
0,0,1,0,0,0,0,0,0,0,0,0,0,0,0,0,0,1,0,0,0,0,0,0,0,0,0,44,1,0,0,1,0,0,0,0,0,990502.1754758358,188495.92292675376,13
0,1,0,0,0,0,0,0,0,0,0,0,0,0,0,0,0,1,0,0,0,0,0,0,0,0,0,45,1,0,1,0,0,0,0,0,0,994215.051908344,186794.39089675248,13
0,0,0,1,0,0,0,0,0,0,0,0,0,0,0,0,0,1,0,0,0,0,0,0,0,0,0,46,1,0,0,0,1,0,0,0,0,995908.3621700108,183617.72730259597,13
1,0,0,0,0,0,0,0,0,0,0,0,0,0,0,0,0,1,1,1,0,0,0,0,0,0,0,47,0,0,0,0,0,0,0,0,0,995382.1985241771,189989.6568159163,13
0,0,0,0,1,0,0,0,0,0,0,0,0,0,0,0,0,1,0,0,0,0,0,0,0,0,0,48,1,0,0,0,0,1,0,0,0,996546.4416025132,187436.0923692584,13
0,1,0,0,0,0,0,0,0,0,0,0,0,0,0,0,0,1,1,0,1,0,0,0,0,0,0,49,0,0,0,0,0,0,0,0,0,997213.1069358438,183381.549953416,13
0,0,0,0,1,0,0,0,0,0,0,0,0,0,0,0,0,1,0,0,0,0,0,0,0,0,0,50,1,0,0,0,0,1,0,0,0,997183.3104075044,187255.55139175057,13
0,0,1,0,0,0,0,0,0,0,0,0,0,0,0,0,0,1,0,0,0,0,0,0,0,0,0,51,1,0,0,1,0,0,0,0,0,993528.0027575046,195653.89712783694,13
0,0,0,0,0,0,1,0,0,0,0,0,0,0,0,0,0,1,0,0,0,0,0,0,0,0,0,52,1,0,0,0,0,0,0,1,0,996167.7317300141,193934.4291100949,13
0,0,0,0,0,1,0,0,0,0,0,0,0,0,0,0,0,1,0,0,0,0,0,0,0,0,0,53,0,0,0,0,0,0,0,0,0,999487.281849429,190339.78078758717,13
0,0,0,0,0,1,0,0,0,0,0,0,0,0,0,0,0,1,1,0,0,0,0,0,1,0,0,54,0,0,0,0,0,0,0,0,0,999799.6995316744,198551.66036117077,13
0,0,0,0,0,0,0,1,0,0,0,0,0,0,0,0,0,1,0,0,0,0,0,0,0,0,0,55,0,0,0,0,0,0,0,0,0,982399.8330847621,200328.54329033196,13
0,0,0,0,0,0,1,0,0,0,0,0,0,0,0,0,0,1,0,0,0,0,0,0,0,0,0,56,1,0,0,0,0,0,0,1,0,983809.7233095914,200605.30126701295,13
0,0,0,0,0,1,0,0,0,0,0,0,0,0,0,0,0,1,0,0,0,0,0,0,0,0,0,57,1,0,0,0,0,0,1,0,0,986945.9919714183,202840.29646892846,13
0,1,0,0,0,0,0,0,0,0,0,0,0,0,0,0,0,1,0,0,0,0,0,0,0,0,0,58,1,0,1,0,0,0,0,0,0,987399.206944257,202660.99170942605,13
0,0,0,0,0,1,0,0,0,0,0,0,0,0,0,0,0,1,0,0,0,0,0,0,0,0,0,59,1,0,0,0,0,0,1,0,0,987040.936663419,205074.89600233734,13
0,0,0,1,0,0,0,0,0,0,0,0,0,0,0,0,0,1,0,0,0,0,0,0,0,0,0,60,1,0,0,0,1,0,0,0,0,984534.7500747591,210565.44506059587,13
0,0,0,0,0,0,0,1,1,0,0,0,0,0,0,0,1,1,0,0,0,0,0,0,0,0,0,61,0,0,0,0,0,0,0,0,0,984088.1466372609,215324.65109333396,13
0,1,0,0,0,0,0,0,1,0,1,0,0,0,0,0,0,1,0,0,0,0,0,0,0,0,0,62,0,0,0,0,0,0,0,0,0,985592.8165281713,210612.76648825407,13
1,0,0,0,0,0,0,0,0,0,0,0,0,0,0,0,0,1,0,0,0,0,0,0,0,0,0,63,1,1,0,0,0,0,0,0,0,987411.2272614241,211078.0326180905,13
0,0,0,0,0,0,0,1,0,0,0,0,0,0,0,0,0,1,0,0,0,0,0,0,0,0,0,64,1,0,0,0,0,0,0,0,1,987341.033832252,215631.11373500526,13
0,0,1,0,0,0,0,0,0,0,0,0,0,0,0,0,0,1,0,0,0,0,0,0,0,0,0,65,1,0,0,1,0,0,0,0,0,989235.390279755,210068.48411226273,13
0,0,0,1,0,0,0,0,0,0,0,0,0,0,0,0,0,1,0,0,0,0,0,0,0,0,0,66,1,0,0,0,1,0,0,0,0,991996.8312791735,204100.12039284408,13
0,0,0,0,0,0,0,1,0,0,0,0,0,0,0,0,0,1,0,0,0,0,0,0,0,0,0,67,1,0,0,0,0,0,0,0,1,991316.8523241729,211314.26574142277,13
0,0,1,0,0,0,0,0,0,0,0,0,0,0,0,0,0,1,0,0,0,0,0,0,0,0,0,68,0,0,0,0,0,0,0,0,0,997490.5538875014,212181.4096764177,13
0,0,0,0,0,1,0,0,0,0,0,0,0,0,0,0,0,1,0,0,0,0,0,0,0,0,0,69,1,0,0,0,0,0,1,0,0,992725.7999655902,227204.4695252627,13
0,0,0,0,0,0,1,0,0,0,0,0,0,0,0,0,0,1,0,0,0,0,0,0,0,0,0,70,1,0,0,0,0,0,0,1,0,995684.543720007,220660.74278333783,13
0,0,0,0,0,0,0,1,1,0,0,0,0,0,0,0,1,1,0,0,0,0,0,0,0,0,0,71,0,0,0,0,0,0,0,0,0,995518.6975950003,223517.81712166965,13
0,0,1,0,0,0,0,0,0,0,0,0,0,0,0,0,0,1,0,0,0,0,0,0,0,0,0,72,1,0,0,1,0,0,0,0,0,997088.661646679,220185.05475834012,13
0,1,0,0,0,0,0,0,1,0,1,0,0,0,0,0,0,1,0,0,0,0,0,0,0,0,0,73,0,0,0,0,0,0,0,0,0,998004.30614084,223386.5411375016,13
0,0,0,1,0,0,0,0,0,0,0,0,0,0,0,0,0,1,0,0,0,0,0,0,0,0,0,74,1,0,0,0,1,0,0,0,0,998281.3922008425,225347.96733275056,13
0,0,1,0,0,0,0,0,0,0,0,0,0,0,0,0,0,1,0,0,0,0,0,0,0,0,0,75,1,0,0,1,0,0,0,0,0,999304.3724383414,227192.10636100173,13
0,0,1,0,0,0,0,0,0,0,0,0,0,0,0,0,0,1,0,0,0,0,0,0,0,0,0,76,0,0,0,0,0,0,0,0,0,993468.727941677,232259.03946858644,13
0,0,0,0,0,0,1,0,0,0,0,0,0,0,0,0,0,1,0,0,0,0,0,0,0,0,0,77,0,0,0,0,0,0,0,0,0,996903.9310450107,234746.72445383668,13
0,0,1,0,0,0,0,0,0,0,0,0,0,0,0,0,0,1,1,0,0,1,0,0,0,0,0,78,0,0,0,0,0,0,0,0,0,997392.2109083384,231914.02047358453,13
0,1,0,0,0,0,0,0,0,0,0,0,0,0,0,0,0,1,0,0,0,0,0,0,0,0,0,79,1,0,1,0,0,0,0,0,0,997850.2788898349,241052.59340375662,13
1,0,0,0,0,0,0,0,0,0,0,0,0,0,0,0,0,1,0,0,0,0,0,0,0,0,0,80,0,0,0,0,0,0,0,0,0,999663.8336616755,244252.11226716638,13
1,0,0,0,0,0,0,0,1,1,0,0,0,0,0,0,0,1,0,0,0,0,0,0,0,0,0,81,0,0,0,0,0,0,0,0,0,1003466.1026319265,168076.82728208601,13
0,0,0,1,0,0,0,0,0,0,0,0,0,0,0,0,0,1,0,0,0,0,0,0,0,0,0,82,1,0,0,0,1,0,0,0,0,1004549.7126694173,164784.96378709376,13
0,0,1,0,0,0,0,0,0,0,0,0,0,0,0,0,0,1,1,0,0,1,0,0,0,0,0,83,0,0,0,0,0,0,0,0,0,1007093.7462952584,166524.28117458522,13
0,0,0,1,0,0,0,0,0,0,0,0,0,0,0,0,0,1,0,0,0,0,0,0,0,0,0,84,1,0,0,0,1,0,0,0,0,1004096.5442844182,176889.7489606738,13
0,1,0,0,0,0,0,0,0,0,0,0,0,0,0,0,0,1,1,0,1,0,0,0,0,0,0,85,0,0,0,0,0,0,0,0,0,1006749.4261177629,174422.59510233998,13
0,0,0,0,1,0,0,0,1,0,0,0,0,1,0,0,0,1,0,0,0,0,0,0,0,0,0,86,0,0,0,0,0,0,0,0,0,1008928.8410502523,171340.36045317352,13
0,0,0,1,0,0,0,0,0,0,0,0,0,0,0,0,0,1,1,0,0,0,1,0,0,0,0,87,0,0,0,0,0,0,0,0,0,1001234.5457433462,185666.6211706698,13
0,0,0,2,0,0,0,0,0,0,0,0,0,0,0,0,0,2,0,0,0,0,0,0,0,0,0,88,2,0,0,0,2,0,0,0,0,1002590.1988719255,183000.00576899946,13
0,0,0,0,0,0,0,1,0,0,0,0,0,0,0,0,0,1,0,0,0,0,0,0,0,0,0,89,0,0,0,0,0,0,0,0,0,1002614.7493477613,183342.5047559291,13
1,0,0,0,0,0,0,0,0,0,0,0,0,0,0,0,0,1,0,0,0,0,0,0,0,0,0,90,1,1,0,0,0,0,0,0,0,1003404.3737527579,183595.34873841703,13
0,1,0,0,0,0,0,0,0,0,0,0,0,0,0,0,0,1,0,0,0,0,0,0,0,0,0,91,1,0,1,0,0,0,0,0,0,1004173.040194422,183540.36853341758,13
1,0,0,0,0,0,0,0,0,0,0,0,0,0,0,0,0,1,0,0,0,0,0,0,0,0,0,92,1,1,0,0,0,0,0,0,0,1005100.2332219183,185677.20809175074,13
0,0,0,1,0,0,0,0,0,0,0,0,0,0,0,0,0,1,0,0,0,0,0,0,0,0,0,93,1,0,0,0,1,0,0,0,0,1005617.0464927554,188539.2627350837,13
0,0,0,0,0,0,0,1,0,0,0,0,0,0,0,0,0,1,0,0,0,0,0,0,0,0,0,94,0,0,0,0,0,0,0,0,0,1008874.0478527546,184509.52374733984,13
0,1,0,0,0,0,0,0,0,0,0,0,0,0,0,0,0,1,0,0,0,0,0,0,0,0,0,95,0,0,0,0,0,0,0,0,0,1000313.7011283338,190192.7075909227,13
0,0,0,0,0,0,0,1,0,0,0,0,0,0,0,0,0,1,1,0,0,0,0,0,0,0,1,96,0,0,0,0,0,0,0,0,0,1002577.1611683369,198442.1822336763,13
0,0,0,0,0,0,0,1,0,0,0,0,0,0,0,0,0,1,0,0,0,0,0,0,0,0,0,97,0,0,0,0,0,0,0,0,0,1007263.9821752608,191929.3609417528,13
0,0,0,0,1,0,0,0,0,0,0,0,0,0,0,0,0,1,1,0,0,0,0,1,0,0,0,98,0,0,0,0,0,0,0,0,0,1009759.8531677574,198630.5709645003,13
0,0,0,1,0,0,0,0,0,0,0,0,0,0,0,0,0,1,0,0,0,0,0,0,0,0,0,99,1,0,0,0,1,0,0,0,0,1015289.3135655075,169709.64881959558,13
1,0,0,0,0,0,0,0,0,0,0,0,0,0,0,0,0,1,0,0,0,0,0,0,0,0,0,100,1,1,0,0,0,0,0,0,0,1016755.1833371669,170076.09821791947,13
0,0,0,0,1,0,0,0,0,0,0,0,0,0,0,0,0,1,0,0,0,0,0,0,0,0,0,101,1,0,0,0,0,1,0,0,0,1010735.0142751783,176784.97193925083,13
0,0,0,1,0,0,0,0,0,0,0,0,0,0,0,0,0,1,1,0,0,0,1,0,0,0,0,102,0,0,0,0,0,0,0,0,0,1010174.212247178,177333.7178890109,13
0,0,0,0,0,0,0,1,0,0,0,0,0,0,0,0,0,1,0,0,0,0,0,0,0,0,0,103,1,0,0,0,0,0,0,0,1,1011654.2650613338,170572.99354958534,13
0,0,0,0,1,0,0,0,0,0,0,0,0,0,0,0,0,1,0,0,0,0,0,0,0,0,0,104,1,0,0,0,0,1,0,0,0,1012586.2415438443,170341.17970874906,13
0,0,0,0,0,1,0,0,0,0,0,0,0,0,0,0,0,1,0,0,0,0,0,0,0,0,0,105,1,0,0,0,0,0,1,0,0,1013146.4307121783,176791.21241234243,13
0,1,1,0,0,0,0,0,1,0,0,1,0,0,0,0,0,2,0,0,0,0,0,0,0,0,0,106,1,0,1,0,0,0,0,0,0,1014609.1905819178,179212.12620566785,13
0,0,0,1,0,0,0,0,0,0,0,0,0,0,0,0,0,1,0,0,0,0,0,0,0,0,0,107,1,0,0,0,1,0,0,0,0,1010958.9088405073,194469.05697783828,13
0,0,0,0,0,0,1,0,0,0,0,0,0,0,0,0,0,1,0,0,0,0,0,0,0,0,0,108,1,0,0,0,0,0,0,1,0,1025769.41366826,182071.19168175757,13
0,0,1,0,0,0,0,0,0,0,0,0,0,0,0,0,0,1,1,0,0,1,0,0,0,0,0,109,0,0,0,0,0,0,0,0,0,1021674.1233024299,198260.52577283978,13
0,0,0,0,1,0,0,0,0,0,0,0,0,0,0,0,0,1,1,0,0,0,0,1,0,0,0,110,0,0,0,0,0,0,0,0,0,1035378.2228626758,181771.32384316623,13
0,1,0,0,0,0,0,0,0,0,0,0,0,0,0,0,0,1,1,0,1,0,0,0,0,0,0,111,0,0,0,0,0,0,0,0,0,1031808.154871583,190431.36196926236,13
0,0,0,0,0,0,1,0,0,0,0,0,0,0,0,0,0,1,1,0,0,0,0,0,0,1,0,112,0,0,0,0,0,0,0,0,0,1031944.3688380122,192185.27873700857,13
0,0,0,0,1,0,0,0,0,0,0,0,0,0,0,0,0,1,1,0,0,0,0,1,0,0,0,113,0,0,0,0,0,0,0,0,0,1033082.2464835048,190909.4318792522,13
0,0,0,0,0,0,0,1,1,0,0,0,0,0,0,0,1,1,0,0,0,0,0,0,0,0,0,114,0,0,0,0,0,0,0,0,0,1036665.7366918474,191394.4407517612,13
1,0,0,0,0,0,0,0,0,0,0,0,0,0,0,0,0,1,1,1,0,0,0,0,0,0,0,115,0,0,0,0,0,0,0,0,0,1046304.877190426,156352.82218684256,13
0,0,0,1,0,0,0,0,0,0,0,0,0,0,0,0,0,1,0,0,0,0,0,0,0,0,0,116,1,0,0,0,1,0,0,0,0,1049831.4285362512,156462.7596310079,13
0,0,0,1,0,0,0,0,0,0,0,0,0,0,0,0,0,1,0,0,0,0,0,0,0,0,0,117,1,0,0,0,1,0,0,0,0,1041634.5584470928,186721.51374591887,13
0,0,0,0,0,0,1,0,0,0,0,0,0,0,0,0,0,1,1,0,0,0,0,0,0,1,0,118,0,0,0,0,0,0,0,0,0,1041890.4047201723,181910.78189758956,13
0,0,0,0,0,0,1,0,0,0,0,0,0,0,0,0,0,1,0,0,0,0,0,0,0,0,0,119,1,0,0,0,0,0,0,1,0,1045929.7467070967,187853.8474392593,13
0,0,0,0,0,1,0,0,0,0,0,0,0,0,0,0,0,1,1,0,0,0,0,0,1,0,0,120,0,0,0,0,0,0,0,0,0,1043442.5308810025,190788.4442603439,13
0,0,1,0,0,0,0,0,0,0,0,0,0,0,0,0,0,1,0,0,0,0,0,0,0,0,0,121,1,0,0,1,0,0,0,0,0,1052359.6911962628,160292.6466562599,13
0,0,0,0,0,0,0,1,0,0,0,0,0,0,0,0,0,1,0,0,0,0,0,0,0,0,0,122,1,0,0,0,0,0,0,0,1,1053571.5322765112,160347.94871100783,13
0,0,0,0,1,0,0,0,0,0,0,0,0,0,0,0,0,1,1,0,0,0,0,1,0,0,0,123,0,0,0,0,0,0,0,0,0,1055935.7273512632,172099.7716640085,13
0,0,0,0,0,0,0,1,1,0,0,0,0,0,0,0,1,1,0,0,0,0,0,0,0,0,0,124,0,0,0,0,0,0,0,0,0,1059487.5637515038,187837.57450592518,13
0,1,0,0,0,0,0,0,0,0,0,0,0,0,0,0,0,1,1,0,1,0,0,0,0,0,0,125,0,0,0,0,0,0,0,0,0,1001400.2967241704,201899.96403200924,13
0,1,0,0,0,0,0,0,0,0,0,0,0,0,0,0,0,1,0,0,0,0,0,0,0,0,0,126,1,0,1,0,0,0,0,0,0,1008256.0668052584,201258.0919561684,13
1,0,0,0,0,0,0,0,0,0,0,0,0,0,0,0,0,1,1,1,0,0,0,0,0,0,0,127,0,0,0,0,0,0,0,0,0,1000090.9948808402,214734.3901347518,13
1,0,0,0,0,0,0,0,0,0,0,0,0,0,0,0,0,1,0,0,0,0,0,0,0,0,0,128,1,1,0,0,0,0,0,0,0,1007887.3569127619,213874.16547726095,13
0,0,0,0,1,0,0,0,0,0,0,0,0,0,0,0,0,1,0,0,0,0,0,0,0,0,0,129,1,0,0,0,0,1,0,0,0,1005304.8981669247,221499.11709083617,13
0,0,0,0,0,0,1,0,0,0,0,0,0,0,0,0,0,1,0,0,0,0,0,0,0,0,0,130,1,0,0,0,0,0,0,1,0,1001901.098544091,238191.37340442836,13
0,0,0,0,1,0,0,0,0,0,0,0,0,0,0,0,0,1,1,0,0,0,0,1,0,0,0,131,0,0,0,0,0,0,0,0,0,1004119.2574935853,236771.22827884555,13
0,0,0,0,0,1,0,1,1,0,0,0,0,0,1,0,0,2,0,0,0,0,0,0,0,0,0,132,0,0,0,0,0,0,0,0,0,1004367.8888860941,237508.8449138403,13
0,1,0,0,0,0,0,0,0,0,0,0,0,0,0,0,0,1,1,0,1,0,0,0,0,0,0,133,0,0,0,0,0,0,0,0,0,1005597.1548002511,234065.54832275212,13
0,1,0,0,0,0,0,0,0,0,0,0,0,0,0,0,0,1,1,0,1,0,0,0,0,0,0,134,0,0,0,0,0,0,0,0,0,1007891.9632027596,231884.51265859604,13
1,0,0,0,0,0,0,0,1,1,0,0,0,0,0,0,0,1,0,0,0,0,0,0,0,0,0,135,0,0,0,0,0,0,0,0,0,1008076.2508919239,232110.82782275975,13
0,0,0,1,0,0,0,0,0,0,0,0,0,0,0,0,0,1,1,0,0,0,1,0,0,0,0,136,0,0,0,0,0,0,0,0,0,1008795.7376419306,232289.144395262,13
0,0,0,0,1,0,0,0,1,0,0,0,0,1,0,0,0,1,0,0,0,0,0,0,0,0,0,137,0,0,0,0,0,0,0,0,0,1008344.6722710878,235949.35984383523,13
0,1,0,0,0,0,0,0,0,0,0,0,0,0,0,0,0,1,0,0,0,0,0,0,0,0,0,138,1,0,1,0,0,0,0,0,0,1009590.3161052614,231778.4433169216,13
0,0,0,0,0,1,0,0,0,0,0,0,0,0,0,0,0,1,1,0,0,0,0,0,1,0,0,139,0,0,0,0,0,0,0,0,0,1004749.4071519226,240879.9766229987,13
0,0,1,0,0,0,0,0,0,0,0,0,0,0,0,0,0,1,0,0,0,0,0,0,0,0,0,140,1,0,0,1,0,0,0,0,0,1006826.5158585906,244025.1999913454,13
0,0,0,0,0,1,0,0,0,0,0,0,0,0,0,0,0,1,1,0,0,0,0,0,1,0,0,141,0,0,0,0,0,0,0,0,0,1009260.5497044176,242512.74894800782,13
0,0,0,0,0,2,0,0,0,0,0,0,0,0,0,0,0,2,0,0,0,0,0,0,0,0,0,142,2,0,0,0,0,0,2,0,0,1006378.4262035936,254720.88693325222,13
0,0,0,0,0,0,1,0,0,0,0,0,0,0,0,0,0,1,0,0,0,0,0,0,0,0,0,143,1,0,0,0,0,0,0,1,0,1009403.1347210854,261896.40703099966,13
0,0,0,2,0,0,0,0,0,0,0,0,0,0,0,0,0,2,0,0,0,0,0,0,0,0,0,144,1,0,0,0,1,0,0,0,0,1010796.2595595121,205295.4050757587,13
0,0,0,0,0,0,1,0,0,0,0,0,0,0,0,0,0,1,1,0,0,0,0,0,0,1,0,145,0,0,0,0,0,0,0,0,0,1010206.3122485876,209516.99899475276,13
1,0,0,0,0,0,0,0,0,0,0,0,0,0,0,0,0,1,1,1,0,0,0,0,0,0,0,146,0,0,0,0,0,0,0,0,0,1018873.3188646734,206497.92038725317,13
0,0,0,0,1,0,0,0,0,0,0,0,0,0,0,0,0,1,0,0,0,0,0,0,0,0,0,147,1,0,0,0,0,1,0,0,0,1015127.9424971789,215233.1027200073,13
0,1,0,0,0,0,0,0,0,0,0,0,0,0,0,0,0,1,1,0,1,0,0,0,0,0,0,148,0,0,0,0,0,0,0,0,0,1016304.5051046759,212450.2149130851,13
0,0,0,0,0,1,0,0,0,0,0,0,0,0,0,0,0,1,1,0,0,0,0,0,1,0,0,149,0,0,0,0,0,0,0,0,0,1015466.5113738477,234421.14767716825,13
0,0,0,0,0,0,1,0,0,0,0,0,0,0,0,0,0,1,0,0,0,0,0,0,0,0,0,150,0,0,0,0,0,0,0,0,0,1018538.1948630065,234547.8797071725,13
0,0,1,0,0,1,0,0,0,0,0,0,0,0,0,0,0,2,0,0,0,0,0,0,0,0,0,151,2,0,0,1,0,0,1,0,0,1014505.5825214237,239974.53748901188,13
0,0,0,1,0,0,0,0,0,0,0,0,0,0,0,0,0,1,1,0,0,0,1,0,0,0,0,152,0,0,0,0,0,0,0,0,0,1014658.2551163435,247116.8995165825,13
0,0,0,0,1,0,0,0,0,0,0,0,0,0,0,0,0,1,0,0,0,0,0,0,0,0,0,153,0,0,0,0,0,0,0,0,0,1014555.7093896717,248585.41692075133,13
0,0,0,0,0,1,0,0,0,0,0,0,0,0,0,0,0,1,0,0,0,0,0,0,0,0,0,154,0,0,0,0,0,0,0,0,0,1017947.9270146787,241203.8572088331,13
2,0,0,0,0,0,0,0,0,0,0,0,0,0,0,0,0,2,2,2,0,0,0,0,0,0,0,155,0,0,0,0,0,0,0,0,0,1018998.6138896793,241346.4291021675,13
1,0,0,0,0,0,0,0,1,1,0,0,0,0,0,0,0,1,0,0,0,0,0,0,0,0,0,156,0,0,0,0,0,0,0,0,0,1019333.8953713477,242430.84294383228,13
0,0,0,0,1,0,0,0,0,0,0,0,0,0,0,0,0,1,1,0,0,0,0,1,0,0,0,157,0,0,0,0,0,0,0,0,0,1010990.4248535931,254548.7284849286,13
0,0,0,0,1,0,0,0,0,0,0,0,0,0,0,0,0,1,1,0,0,0,0,1,0,0,0,158,0,0,0,0,0,0,0,0,0,1010011.9589627534,256541.22089099884,13
1,0,0,0,0,0,0,0,0,0,0,0,0,0,0,0,0,1,0,0,0,0,0,0,0,0,0,159,1,1,0,0,0,0,0,0,0,1010325.7280202508,257399.6082818359,13
0,0,0,0,0,0,0,1,0,0,0,0,0,0,0,0,0,1,0,0,0,0,0,0,0,0,0,160,0,0,0,0,0,0,0,0,0,1014104.4737435877,252367.046496585,13
0,0,0,0,1,0,0,0,0,0,0,0,0,0,0,0,0,1,1,0,0,0,0,1,0,0,0,161,0,0,0,0,0,0,0,0,0,1017177.3806555122,252091.10544742644,13
0,0,0,0,0,1,0,0,0,0,0,0,0,0,0,0,0,1,0,0,0,0,0,0,0,0,0,162,1,0,0,0,0,0,1,0,0,1011722.1848729998,261758.9958885014,13
0,1,0,0,0,0,0,0,0,0,0,0,0,0,0,0,0,1,0,0,0,0,0,0,0,0,0,163,1,0,1,0,0,0,0,0,0,1017306.4059880078,260716.88839267194,13
0,0,1,0,0,0,0,0,0,0,0,0,0,0,0,0,0,1,1,0,0,1,0,0,0,0,0,164,0,0,0,0,0,0,0,0,0,1012828.7344971746,270906.3394704163,13
0,0,1,0,0,0,0,0,0,0,0,0,0,0,0,0,0,1,0,0,0,0,0,0,0,0,0,165,1,0,0,1,0,0,0,0,0,1020363.9294005036,203493.80566059053,13
0,0,0,0,1,0,0,0,1,0,0,0,0,1,0,0,0,1,0,0,0,0,0,0,0,0,0,166,0,0,0,0,0,0,0,0,0,1020074.3958588392,211693.9533022493,13
0,0,1,0,0,0,0,0,0,0,0,0,0,0,0,0,0,1,0,0,0,0,0,0,0,0,0,167,1,0,0,1,0,0,0,0,0,1020320.0023230016,217846.8507733345,13
0,0,1,0,0,0,0,0,0,0,0,0,0,0,0,0,0,1,0,0,0,0,0,0,0,0,0,168,1,0,0,1,0,0,0,0,0,1022507.5602838397,215391.96395084262,13
0,0,1,0,0,0,0,0,0,0,0,0,0,0,0,0,0,1,0,0,0,0,0,0,0,0,0,169,1,0,0,1,0,0,0,0,0,1025087.7647690922,213482.36507976055,13
1,0,0,0,0,0,0,0,0,0,0,0,0,0,0,0,0,1,1,1,0,0,0,0,0,0,0,170,0,0,0,0,0,0,0,0,0,1029994.165717423,210242.49295058846,13
0,0,0,0,0,0,0,1,0,0,0,0,0,0,0,0,0,1,0,0,0,0,0,0,0,0,0,171,1,0,0,0,0,0,0,0,1,1025329.3226849288,238319.29604883492,13
0,0,0,1,0,0,0,0,0,0,0,0,0,0,0,0,0,1,0,0,0,0,0,0,0,0,0,172,1,0,0,0,1,0,0,0,0,1021098.8524713367,249329.46070826054,13
0,0,1,0,0,0,0,0,0,0,0,0,0,0,0,0,0,1,0,0,0,0,0,0,0,0,0,173,1,0,0,1,0,0,0,0,0,1023364.6911155134,248873.2247440964,13
0,0,0,0,0,0,1,0,0,0,0,0,0,0,0,0,0,1,0,0,0,0,0,0,0,0,0,174,1,0,0,0,0,0,0,1,0,1023392.332136333,249844.0069232583,13
0,0,0,0,1,0,0,0,1,0,0,0,0,1,0,0,0,1,0,0,0,0,0,0,0,0,0,175,0,0,0,0,0,0,0,0,0,1022556.1789530069,255380.3341051787,13
1,0,0,0,0,0,0,0,0,0,0,0,0,0,0,0,0,1,0,0,0,0,0,0,0,0,0,176,1,1,0,0,0,0,0,0,0,1025759.1066022515,256738.0813896656,13
0,0,0,0,1,0,0,0,0,0,0,0,0,0,0,0,0,1,1,0,0,0,0,1,0,0,0,177,0,0,0,0,0,0,0,0,0,1025332.6297649294,268624.8118812591,13
0,0,0,0,1,0,0,0,0,0,0,0,0,0,0,0,0,1,0,0,0,0,0,0,0,0,0,178,1,0,0,0,0,1,0,0,0,1033927.1824576706,218034.37992583215,13
1,0,0,0,0,0,0,0,0,0,0,0,0,0,0,0,0,1,0,0,0,0,0,0,0,0,0,179,1,1,0,0,0,0,0,0,0,1037621.4565651715,217498.20317667723,13
0,1,0,0,0,0,0,0,0,0,0,0,0,0,0,0,0,1,1,0,1,0,0,0,0,0,0,180,0,0,0,0,0,0,0,0,0,1033283.8143218458,239439.1658563316,13
0,0,0,1,0,0,0,0,0,0,0,0,0,0,0,0,0,1,0,0,0,0,0,0,0,0,0,181,1,0,0,0,1,0,0,0,0,1033796.063953504,240113.96765634418,13
0,0,0,0,0,0,0,1,0,0,0,0,0,0,0,0,0,1,0,0,0,0,0,0,0,0,0,182,1,0,0,0,0,0,0,0,1,1032866.4109571725,254386.59659133852,13
0,0,0,0,0,0,0,1,0,0,0,0,0,0,0,0,0,1,0,0,0,0,0,0,0,0,0,183,1,0,0,0,0,0,0,0,1,1045896.1709868461,205383.93442626297,13
0,0,1,0,0,0,0,0,0,0,0,0,0,0,0,0,0,1,0,0,0,0,0,0,0,0,0,184,1,0,0,1,0,0,0,0,0,1047197.3393162638,207601.376185596,13
0,0,0,0,0,1,0,0,0,0,0,0,0,0,0,0,0,1,0,0,0,0,0,0,0,0,0,185,1,0,0,0,0,0,1,0,0,1050931.1212187558,202070.9479420036,13
0,0,0,1,0,0,0,0,0,0,0,0,0,0,0,0,0,1,1,0,0,0,1,0,0,0,0,186,0,0,0,0,0,0,0,0,0,1055463.7561823428,217139.15238559246,13
0,0,1,0,0,0,0,0,0,0,0,0,0,0,0,0,0,1,0,0,0,0,0,0,0,0,0,187,1,0,0,1,0,0,0,0,0,1030240.5595815927,220836.38219584525,13
0,0,0,1,0,0,0,0,0,0,0,0,0,0,0,0,0,1,0,0,0,0,0,0,0,0,0,188,1,0,0,0,1,0,0,0,0,1012351.5343360901,212436.927538082,13
0,0,0,1,0,0,0,0,0,0,0,0,0,0,0,0,0,1,0,0,0,0,0,0,0,0,0,189,1,0,0,0,1,0,0,0,0,1013726.6759427637,198851.8598920107,13
0,1,0,0,0,0,0,0,0,0,0,0,0,0,0,0,0,1,1,0,1,0,0,0,0,0,0,190,0,0,0,0,0,0,0,0,0,985342.5732622594,200219.0389161706,13
0,0,0,0,1,0,0,0,0,0,0,0,0,0,0,0,0,1,0,0,0,0,0,0,0,0,0,191,1,0,0,0,0,1,0,0,0,1021171.4966830015,258963.65042933822,13
0,0,1,0,0,0,0,0,0,0,0,0,0,0,0,0,0,1,1,0,0,1,0,0,0,0,0,192,0,0,0,0,0,0,0,0,0,984643.2636372596,217724.54130667448,13
0,0,0,0,1,0,0,0,0,0,0,0,0,0,0,0,0,1,0,0,0,0,0,0,0,0,0,193,1,0,0,0,0,1,0,0,0,1006835.2822452635,169667.88381125033,13
0,0,0,0,1,0,0,0,0,0,0,0,0,0,0,0,0,1,1,0,0,0,0,1,0,0,0,194,0,0,0,0,0,0,0,0,0,1018306.3314815909,177219.6223166734,13
0,0,0,1,0,0,0,0,0,0,0,0,0,0,0,0,0,1,0,0,0,0,0,0,0,0,0,195,1,0,0,0,1,0,0,0,0,1008112.7206352502,247413.43107575178,13
0,0,0,0,1,0,0,0,0,0,0,0,0,0,0,0,0,1,0,0,0,0,0,0,0,0,0,196,1,0,0,0,0,1,0,0,0,1017409.4654931724,245405.68246659636,13
0,0,0,0,0,0,1,0,0,0,0,0,0,0,0,0,0,1,0,0,0,0,0,0,0,0,0,197,1,0,0,0,0,0,0,1,0,963390.029569,173319.726901263,13
0,0,0,0,1,0,0,0,0,0,0,0,0,0,0,0,0,1,0,0,0,0,0,0,0,0,0,198,1,0,0,0,0,1,0,0,0,1013117.5613473356,212011.11441333592,13
0,0,0,0,1,0,0,0,0,0,0,0,0,0,0,0,0,1,0,0,0,0,0,0,0,0,0,199,1,0,0,0,0,1,0,0,0,963098.490125835,170343.74794508517,13
0,0,0,1,0,0,0,0,0,0,0,0,0,0,0,0,0,1,0,0,0,0,0,0,0,0,0,200,1,0,0,0,1,0,0,0,0,1002690.9772136807,167194.2017507553,13
0,0,0,0,0,0,0,1,0,0,0,0,0,0,0,0,0,1,0,0,0,0,0,0,0,0,0,1,1,0,0,0,0,0,0,0,1,991308.0544415116,151730.6493445933,14
0,0,0,0,0,1,0,0,0,0,0,0,0,0,0,0,0,1,1,0,0,0,0,0,1,0,0,2,0,0,0,0,0,0,0,0,0,962771.7224066705,159277.28549800813,14
1,0,0,0,0,0,0,0,1,1,0,0,0,0,0,0,0,1,0,0,0,0,0,0,0,0,0,3,0,0,0,0,0,0,0,0,0,1000898.0759438425,244831.75907374918,14
0,0,0,0,0,0,1,0,0,0,0,0,0,0,0,0,0,1,0,0,0,0,0,0,0,0,0,4,1,0,0,0,0,0,0,1,0,929439.7375615835,128469.90321525931,14
0,0,0,0,0,0,0,1,1,0,0,0,0,0,0,0,1,1,0,0,0,0,0,0,0,0,0,5,0,0,0,0,0,0,0,0,0,939881.8616904169,138897.24423716962,14
0,0,0,0,1,0,0,0,0,0,0,0,0,0,0,0,0,1,1,0,0,0,0,1,0,0,0,6,0,0,0,0,0,0,0,0,0,943698.3894904256,136931.65433633327,14
0,0,0,0,0,0,1,0,0,0,0,0,0,0,0,0,0,1,0,0,0,0,0,0,0,0,0,7,1,0,0,0,0,0,0,1,0,947380.5212337524,169603.13656541705,14
0,0,1,0,0,0,0,0,0,0,0,0,0,0,0,0,0,1,1,0,0,1,0,0,0,0,0,8,0,0,0,0,0,0,0,0,0,952571.6292898357,147966.55975991488,14
0,0,0,0,0,1,0,0,0,0,0,0,0,0,0,0,0,1,1,0,0,0,0,0,1,0,0,9,0,0,0,0,0,0,0,0,0,953443.1859456748,146726.06683409214,14
0,0,0,0,1,0,0,0,0,0,0,0,0,0,0,0,0,1,0,0,0,0,0,0,0,0,0,10,1,0,0,0,0,1,0,0,0,954813.4916040003,169038.33782625198,14
0,0,0,0,0,1,0,0,0,0,0,0,0,0,0,0,0,1,0,0,0,0,0,0,0,0,0,11,1,0,0,0,0,0,1,0,0,956665.8468231708,162412.81334766746,14
0,0,0,0,0,1,0,0,0,0,0,0,0,0,0,0,0,1,1,0,0,0,0,0,1,0,0,12,0,0,0,0,0,0,0,0,0,962211.7015450895,160320.53406767547,14
1,0,0,0,0,0,0,0,1,1,0,0,0,0,0,0,0,1,0,0,0,0,0,0,0,0,0,13,0,0,0,0,0,0,0,0,0,965189.3727550954,164261.9234945923,14
0,0,0,1,0,0,0,0,0,0,0,0,0,0,0,0,0,1,0,0,0,0,0,0,0,0,0,14,1,0,0,0,1,0,0,0,0,974453.5927436799,163712.9514954239,14
0,0,0,1,0,0,0,0,0,0,0,0,0,0,0,0,0,1,0,0,0,0,0,0,0,0,0,15,1,0,0,0,1,0,0,0,0,977891.4369178414,171028.3108804226,14
0,0,0,1,0,0,0,0,0,0,0,0,0,0,0,0,0,1,0,0,0,0,0,0,0,0,0,16,1,0,0,0,1,0,0,0,0,986712.7247214168,149101.82323741913,14
1,0,0,0,0,0,0,0,0,0,0,0,0,0,0,0,0,1,0,0,0,0,0,0,0,0,0,17,1,1,0,0,0,0,0,0,0,986768.4168672562,155808.00044183433,14
0,0,0,0,0,0,0,1,0,0,0,0,0,0,0,0,0,1,0,0,0,0,0,0,0,0,0,18,1,0,0,0,0,0,0,0,1,982014.1547222584,165050.00590792298,14
0,0,0,0,1,0,0,0,0,0,0,0,0,0,0,0,0,1,0,0,0,0,0,0,0,0,0,19,1,0,0,0,0,1,0,0,0,982779.2548980862,168527.50223375857,14
0,0,0,0,0,0,1,0,0,0,0,0,0,0,0,0,0,1,0,0,0,0,0,0,0,0,0,20,1,0,0,0,0,0,0,1,0,987106.4509680867,160017.83454184234,14
2,0,0,0,0,0,0,0,0,0,0,0,0,0,0,0,0,2,1,2,0,0,0,0,0,0,0,21,1,2,0,0,0,0,0,0,0,987146.4410455972,165063.81493541598,14
0,1,0,0,0,0,0,0,0,0,0,0,0,0,0,0,0,1,1,0,1,0,0,0,0,0,0,22,0,0,0,0,0,0,0,0,0,980436.4971164167,174394.81333374977,14
1,0,0,0,0,0,0,0,0,0,0,0,0,0,0,0,0,1,1,1,0,0,0,0,0,0,0,23,0,0,0,0,0,0,0,0,0,980043.0136514306,175041.2946523428,14
0,1,0,0,0,0,0,0,0,0,0,0,0,0,0,0,0,1,0,0,0,0,0,0,0,0,0,24,0,0,0,0,0,0,0,0,0,982539.9151536673,177046.00192900002,14
0,0,0,1,0,0,0,0,0,0,0,0,0,0,0,0,0,1,0,0,0,0,0,0,0,0,0,25,1,0,0,0,1,0,0,0,0,986276.0425239205,170429.79501709342,14
0,0,1,0,0,0,0,0,1,0,0,1,0,0,0,0,0,1,0,0,0,0,0,0,0,0,0,26,0,0,0,0,0,0,0,0,0,986490.1168989241,173249.04429984093,14
0,0,0,0,1,0,0,0,0,0,0,0,0,0,0,0,0,1,0,0,0,0,0,0,0,0,0,27,1,0,0,0,0,1,0,0,0,987286.3489022553,173946.57571317255,14
0,0,1,0,0,0,0,0,0,0,0,0,0,0,0,0,0,1,1,0,0,1,0,0,0,0,0,28,0,0,0,0,0,0,0,0,0,989431.2461872548,175062.66600067914,14
0,0,0,0,0,0,1,0,1,0,0,0,0,0,0,1,0,1,0,0,0,0,0,0,0,0,0,29,0,0,0,0,0,0,0,0,0,986086.6137689203,184324.30397342145,14
0,0,0,0,1,0,0,0,0,0,0,0,0,0,0,0,0,1,0,0,0,0,0,0,0,0,0,30,1,0,0,0,0,1,0,0,0,985813.8354430944,190749.34361675382,14
0,0,0,0,0,1,0,0,0,0,0,0,0,0,0,0,0,1,1,0,0,0,0,0,1,0,0,31,0,0,0,0,0,0,0,0,0,986367.7352539301,190549.23903009295,14
1,0,0,0,1,0,0,0,1,0,0,0,0,1,0,0,0,2,0,0,0,0,0,0,0,0,0,32,1,1,0,0,0,0,0,0,0,990634.5866283476,168756.38629041612,14
0,0,0,0,1,0,0,0,0,0,0,0,0,0,0,0,0,1,0,0,0,0,0,0,0,0,0,33,1,0,0,0,0,1,0,0,0,991306.6919114292,162104.7296462506,14
0,0,0,0,1,0,0,0,0,0,0,0,0,0,0,0,0,1,0,0,0,0,0,0,0,0,0,34,1,0,0,0,0,1,0,0,0,992825.727259174,164068.72178125381,14
0,0,0,0,1,0,0,0,0,0,0,0,0,0,0,0,0,1,0,0,0,0,0,0,0,0,0,35,1,0,0,0,0,1,0,0,0,994285.9441550076,162404.1384962499,14
0,0,0,0,1,0,0,0,0,0,0,0,0,0,0,0,0,1,0,0,0,0,0,0,0,0,0,36,1,0,0,0,0,1,0,0,0,995590.4592625052,160929.55844017863,14
0,0,0,0,0,0,0,1,0,0,0,0,0,0,0,0,0,1,0,0,0,0,0,0,0,0,0,37,1,0,0,0,0,0,0,0,1,996801.0998858362,161818.1029229164,14
1,0,0,0,0,0,0,0,0,0,0,0,0,0,0,0,0,1,0,0,0,0,0,0,0,0,0,38,0,0,0,0,0,0,0,0,0,993187.9246975034,173903.66274125874,14
0,0,0,1,0,0,0,0,0,0,0,0,0,0,0,0,0,1,0,0,0,0,0,0,0,0,0,39,1,0,0,0,1,0,0,0,0,995905.2913100123,172361.6645129174,14
0,0,0,0,0,0,0,1,1,0,0,0,0,0,0,0,1,1,0,0,0,0,0,0,0,0,0,40,0,0,0,0,0,0,0,0,0,997302.2668625116,178004.87796400487,14
0,0,0,0,0,1,0,0,0,0,0,0,0,0,0,0,0,1,0,0,0,0,0,0,0,0,0,41,1,0,0,0,0,0,1,0,0,990818.7630972564,187933.60121674836,14
0,0,0,0,0,0,0,1,0,0,0,0,0,0,0,0,0,1,1,0,0,0,0,0,0,0,1,42,0,0,0,0,0,0,0,0,0,993521.3754741699,187590.6294617504,14
0,0,0,0,0,0,0,1,1,0,0,0,0,0,0,0,1,1,0,0,0,0,0,0,0,0,0,43,0,0,0,0,0,0,0,0,0,996219.3162725121,189570.57628925145,14
0,0,0,1,0,0,0,0,0,0,0,0,0,0,0,0,0,1,1,0,0,0,1,0,0,0,0,44,0,0,0,0,0,0,0,0,0,997889.1915416718,182027.34367233515,14
0,0,0,0,0,0,1,0,1,0,0,0,0,0,0,1,0,1,0,0,0,0,0,0,0,0,0,45,0,0,0,0,0,0,0,0,0,997282.1848816723,184355.7507609278,14
0,0,0,1,0,0,0,0,0,0,0,0,0,0,0,0,0,1,0,0,0,0,0,0,0,0,0,46,1,0,0,0,1,0,0,0,0,999000.885512501,186835.83110259473,14
0,0,1,0,0,0,0,0,0,0,0,0,0,0,0,0,0,1,1,0,0,1,0,0,0,0,0,47,0,0,0,0,0,0,0,0,0,999740.8738619238,186352.00004924834,14
0,0,0,0,0,0,1,0,0,0,0,0,0,0,0,0,0,1,0,0,0,0,0,0,0,0,0,48,1,0,0,0,0,0,0,1,0,990947.509558931,191887.41187867522,14
0,0,0,0,0,0,1,0,0,0,0,0,0,0,0,0,0,1,0,0,0,0,0,0,0,0,0,49,0,0,0,0,0,0,0,0,0,993460.6341258436,199675.05706450343,14
0,1,0,0,0,0,0,0,1,0,1,0,0,0,0,0,0,1,0,0,0,0,0,0,0,0,0,50,0,0,0,0,0,0,0,0,0,999635.651303336,199858.11116033792,14
0,0,0,1,0,0,0,0,0,0,0,0,0,0,0,0,0,1,0,0,0,0,0,0,0,0,0,51,1,0,0,0,1,0,0,0,0,984257.5918364227,206943.20164892077,14
0,0,0,0,0,0,0,1,0,0,0,0,0,0,0,0,0,1,0,0,0,0,0,0,0,0,0,52,1,0,0,0,0,0,0,0,1,985960.9512905926,200915.97945141792,14
0,0,0,0,0,0,1,0,0,0,0,0,0,0,0,0,0,1,0,0,0,0,0,0,0,0,0,53,0,0,0,0,0,0,0,0,0,985544.669314757,203444.14073367417,14
1,0,0,0,0,0,0,0,0,0,0,0,0,0,0,0,0,1,0,0,0,0,0,0,0,0,0,54,1,1,0,0,0,0,0,0,0,986759.5422130972,206684.58011892438,14
0,0,0,0,0,0,1,0,0,0,0,0,0,0,0,0,0,1,0,0,0,0,0,0,0,0,0,55,1,0,0,0,0,0,0,1,0,988202.8628172576,204133.31258367002,14
0,0,0,1,0,0,0,0,1,0,0,0,1,0,0,0,0,1,0,0,0,0,0,0,0,0,0,56,0,0,0,0,0,0,0,0,0,988661.2346039265,207984.72187559307,14
0,0,0,0,0,0,0,1,1,0,0,0,0,0,0,0,1,1,0,0,0,0,0,0,0,0,0,57,0,0,0,0,0,0,0,0,0,988537.7932497561,209865.20695975423,14
1,0,0,0,0,0,0,0,1,1,0,0,0,0,0,0,0,1,0,0,0,0,0,0,0,0,0,58,0,0,0,0,0,0,0,0,0,989499.506549418,206405.83887851238,14
0,0,0,0,1,0,0,0,0,0,0,0,0,0,0,0,0,1,1,0,0,0,0,1,0,0,0,59,0,0,0,0,0,0,0,0,0,983191.0355705917,213709.87446725368,14
1,0,0,0,0,0,0,0,0,0,0,0,0,0,0,0,0,1,0,0,0,0,0,0,0,0,0,60,1,1,0,0,0,0,0,0,0,984928.4074239284,211276.20807474852,14
0,0,0,0,1,0,0,0,1,0,0,0,0,1,0,0,0,1,0,0,0,0,0,0,0,0,0,61,0,0,0,0,0,0,0,0,0,985537.1398022622,214229.76515975595,14
0,1,0,0,0,0,0,0,0,0,0,0,0,0,0,0,0,1,0,0,0,0,0,0,0,0,0,62,1,0,1,0,0,0,0,0,0,988270.6513955891,213591.60009750724,14
0,0,0,0,0,0,1,0,0,0,0,0,0,0,0,0,0,1,0,0,0,0,0,0,0,0,0,63,1,0,0,0,0,0,0,1,0,988510.9993400872,215873.904587999,14
0,0,1,0,0,0,0,0,0,0,0,0,0,0,0,0,0,1,0,0,0,0,0,0,0,0,0,64,1,0,0,1,0,0,0,0,0,987575.0392697603,223286.4757208377,14
0,0,1,0,0,0,0,0,0,0,0,0,0,0,0,0,0,1,0,0,0,0,0,0,0,0,0,65,0,0,0,0,0,0,0,0,0,990476.6082697511,203733.79533809423,14
0,0,0,0,0,0,1,0,0,0,0,0,0,0,0,0,0,1,0,0,0,0,0,0,0,0,0,66,1,0,0,0,0,0,0,1,0,996544.8668025136,217731.41793334484,14
0,0,0,1,0,0,0,0,0,0,0,0,0,0,0,0,0,1,0,0,0,0,0,0,0,0,0,67,1,0,0,0,1,0,0,0,0,992454.8323316723,228572.7935602516,14
0,0,0,0,0,1,0,0,0,0,0,0,0,0,0,0,0,1,0,0,0,0,0,0,0,0,0,68,1,0,0,0,0,0,1,0,0,997093.6485133469,221739.5103108436,14
0,0,0,0,0,1,0,0,0,0,0,0,0,0,0,0,0,1,1,0,0,0,0,0,1,0,0,69,0,0,0,0,0,0,0,0,0,998639.9479141682,224528.11332942545,14
0,0,1,0,0,0,0,0,0,0,0,0,0,0,0,0,0,1,0,0,0,0,0,0,0,0,0,70,1,0,0,1,0,0,0,0,0,993743.4727990031,230899.66292224824,14
0,0,0,0,1,0,0,0,1,0,0,0,0,1,0,0,0,1,0,0,0,0,0,0,0,0,0,71,0,0,0,0,0,0,0,0,0,1000019.1118225008,160570.8485276699,14
0,0,0,1,0,0,0,0,0,0,0,0,0,0,0,0,0,1,1,0,0,0,1,0,0,0,0,72,0,0,0,0,0,0,0,0,0,1003371.2504594177,179118.86195650697,14
0,1,0,0,0,0,0,0,0,0,0,0,0,0,0,0,0,1,1,0,1,0,0,0,0,0,0,73,0,0,0,0,0,0,0,0,0,1009293.7386144251,177672.4672114998,14
0,0,0,0,0,1,0,0,0,0,0,0,0,0,0,0,0,1,0,0,0,0,0,0,0,0,0,74,0,0,0,0,0,0,0,0,0,1001545.4932841808,187375.76112508774,14
0,0,0,1,0,0,0,0,0,0,0,0,0,0,0,0,0,1,0,0,0,0,0,0,0,0,0,75,0,0,0,0,0,0,0,0,0,1002590.1988719255,183000.00576899946,14
0,0,0,1,0,0,0,0,0,0,0,0,0,0,0,0,0,1,0,0,0,0,0,0,0,0,0,76,1,0,0,0,1,0,0,0,0,1003238.7015119195,180743.47484900057,14
0,0,0,0,0,0,0,1,0,0,0,0,0,0,0,0,0,1,0,0,0,0,0,0,0,0,0,77,1,0,0,0,0,0,0,0,1,1000351.3027591705,194574.89994201064,14
0,0,0,0,1,0,0,0,1,0,0,0,0,1,0,0,0,1,0,0,0,0,0,0,0,0,0,78,0,0,0,0,0,0,0,0,0,1003020.5359377563,197135.94796951115,14
0,0,1,0,0,0,0,0,0,0,0,0,0,0,0,0,0,1,0,0,0,0,0,0,0,0,0,79,0,0,0,0,0,0,0,0,0,1009901.8541960865,197115.86270783842,14
0,0,0,1,0,0,0,0,0,0,0,0,0,0,0,0,0,1,1,0,0,0,1,0,0,0,0,80,0,0,0,0,0,0,0,0,0,1010544.5389343351,163576.86482533813,14
0,0,0,0,1,0,0,0,0,0,0,0,0,0,0,0,0,1,1,0,0,0,0,1,0,0,0,81,0,0,0,0,0,0,0,0,0,1015289.3135655075,169709.64881959558,14
0,0,0,0,1,0,0,0,0,0,0,0,0,0,0,0,0,1,1,0,0,0,0,1,0,0,0,82,0,0,0,0,0,0,0,0,0,1012601.3399388343,175402.24898292124,14
0,0,0,0,1,0,0,0,1,0,0,0,0,1,0,0,0,1,0,0,0,0,0,0,0,0,0,83,0,0,0,0,0,0,0,0,0,1010864.3814705014,186749.3713017553,14
0,0,0,0,1,0,0,0,0,0,0,0,0,0,0,0,0,1,1,0,0,0,0,1,0,0,0,84,0,0,0,0,0,0,0,0,0,1012248.542088002,181791.5268867612,14
0,0,0,1,0,0,0,0,0,0,0,0,0,0,0,0,0,1,0,0,0,0,0,0,0,0,0,85,1,0,0,0,1,0,0,0,0,1014409.4324512631,185737.45928359032,14
0,0,0,1,0,0,0,0,0,0,0,0,0,0,0,0,0,1,1,0,0,0,1,0,0,0,0,86,0,0,0,0,0,0,0,0,0,1017522.0617246777,182490.4431398362,14
0,0,0,0,1,0,0,0,0,0,0,0,0,0,0,0,0,1,0,0,0,0,0,0,0,0,0,87,0,0,0,0,0,0,0,0,0,1011571.6015127599,200020.8437745124,14
0,2,0,0,0,0,0,0,0,0,0,0,0,0,0,0,0,2,1,0,1,0,0,0,0,0,0,88,1,0,1,0,0,0,0,0,0,1029373.6354624182,175809.50833900273,14
1,0,0,0,0,0,0,0,0,0,0,0,0,0,0,0,0,1,1,1,0,0,0,0,0,0,0,89,0,0,0,0,0,0,0,0,0,1023885.3757696748,184710.2874534279,14
0,0,0,0,0,0,1,0,0,0,0,0,0,0,0,0,0,1,0,0,0,0,0,0,0,0,0,90,1,0,0,0,0,0,0,1,0,1025430.4051599205,186233.6767950952,14
0,1,0,0,0,0,0,0,0,0,0,0,0,0,0,0,0,1,1,0,1,0,0,0,0,0,0,91,0,0,0,0,0,0,0,0,0,1026577.8503715843,183641.8581598401,14
0,0,0,1,0,0,0,0,1,0,0,0,1,0,0,0,0,1,0,0,0,0,0,0,0,0,0,92,0,0,0,0,0,0,0,0,0,1028305.1992790848,184300.29155425727,14
0,0,0,2,0,0,0,0,0,0,0,0,0,0,0,0,0,2,0,0,0,0,0,0,0,0,0,93,2,0,0,0,2,0,0,0,0,1024793.1150959283,194297.28205892444,14
0,0,0,0,0,0,1,0,0,0,0,0,0,0,0,0,0,1,0,0,0,0,0,0,0,0,0,94,1,0,0,0,0,0,0,1,0,1026173.4351699203,190024.37131342292,14
1,0,0,0,0,0,0,0,0,0,0,0,0,0,0,0,0,1,0,0,0,0,0,0,0,0,0,95,1,1,0,0,0,0,0,0,0,1031534.0215615928,151329.94870242476,14
1,0,0,0,0,0,0,0,0,0,0,0,0,0,0,0,0,1,0,0,0,0,0,0,0,0,0,96,1,1,0,0,0,0,0,0,0,1030696.9343250096,182166.9936555028,14
0,0,0,0,0,2,0,0,0,0,0,0,0,0,0,0,0,2,2,0,0,0,0,0,2,0,0,97,0,0,0,0,0,0,0,0,0,1033331.6196724176,187071.919869259,14
0,1,0,0,0,0,0,0,0,0,0,0,0,0,0,0,0,1,1,0,1,0,0,0,0,0,0,98,0,0,0,0,0,0,0,0,0,1031944.3688380122,192185.27873700857,14
0,0,0,1,0,0,0,0,0,0,0,0,0,0,0,0,0,1,0,0,0,0,0,0,0,0,0,99,1,0,0,0,1,0,0,0,0,1037299.3082593381,190518.3860734254,14
0,1,0,0,0,0,0,0,0,0,0,0,0,0,0,0,0,1,1,0,1,0,0,0,0,0,0,100,0,0,0,0,0,0,0,0,0,1037195.4764460027,195031.81503866613,14
0,0,1,0,0,0,0,0,1,0,0,1,0,0,0,0,0,1,0,0,0,0,0,0,0,0,0,101,0,0,0,0,0,0,0,0,0,1039109.1898101717,199440.86790034175,14
0,0,0,1,0,0,0,0,0,0,0,0,0,0,0,0,0,1,0,0,0,0,0,0,0,0,0,102,1,0,0,0,1,0,0,0,0,1049233.06687209,157493.42686100304,14
1,0,0,0,0,0,0,0,0,0,0,0,0,0,0,0,0,1,1,1,0,0,0,0,0,0,0,103,0,0,0,0,0,0,0,0,0,1048800.967998758,178418.9322540015,14
0,0,0,1,0,0,0,0,0,0,0,0,0,0,0,0,0,1,1,0,0,0,1,0,0,0,0,104,0,0,0,0,0,0,0,0,0,1046606.0609712601,182695.87251900136,14
0,0,0,1,0,0,0,0,0,0,0,0,0,0,0,0,0,1,1,0,0,0,1,0,0,0,0,105,0,0,0,0,0,0,0,0,0,1047840.7697879225,182352.07366591692,14
1,0,0,0,0,0,0,0,0,0,0,0,0,0,0,0,0,1,1,1,0,0,0,0,0,0,0,106,0,0,0,0,0,0,0,0,0,1049830.083394587,185438.73776817322,14
0,0,0,0,1,0,0,0,0,0,0,0,0,0,0,0,0,1,0,0,0,0,0,0,0,0,0,107,0,0,0,0,0,0,0,0,0,1041376.8358654231,197514.27070367336,14
0,0,0,0,0,0,0,1,0,0,0,0,0,0,0,0,0,1,1,0,0,0,0,0,0,0,1,108,0,0,0,0,0,0,0,0,0,1044850.7101512551,192366.03657758236,14
0,0,0,1,0,0,0,0,0,0,0,0,0,0,0,0,0,1,0,0,0,0,0,0,0,0,0,109,1,0,0,0,1,0,0,0,0,1048724.714870423,199157.97476534545,14
0,0,0,1,0,0,0,0,0,0,0,0,0,0,0,0,0,1,0,0,0,0,0,0,0,0,0,110,1,0,0,0,1,0,0,0,0,1057220.993481502,185279.27909758687,14
0,1,0,0,0,0,0,0,0,0,0,0,0,0,0,0,0,1,1,0,1,0,0,0,0,0,0,111,0,0,0,0,0,0,0,0,0,1058430.3972306699,188717.14951841533,14
0,1,0,0,0,0,0,0,0,0,0,0,0,0,0,0,0,1,0,0,0,0,0,0,0,0,0,112,1,0,1,0,0,0,0,0,0,1059553.4002340138,183574.253308177,14
0,0,0,1,0,0,0,0,0,0,0,0,0,0,0,0,0,1,1,0,0,0,1,0,0,0,0,113,0,0,0,0,0,0,0,0,0,1051718.69510293,196658.74748033285,14
0,0,0,1,0,0,0,0,0,0,0,0,0,0,0,0,0,1,0,0,0,0,0,0,0,0,0,114,1,0,0,0,1,0,0,0,0,1058273.8358640075,198994.22837367654,14
0,0,0,0,0,0,0,1,0,0,0,0,0,0,0,0,0,1,1,0,0,0,0,0,0,0,1,115,0,0,0,0,0,0,0,0,0,1059698.7969248444,196325.34263533354,14
0,0,0,0,0,0,1,0,0,0,0,0,0,0,0,0,0,1,0,0,0,0,0,0,0,0,0,116,1,0,0,0,0,0,0,1,0,1000718.532995835,201308.03903475404,14
0,0,1,0,0,0,0,0,1,0,0,1,0,0,0,0,0,1,0,0,0,0,0,0,0,0,0,117,0,0,0,0,0,0,0,0,0,1000265.1841650009,202789.84709475935,14
0,1,0,0,0,0,0,0,0,0,0,0,0,0,0,0,0,1,1,0,1,0,0,0,0,0,0,118,0,0,0,0,0,0,0,0,0,1001932.654255256,201808.31723366678,14
1,0,0,0,0,0,0,0,0,0,0,0,0,0,0,0,0,1,0,0,0,0,0,0,0,0,0,119,1,1,0,0,0,0,0,0,0,1002350.5113591701,200581.77769200504,14
0,0,0,0,0,1,0,0,0,0,0,0,0,0,0,0,0,1,1,0,0,0,0,0,1,0,0,120,0,0,0,0,0,0,0,0,0,1000795.1076458395,218185.54104083776,14
0,0,1,0,0,0,0,0,0,0,0,0,0,0,0,0,0,1,0,0,0,0,0,0,0,0,0,121,1,0,0,1,0,0,0,0,0,1008134.6333210915,215667.97389750183,14
0,0,0,0,0,0,0,1,0,0,0,0,0,0,0,0,0,1,1,0,0,0,0,0,0,0,1,122,0,0,0,0,0,0,0,0,0,1008598.5825244188,217900.69909083843,14
0,0,0,0,0,1,0,0,0,0,0,0,0,0,0,0,0,1,0,0,0,0,0,0,0,0,0,123,1,0,0,0,0,0,1,0,0,1000085.278684929,228605.61796967685,14
0,0,1,0,0,0,0,0,1,0,0,1,0,0,0,0,0,1,0,0,0,0,0,0,0,0,0,124,0,0,0,0,0,0,0,0,0,1007408.220731929,220907.69209258258,14
0,0,0,0,1,0,0,0,1,0,0,0,0,1,0,0,0,1,0,0,0,0,0,0,0,0,0,125,0,0,0,0,0,0,0,0,0,1007901.9795869291,224295.3250810951,14
0,0,0,1,0,0,0,0,0,0,0,0,0,0,0,0,0,1,0,0,0,0,0,0,0,0,0,126,1,0,0,0,1,0,0,0,0,1001629.0331433415,231389.30695608258,14
0,0,0,0,0,0,0,1,0,0,0,0,0,0,0,0,0,1,0,0,0,0,0,0,0,0,0,127,1,0,0,0,0,0,0,0,1,1001575.4735391736,232338.60262967646,14
0,0,0,0,1,0,0,0,0,0,0,0,0,0,0,0,0,1,0,0,0,0,0,0,0,0,0,128,1,0,0,0,0,1,0,0,0,1004958.0779944211,237310.06250301003,14
0,0,0,1,0,0,0,0,0,0,0,0,0,0,0,0,0,1,1,0,0,0,1,0,0,0,0,129,0,0,0,0,0,0,0,0,0,1006541.5853260905,236240.69784383476,14
0,1,0,0,0,0,0,0,0,0,0,0,0,0,0,0,0,1,1,0,1,0,0,0,0,0,0,130,0,0,0,0,0,0,0,0,0,1007891.9632027596,231884.51265859604,14
0,0,0,0,1,0,0,0,1,0,0,0,0,1,0,0,0,1,0,0,0,0,0,0,0,0,0,131,0,0,0,0,0,0,0,0,0,1007060.3769394308,234520.66191384196,14
0,0,0,1,0,0,0,0,0,0,0,0,0,0,0,0,0,1,0,0,0,0,0,0,0,0,0,132,1,0,0,0,1,0,0,0,0,1000008.1472775042,244062.69007383287,14
0,0,0,0,1,0,0,0,0,0,0,0,0,0,0,0,0,1,1,0,0,0,0,1,0,0,0,133,0,0,0,0,0,0,0,0,0,1001988.3562435955,242045.30565717816,14
0,0,0,0,1,0,0,0,0,0,0,0,0,0,0,0,0,1,1,0,0,0,0,1,0,0,0,134,0,0,0,0,0,0,0,0,0,1001537.7669216692,246825.56151658297,14
0,0,0,0,0,0,2,0,0,0,0,0,0,0,0,0,0,2,2,0,0,0,0,0,0,2,0,135,0,0,0,0,0,0,0,0,0,1002702.0277165025,248019.6359000951,14
1,0,0,0,0,0,0,0,0,0,0,0,0,0,0,0,0,1,1,1,0,0,0,0,0,0,0,136,0,0,0,0,0,0,0,0,0,1003063.5476627499,249580.53304076195,14
0,1,0,0,0,0,0,0,0,0,0,0,0,0,0,0,0,1,0,0,0,0,0,0,0,0,0,137,0,0,0,0,0,0,0,0,0,1005473.0343135893,244343.5392496735,14
0,0,0,0,0,0,0,1,0,0,0,0,0,0,0,0,0,1,1,0,0,0,0,0,0,0,1,138,0,0,0,0,0,0,0,0,0,1007026.7418360859,245404.86914800107,14
0,0,1,0,0,0,0,0,0,0,0,0,0,0,0,0,0,1,1,0,0,1,0,0,0,0,0,139,0,0,0,0,0,0,0,0,0,1007644.542437762,246550.25694908202,14
0,0,0,0,0,1,0,0,0,0,0,0,0,0,0,0,0,1,0,0,0,0,0,0,0,0,0,140,1,0,0,0,0,0,1,0,0,1009260.5497044176,242512.74894800782,14
0,0,0,0,0,0,0,1,0,0,0,0,0,0,0,0,0,1,0,0,0,0,0,0,0,0,0,141,1,0,0,0,0,0,0,0,1,1011518.8063427508,200265.26585784554,14
0,0,0,0,1,0,0,0,0,0,0,0,0,0,0,0,0,1,1,0,0,0,0,1,0,0,0,142,0,0,0,0,0,0,0,0,0,1011715.613691926,201878.46145033836,14
0,0,0,0,0,0,0,1,0,0,0,0,0,0,0,0,0,1,0,0,0,0,0,0,0,0,0,143,0,0,0,0,0,0,0,0,0,1011546.4339121729,202562.2461720109,14
0,0,0,0,1,0,0,0,0,0,0,0,0,0,0,0,0,1,0,0,0,0,0,0,0,0,0,144,0,0,0,0,0,0,0,0,0,1012104.0574688464,203584.06827533245,14
0,0,0,0,0,0,1,0,0,0,0,0,0,0,0,0,0,1,0,0,0,0,0,0,0,0,0,145,1,0,0,0,0,0,0,1,0,1012350.927053839,209176.3106997609,14
0,0,0,0,0,1,0,0,0,0,0,0,0,0,0,0,0,1,0,0,0,0,0,0,0,0,0,146,1,0,0,0,0,0,1,0,0,1019660.1808080077,203856.96799200773,14
0,0,0,1,0,0,0,0,0,0,0,0,0,0,0,0,0,1,0,0,0,0,0,0,0,0,0,147,1,0,0,0,1,0,0,0,0,1013072.1887346804,210555.7895680964,14
0,0,0,0,1,0,0,0,0,0,0,0,0,0,0,0,0,1,0,0,0,0,0,0,0,0,0,148,1,0,0,0,0,1,0,0,0,1014915.39075692,211005.9297439158,14
0,1,0,0,0,0,0,0,0,0,0,0,0,0,0,0,0,1,1,0,1,0,0,0,0,0,0,149,0,0,0,0,0,0,0,0,0,1014098.4104355127,215086.94815666974,14
0,1,0,0,0,0,0,0,0,0,0,0,0,0,0,0,0,1,1,0,1,0,0,0,0,0,0,150,0,0,0,0,0,0,0,0,0,1015586.3339688331,213830.5136616677,14
0,0,0,0,0,1,0,0,1,0,0,0,0,0,1,0,0,1,0,0,0,0,0,0,0,0,0,151,0,0,0,0,0,0,0,0,0,1016925.9474313408,211753.25436475873,14
0,0,0,0,0,1,0,0,1,0,0,0,0,0,1,0,0,1,0,0,0,0,0,0,0,0,0,152,0,0,0,0,0,0,0,0,0,1014230.030907169,236561.40914466977,14
0,0,0,0,1,0,0,0,0,0,0,0,0,0,0,0,0,1,1,0,0,0,0,1,0,0,0,153,0,0,0,0,0,0,0,0,0,1016691.4006563425,236247.4760455042,14
0,0,0,0,0,1,0,0,0,0,0,0,0,0,0,0,0,1,1,0,0,0,0,0,1,0,0,154,0,0,0,0,0,0,0,0,0,1014172.1963771731,241737.20587967336,14
0,0,0,1,0,0,0,0,0,0,0,0,0,0,0,0,0,1,1,0,0,0,1,0,0,0,0,155,0,0,0,0,0,0,0,0,0,1016215.3911096752,247513.91676716506,14
1,0,0,0,0,0,0,0,0,0,0,0,0,0,0,0,0,1,0,0,0,0,0,0,0,0,0,156,1,1,0,0,0,0,0,0,0,1018011.5292496681,245176.9788557589,14
0,0,0,0,0,1,0,0,0,0,0,0,0,0,0,0,0,1,1,0,0,0,0,0,1,0,0,157,0,0,0,0,0,0,0,0,0,1010108.070975259,258761.60719825327,14
0,1,0,0,0,0,0,0,0,0,0,0,0,0,0,0,0,1,1,0,1,0,0,0,0,0,0,158,0,0,0,0,0,0,0,0,0,1012233.2078010887,252362.55503575504,14
0,0,0,0,1,0,0,0,0,0,0,0,0,0,0,0,0,1,0,0,0,0,0,0,0,0,0,159,1,0,0,0,0,1,0,0,0,1014400.0633755028,256319.47592766583,14
1,0,0,0,0,0,0,0,0,0,0,0,0,0,0,0,0,1,0,0,0,0,0,0,0,0,0,160,1,1,0,0,0,0,0,0,0,1017226.3011613339,251574.649787426,14
0,0,0,0,0,0,0,1,0,0,0,0,0,0,0,0,0,1,0,0,0,0,0,0,0,0,0,161,1,0,0,0,0,0,0,0,1,1016754.7076163441,257039.5302618444,14
0,0,0,0,0,1,0,0,0,0,0,0,0,0,0,0,0,1,1,0,0,0,0,0,1,0,0,162,0,0,0,0,0,0,0,0,0,1018946.877772674,257527.73696258664,14
0,0,0,0,0,1,0,0,0,0,0,0,0,0,0,0,0,1,1,0,0,0,0,0,1,0,0,163,0,0,0,0,0,0,0,0,0,1021372.9234455079,209648.56697309017,14
0,0,0,0,1,0,0,0,0,0,0,0,0,0,0,0,0,1,1,0,0,0,0,1,0,0,0,164,0,0,0,0,0,0,0,0,0,1020736.2150732577,216853.43740583956,14
0,0,0,1,0,0,0,0,0,0,0,0,0,0,0,0,0,1,1,0,0,0,1,0,0,0,0,165,0,0,0,0,0,0,0,0,0,1022596.9761155099,217159.02439308167,14
0,0,0,1,0,0,0,0,0,0,0,0,0,0,0,0,0,1,0,0,0,0,0,0,0,0,0,166,1,0,0,0,1,0,0,0,0,1024193.2586840838,213129.4064680934,14
0,0,0,0,0,0,1,0,0,0,0,0,0,0,0,0,0,1,0,0,0,0,0,0,0,0,0,167,1,0,0,0,0,0,0,1,0,1025152.5123430043,225183.1546702534,14
0,0,0,0,1,0,0,0,1,0,0,0,0,1,0,0,0,1,0,0,0,0,0,0,0,0,0,168,0,0,0,0,0,0,0,0,0,1027533.4751007557,220302.25268667936,14
0,1,0,0,0,0,0,0,0,0,0,0,0,0,0,0,0,1,1,0,1,0,0,0,0,0,0,169,0,0,0,0,0,0,0,0,0,1024217.7796324193,234636.2686379999,14
0,0,0,0,1,0,0,0,0,0,0,0,0,0,0,0,0,1,0,0,0,0,0,0,0,0,0,170,1,0,0,0,0,1,0,0,0,1025987.7924965918,239525.37959466875,14
0,0,0,1,0,0,0,0,0,0,0,0,0,0,0,0,0,1,0,0,0,0,0,0,0,0,0,171,1,0,0,0,1,0,0,0,0,1020049.0084424168,240124.7058238387,14
0,0,0,0,1,0,0,0,1,0,0,0,0,1,0,0,0,1,0,0,0,0,0,0,0,0,0,172,0,0,0,0,0,0,0,0,0,1026006.8278915882,247920.69416883588,14
0,0,1,0,0,0,0,0,0,0,0,0,0,0,0,0,0,1,0,0,0,0,0,0,0,0,0,173,1,0,0,1,0,0,0,0,0,1023981.1925071776,251738.68817324936,14
0,0,0,0,0,0,0,1,0,0,0,0,0,0,0,0,0,1,1,0,0,0,0,0,0,0,1,174,0,0,0,0,0,0,0,0,0,1024602.2276824266,258762.93232683837,14
0,0,0,0,0,0,1,0,0,0,0,0,0,0,0,0,0,1,1,0,0,0,0,0,0,1,0,175,0,0,0,0,0,0,0,0,0,1021754.3367246687,266182.00869600475,14
0,0,0,1,0,0,0,0,0,0,0,0,0,0,0,0,0,1,0,0,0,0,0,0,0,0,0,176,1,0,0,0,1,0,0,0,0,1030328.8828957528,214868.41873808205,14
0,0,0,0,0,0,1,0,1,0,0,0,0,0,0,1,0,1,0,0,0,0,0,0,0,0,0,177,0,0,0,0,0,0,0,0,0,1033147.4336890876,217909.27847000957,14
0,0,0,1,0,0,0,0,0,0,0,0,0,0,0,0,0,1,0,0,0,0,0,0,0,0,0,178,1,0,0,0,1,0,0,0,0,1034647.0107424259,216754.30374583602,14
0,0,0,0,1,0,0,0,0,0,0,0,0,0,0,0,0,1,0,0,0,0,0,0,0,0,0,179,0,0,0,0,0,0,0,0,0,1036041.863267675,213905.58273725212,14
0,0,0,1,0,0,0,0,0,0,0,0,0,0,0,0,0,1,1,0,0,0,1,0,0,0,0,180,0,0,0,0,0,0,0,0,0,1035705.5352001786,223976.7364794165,14
0,0,0,0,0,1,0,0,0,0,0,0,0,0,0,0,0,1,0,0,0,0,0,0,0,0,0,181,1,0,0,0,0,0,1,0,0,1031280.6854540855,249339.95609408617,14
0,0,0,0,0,0,1,0,0,0,0,0,0,0,0,0,0,1,0,0,0,0,0,0,0,0,0,182,1,0,0,0,0,0,0,1,0,1042314.1666679233,201570.99782642722,14
1,0,0,0,0,0,0,0,0,0,0,0,0,0,0,0,0,1,1,1,0,0,0,0,0,0,0,183,0,0,0,0,0,0,0,0,0,1041749.4437160045,211011.9927239269,14
0,0,0,0,0,1,0,0,0,0,0,0,0,0,0,0,0,1,0,0,0,0,0,0,0,0,0,184,1,0,0,0,0,0,1,0,0,1056114.3388706744,200640.5078895092,14
0,0,0,0,0,0,1,0,0,0,0,0,0,0,0,0,0,1,0,0,0,0,0,0,0,0,0,185,1,0,0,0,0,0,0,1,0,1058453.4647698402,216596.73188251257,14
0,0,1,0,0,0,0,0,0,0,0,0,0,0,0,0,0,1,0,0,0,0,0,0,0,0,0,186,1,0,0,1,0,0,0,0,0,1062455.1398373395,212969.98388667405,14
0,0,1,0,0,0,0,0,0,0,0,0,0,0,0,0,0,1,0,0,0,0,0,0,0,0,0,187,1,0,0,1,0,0,0,0,0,1005283.2807560861,243518.5044824183,14
1,0,0,0,0,0,0,0,0,0,0,0,0,0,0,0,0,1,0,0,0,0,0,0,0,0,0,188,1,1,0,0,0,0,0,0,0,1014332.8620663434,211390.9650630951,14
1,0,0,0,0,0,0,0,0,0,0,0,0,0,0,0,0,1,0,0,0,0,0,0,0,0,0,189,0,0,0,0,0,0,0,0,0,1024618.0140681714,242283.3671889156,14
0,0,0,0,1,0,0,0,0,0,0,0,0,0,0,0,0,1,0,0,0,0,0,0,0,0,0,190,0,0,0,0,0,0,0,0,0,1027932.2800774276,258362.29008351266,14
0,0,1,0,0,0,0,0,0,0,0,0,0,0,0,0,0,1,0,0,0,0,0,0,0,0,0,191,1,0,0,1,0,0,0,0,0,1042745.0122629255,213266.12207391858,14
0,0,0,0,1,0,0,0,0,0,0,0,0,0,0,0,0,1,1,0,0,0,0,1,0,0,0,192,0,0,0,0,0,0,0,0,0,1001956.4140502512,212430.53286583722,14
1,0,0,0,0,0,0,0,0,0,0,0,0,0,0,0,0,1,1,1,0,0,0,0,0,0,0,193,0,0,0,0,0,0,0,0,0,977370.417618677,161406.055190593,14
0,0,0,0,1,0,0,0,0,0,0,0,0,0,0,0,0,1,0,0,0,0,0,0,0,0,0,194,1,0,0,0,0,1,0,0,0,1021408.2514588386,238422.38639384508,14
0,0,0,0,1,0,0,0,0,0,0,0,0,0,0,0,0,1,0,0,0,0,0,0,0,0,0,195,1,0,0,0,0,1,0,0,0,1018932.0195346773,239466.77078799903,14
0,0,0,0,1,0,0,0,0,0,0,0,0,0,0,0,0,1,1,0,0,0,0,1,0,0,0,196,0,0,0,0,0,0,0,0,0,1033188.7882651687,164236.5695426762,14
0,0,0,0,1,0,0,0,0,0,0,0,0,0,0,0,0,1,1,0,0,0,0,1,0,0,0,197,0,0,0,0,0,0,0,0,0,1021969.6161497533,260703.35069008172,14
0,0,0,0,0,1,0,0,0,0,0,0,0,0,0,0,0,1,1,0,0,0,0,0,1,0,0,198,0,0,0,0,0,0,0,0,0,1017973.4518980086,262502.52458517253,14
0,1,0,0,0,0,0,0,1,0,1,0,0,0,0,0,0,1,0,0,0,0,0,0,0,0,0,199,0,0,0,0,0,0,0,0,0,993230.296660006,213213.75669309497,14
0,1,0,0,0,0,0,0,0,0,0,0,0,0,0,0,0,1,1,0,1,0,0,0,0,0,0,200,0,0,0,0,0,0,0,0,0,995331.4374708384,151830.3479640931,14
0,0,0,0,0,1,0,0,0,0,0,0,0,0,0,0,0,1,0,0,0,0,0,0,0,0,0,201,1,0,0,0,0,0,1,0,0,996607.5438425094,230547.31388942897,14
0,0,0,0,0,0,0,1,0,0,0,0,0,0,0,0,0,1,0,0,0,0,0,0,0,0,0,202,1,0,0,0,0,0,0,0,1,986331.7346697599,199799.64999116957,14
0,0,0,0,0,1,0,0,0,0,0,0,0,0,0,0,0,1,0,0,0,0,0,0,0,0,0,203,1,0,0,0,0,0,1,0,0,997341.3219025135,209784.35410308838,14
0,0,1,0,0,0,0,0,0,0,0,0,0,0,0,0,0,1,1,0,0,1,0,0,0,0,0,204,0,0,0,0,0,0,0,0,0,1013093.2385613471,187124.0982425958,14
0,0,1,0,0,0,0,0,0,0,0,0,0,0,0,0,0,1,0,0,0,0,0,0,0,0,0,205,0,0,0,0,0,0,0,0,0,1014577.7631513476,208633.24420058727,14
0,0,1,0,0,0,0,0,0,0,0,0,0,0,0,0,0,1,0,0,0,0,0,0,0,0,0,206,0,0,0,0,0,0,0,0,0,1001596.0017133355,212133.30905084312,14
0,0,0,0,0,0,1,0,0,0,0,0,0,0,0,0,0,1,1,0,0,0,0,0,0,1,0,207,0,0,0,0,0,0,0,0,0,1000104.0046973377,206207.59550859034,14
0,0,0,1,0,0,0,0,0,0,0,0,0,0,0,0,0,1,0,0,0,0,0,0,0,0,0,1,1,0,0,0,1,0,0,0,0,1061751.7685406804,203710.18646141887,15
0,0,0,0,1,0,0,0,0,0,0,0,0,0,0,0,0,1,0,0,0,0,0,0,0,0,0,2,1,0,0,0,0,1,0,0,0,986852.9836272597,168643.65029542148,15
0,0,0,0,0,0,0,1,0,0,0,0,0,0,0,0,0,1,1,0,0,0,0,0,0,0,1,3,0,0,0,0,0,0,0,0,0,1020864.5878480077,147789.96890576184,15
0,0,0,0,0,1,0,0,0,0,0,0,0,0,0,0,0,1,1,0,0,0,0,0,1,0,0,4,0,0,0,0,0,0,0,0,0,1020036.5875355005,248128.87255825102,15
0,0,0,1,0,0,0,0,0,0,0,0,0,0,0,0,0,1,0,0,0,0,0,0,0,0,0,5,1,0,0,0,1,0,0,0,0,917351.7666588426,125719.13115775585,15
0,0,0,1,0,0,0,0,0,0,0,0,0,0,0,0,0,1,1,0,0,0,1,0,0,0,0,6,0,0,0,0,0,0,0,0,0,938594.1995675862,137271.11461542547,15
0,0,0,0,0,0,0,1,0,0,0,0,0,0,0,0,0,1,1,0,0,0,0,0,0,0,1,7,0,0,0,0,0,0,0,0,0,936119.914161846,143375.46329909563,15
0,0,0,1,0,0,0,0,0,0,0,0,0,0,0,0,0,1,1,0,0,0,1,0,0,0,0,8,0,0,0,0,0,0,0,0,0,938905.3843126744,158527.68332266808,15
0,0,0,0,1,0,0,0,0,0,0,0,0,0,0,0,0,1,1,0,0,0,0,1,0,0,0,9,0,0,0,0,0,0,0,0,0,938913.6257660091,164932.71316350996,15
0,0,0,1,0,0,0,0,0,0,0,0,0,0,0,0,0,1,1,0,0,0,1,0,0,0,0,10,0,0,0,0,0,0,0,0,0,943192.4390587509,168176.29230625927,15
0,0,1,0,0,0,0,0,0,0,0,0,0,0,0,0,0,1,1,0,0,1,0,0,0,0,0,11,0,0,0,0,0,0,0,0,0,949827.3204740137,165775.28004792333,15
0,0,0,0,1,0,0,0,0,0,0,0,0,0,0,0,0,1,0,0,0,0,0,0,0,0,0,12,1,0,0,0,0,1,0,0,0,953603.218434006,146931.18781492114,15
0,0,0,1,0,0,0,0,0,0,0,0,0,0,0,0,0,1,0,0,0,0,0,0,0,0,0,13,1,0,0,0,1,0,0,0,0,958948.519095093,146930.1838799268,15
0,0,0,0,0,0,0,1,0,0,0,0,0,0,0,0,0,1,0,0,0,0,0,0,0,0,0,14,1,0,0,0,0,0,0,0,1,956905.8561856747,151053.82392658293,15
0,0,0,1,0,0,0,0,0,0,0,0,0,0,0,0,0,1,1,0,0,0,1,0,0,0,0,15,0,0,0,0,0,0,0,0,0,958133.8360131681,152329.31645433605,15
0,0,1,0,0,0,0,0,0,0,0,0,0,0,0,0,0,1,0,0,0,0,0,0,0,0,0,16,1,0,0,1,0,0,0,0,0,963295.4198500961,172328.49856875837,15
0,0,1,0,0,0,0,0,0,0,0,0,0,0,0,0,0,1,0,0,0,0,0,0,0,0,0,17,1,0,0,1,0,0,0,0,0,977101.0592335016,163724.0577724278,15
0,0,0,0,1,0,0,0,0,0,0,0,0,0,0,0,0,1,1,0,0,0,0,1,0,0,0,18,0,0,0,0,0,0,0,0,0,979617.7520347536,169642.55905875564,15
0,0,0,1,0,0,0,0,0,0,0,0,0,0,0,0,0,1,0,0,0,0,0,0,0,0,0,19,1,0,0,0,1,0,0,0,0,976296.1874836683,171188.55334208906,15
1,0,0,0,0,0,0,0,0,0,0,0,0,0,0,0,0,1,0,0,0,0,0,0,0,0,0,20,1,1,0,0,0,0,0,0,0,979134.9842995107,172751.2339437604,15
0,0,1,0,0,0,0,0,0,0,0,0,0,0,0,0,0,1,0,0,0,0,0,0,0,0,0,21,1,0,0,1,0,0,0,0,0,979763.0998411775,172257.48788399994,15
1,0,0,0,0,0,0,0,0,0,0,0,0,0,0,0,0,1,1,1,0,0,0,0,0,0,0,22,0,0,0,0,0,0,0,0,0,989502.351688087,156072.00581933558,15
0,0,0,1,0,0,0,0,0,0,0,0,0,0,0,0,0,1,0,0,0,0,0,0,0,0,0,23,1,0,0,0,1,0,0,0,0,983169.5395505875,166507.70968541503,15
0,0,0,0,0,1,0,0,0,0,0,0,0,0,0,0,0,1,0,0,0,0,0,0,0,0,0,24,0,0,0,0,0,0,0,0,0,988424.4437389225,166734.4776045829,15
0,0,0,0,0,0,0,1,1,0,0,0,0,0,0,0,1,1,0,0,0,0,0,0,0,0,0,25,0,0,0,0,0,0,0,0,0,980274.7654845119,174191.0699748397,15
0,0,1,0,0,0,0,0,1,0,0,1,0,0,0,0,0,1,0,0,0,0,0,0,0,0,0,26,0,0,0,0,0,0,0,0,0,981512.6924705952,173209.7333548367,15
0,0,0,0,0,0,0,1,0,0,0,0,0,0,0,0,0,1,1,0,0,0,0,0,0,0,1,27,0,0,0,0,0,0,0,0,0,982539.9151536673,177046.00192900002,15
0,0,1,0,0,0,0,0,0,0,0,0,0,0,0,0,0,1,0,0,0,0,0,0,0,0,0,28,1,0,0,1,0,0,0,0,0,988666.1591347605,172190.1720737517,15
0,0,0,0,0,0,0,1,0,0,0,0,0,0,0,0,0,1,0,0,0,0,0,0,0,0,0,29,1,0,0,0,0,0,0,0,1,981856.6353522539,184346.29868008196,15
0,0,0,0,0,0,0,1,0,0,0,0,0,0,0,0,0,1,0,0,0,0,0,0,0,0,0,30,1,0,0,0,0,0,0,0,1,987618.1034880877,187927.7416484207,15
0,0,0,1,0,0,0,0,1,0,0,0,1,0,0,0,0,1,0,0,0,0,0,0,0,0,0,31,0,0,0,0,0,0,0,0,0,989071.489688918,186306.032293424,15
0,0,0,1,0,0,0,0,0,0,0,0,0,0,0,0,0,1,0,0,0,0,0,0,0,0,0,32,0,0,0,0,0,0,0,0,0,987825.5604222566,192896.2389292568,15
0,0,0,4,0,0,0,0,0,0,0,0,0,0,0,0,0,4,0,0,0,0,0,0,0,0,0,33,4,0,0,0,4,0,0,0,0,989622.6631272584,198507.9170103371,15
1,0,0,0,0,0,0,0,0,0,0,0,0,0,0,0,0,1,0,0,0,0,0,0,0,0,0,34,1,1,0,0,0,0,0,0,0,994979.459828347,158089.52803100646,15
0,0,1,0,0,0,0,0,1,0,0,1,0,0,0,0,0,1,0,0,0,0,0,0,0,0,0,35,0,0,0,0,0,0,0,0,0,995376.6178266704,151302.42907242477,15
0,0,1,0,0,0,0,0,0,0,0,0,0,0,0,0,0,1,0,0,0,0,0,0,0,0,0,36,1,0,0,1,0,0,0,0,0,996963.6028416753,155073.4940368384,15
0,0,1,0,0,0,0,0,0,0,0,0,0,0,0,0,0,1,1,0,0,1,0,0,0,0,0,37,0,0,0,0,0,0,0,0,0,997982.0063166767,156007.77694517374,15
0,0,0,1,0,0,0,0,0,0,0,0,0,0,0,0,0,1,1,0,0,0,1,0,0,0,0,38,0,0,0,0,0,0,0,0,0,991108.1093033403,165492.82654458284,15
0,0,1,0,0,0,0,0,0,0,0,0,0,0,0,0,0,1,0,0,0,0,0,0,0,0,0,39,1,0,0,1,0,0,0,0,0,994447.3152233362,165195.76677125692,15
1,0,0,0,0,0,0,0,1,1,0,0,0,0,0,0,0,1,0,0,0,0,0,0,0,0,0,40,0,0,0,0,0,0,0,0,0,995869.4153975099,162632.79650349915,15
1,0,0,0,0,0,0,0,1,1,0,0,0,0,0,0,0,1,0,0,0,0,0,0,0,0,0,41,0,0,0,0,0,0,0,0,0,993235.0309025049,170712.59628875554,15
0,0,1,0,0,0,0,0,0,0,0,0,0,0,0,0,0,1,0,0,0,0,0,0,0,0,0,42,1,0,0,1,0,0,0,0,0,995535.1772208363,177158.34422400594,15
0,0,0,0,0,1,0,0,0,0,0,0,0,0,0,0,0,1,0,0,0,0,0,0,0,0,0,43,1,0,0,0,0,0,1,0,0,996556.70404917,174864.38916625082,15
1,0,0,0,0,0,0,0,0,0,0,0,0,0,0,0,0,1,0,0,0,0,0,0,0,0,0,44,1,1,0,0,0,0,0,0,0,998412.9831450135,174319.37057125568,15
1,0,0,0,0,0,0,0,0,0,0,0,0,0,0,0,0,1,0,0,0,0,0,0,0,0,0,45,1,1,0,0,0,0,0,0,0,999339.7421182543,172860.4072818458,15
0,0,0,0,1,0,0,0,0,0,0,0,0,0,0,0,0,1,0,0,0,0,0,0,0,0,0,46,1,0,0,0,0,1,0,0,0,997546.1541700065,186507.35078842938,15
1,0,0,0,0,0,0,0,0,0,0,0,0,0,0,0,0,1,0,0,0,0,0,0,0,0,0,47,1,1,0,0,0,0,0,0,0,998781.7058327496,189686.49141176045,15
1,0,0,0,0,0,0,0,0,0,0,0,0,0,0,0,0,1,0,0,0,0,0,0,0,0,0,48,1,1,0,0,0,0,0,0,0,995613.503835842,194093.90352867544,15
0,0,0,0,0,1,0,0,0,0,0,0,0,0,0,0,0,1,0,0,0,0,0,0,0,0,0,49,1,0,0,0,0,0,1,0,0,996695.8310675025,190462.56269425154,15
1,0,0,0,0,0,0,0,0,0,0,0,0,0,0,0,0,1,0,0,0,0,0,0,0,0,0,50,1,1,0,0,0,0,0,0,0,996920.8109325022,192410.6916720122,15
0,0,0,0,0,0,0,1,1,0,0,0,0,0,0,0,1,1,0,0,0,0,0,0,0,0,0,51,0,0,0,0,0,0,0,0,0,998056.9143033475,195965.06448450685,15
0,0,0,0,1,0,0,0,0,0,0,0,0,0,0,0,0,1,1,0,0,0,0,1,0,0,0,52,0,0,0,0,0,0,0,0,0,998109.847268343,195302.38208283484,15
0,0,0,0,0,0,1,0,1,0,0,0,0,0,0,1,0,1,0,0,0,0,0,0,0,0,0,53,0,0,0,0,0,0,0,0,0,998719.7312191725,195899.7398120016,15
0,0,0,0,0,1,0,0,0,0,0,0,0,0,0,0,0,1,0,0,0,0,0,0,0,0,0,54,1,0,0,0,0,0,1,0,0,983926.70010975,205881.87175059319,15
0,0,0,0,0,1,0,0,0,0,0,0,0,0,0,0,0,1,0,0,0,0,0,0,0,0,0,55,1,0,0,0,0,0,1,0,0,984102.5396530926,201020.03140866756,15
0,0,0,0,0,0,1,0,0,0,0,0,0,0,0,0,0,1,0,0,0,0,0,0,0,0,0,56,1,0,0,0,0,0,0,1,0,984809.7396822572,202562.1280620098,15
0,0,0,0,0,0,0,1,0,0,0,0,0,0,0,0,0,1,0,0,0,0,0,0,0,0,0,57,0,0,0,0,0,0,0,0,0,984961.1698255837,209477.01875975728,15
1,0,0,0,0,0,0,0,0,0,0,0,0,0,0,0,0,1,0,0,0,0,0,0,0,0,0,58,1,1,0,0,0,0,0,0,0,986591.4953050911,204176.74195875227,15
0,0,0,0,1,0,0,0,0,0,0,0,0,0,0,0,0,1,0,0,0,0,0,0,0,0,0,59,1,0,0,0,0,1,0,0,0,989120.6726614237,200383.90735283494,15
1,0,0,0,0,0,0,0,1,1,0,0,0,0,0,0,0,1,0,0,0,0,0,0,0,0,0,60,0,0,0,0,0,0,0,0,0,985737.2903205901,218307.8505075127,15
0,0,0,0,1,0,0,0,0,0,0,0,0,0,0,0,0,1,0,0,0,0,0,0,0,0,0,61,1,0,0,0,0,1,0,0,0,987105.6143555939,213352.82793726027,15
0,0,0,0,1,0,0,0,0,0,0,0,0,0,0,0,0,1,1,0,0,0,0,1,0,0,0,62,0,0,0,0,0,0,0,0,0,988650.2766205966,214286.40218558908,15
0,0,0,0,0,1,0,0,0,0,0,0,0,0,0,0,0,1,0,0,0,0,0,0,0,0,0,63,1,0,0,0,0,0,1,0,0,988344.7687014192,219296.86427751184,15
0,0,0,1,0,0,0,0,0,0,0,0,0,0,0,0,0,1,0,0,0,0,0,0,0,0,0,64,1,0,0,0,1,0,0,0,0,989643.991824761,217930.45624917746,15
0,0,0,1,0,0,0,0,0,0,0,0,0,0,0,0,0,1,0,0,0,0,0,0,0,0,0,65,1,0,0,0,1,0,0,0,0,990476.6082697511,203733.79533809423,15
0,1,0,0,0,0,0,0,0,0,0,0,0,0,0,0,0,1,0,0,0,0,0,0,0,0,0,66,1,0,1,0,0,0,0,0,0,991191.3115647584,201612.18311150372,15
0,0,0,0,1,0,0,0,0,0,0,0,0,0,0,0,0,1,0,0,0,0,0,0,0,0,0,67,1,0,0,0,0,1,0,0,0,991133.9297897518,203369.90531784296,15
0,0,0,0,0,0,0,1,0,0,0,0,0,0,0,0,0,1,0,0,0,0,0,0,0,0,0,68,1,0,0,0,0,0,0,0,1,994136.1773941666,216385.5446408391,15
0,1,0,0,0,0,0,0,0,0,0,0,0,0,0,0,0,1,1,0,1,0,0,0,0,0,0,69,0,0,0,0,0,0,0,0,0,991432.3117389232,223017.71313500404,15
1,0,0,0,0,0,0,0,0,0,0,0,0,0,0,0,0,1,0,0,0,0,0,0,0,0,0,70,1,1,0,0,0,0,0,0,0,992454.8323316723,228572.7935602516,15
0,0,0,0,1,0,0,0,0,0,0,0,0,0,0,0,0,1,1,0,0,0,0,1,0,0,0,71,0,0,0,0,0,0,0,0,0,996698.7280433476,221027.46121001244,15
1,0,0,0,0,0,0,0,0,0,0,0,0,0,0,0,0,1,0,0,0,0,0,0,0,0,0,72,1,1,0,0,0,0,0,0,0,998508.7096595913,224302.0629285127,15
0,0,0,0,1,0,0,0,0,0,0,0,0,0,0,0,0,1,0,0,0,0,0,0,0,0,0,73,1,0,0,0,0,1,0,0,0,999031.8893875033,222219.12844608724,15
0,0,0,0,0,2,0,0,0,0,0,0,0,0,0,0,0,2,2,0,0,0,0,0,2,0,0,74,0,0,0,0,0,0,0,0,0,999569.2078666687,227671.8931310922,15
1,0,0,0,0,0,0,0,0,0,0,0,0,0,0,0,0,1,0,0,0,0,0,0,0,0,0,75,1,1,0,0,0,0,0,0,0,995422.1754783392,231162.46357776225,15
0,0,0,0,0,0,1,0,1,0,0,0,0,0,0,1,0,1,0,0,0,0,0,0,0,0,0,76,0,0,0,0,0,0,0,0,0,996975.0070183426,233966.4474710822,15
0,1,0,0,0,0,0,0,0,0,0,0,0,0,0,0,0,1,1,0,1,0,0,0,0,0,0,77,0,0,0,0,0,0,0,0,0,1005245.180438593,155034.163406834,15
1,0,0,0,0,0,0,0,0,0,0,0,0,0,0,0,0,1,0,0,0,0,0,0,0,0,0,78,0,0,0,0,0,0,0,0,0,1007085.9051035941,177648.07749649882,15
0,0,0,1,0,0,0,0,0,0,0,0,0,0,0,0,0,1,0,0,0,0,0,0,0,0,0,79,1,0,0,0,1,0,0,0,0,1008069.9254452586,171547.732085675,15
0,1,0,0,0,0,0,0,0,0,0,0,0,0,0,0,0,1,1,0,1,0,0,0,0,0,0,80,0,0,0,0,0,0,0,0,0,1000510.4953541756,186298.53558926284,15
0,0,0,0,0,0,0,1,0,0,0,0,0,0,0,0,0,1,1,0,0,0,0,0,0,0,1,81,0,0,0,0,0,0,0,0,0,1003404.3737527579,183595.34873841703,15
0,0,0,0,0,0,1,0,0,0,0,0,0,0,0,0,0,1,0,0,0,0,0,0,0,0,0,82,1,0,0,0,0,0,0,1,0,1002212.3288927525,193214.0893434286,15
0,1,0,0,0,0,0,0,1,0,1,0,0,0,0,0,0,1,0,0,0,0,0,0,0,0,0,83,0,0,0,0,0,0,0,0,0,1003983.9231185913,193287.93434008956,15
0,0,0,0,0,0,1,0,0,0,0,0,0,0,0,0,0,1,1,0,0,0,0,0,0,1,0,84,0,0,0,0,0,0,0,0,0,1005781.5573185831,197596.13405700028,15
0,1,0,0,0,0,0,0,0,0,0,0,0,0,0,0,0,1,1,0,1,0,0,0,0,0,0,85,0,0,0,0,0,0,0,0,0,1006410.9655085951,195138.3833950907,15
0,0,0,0,0,0,0,1,0,0,0,0,0,0,0,0,0,1,0,0,0,0,0,0,0,0,0,86,1,0,0,0,0,0,0,0,1,1006644.41648525,195886.4065053463,15
0,0,0,0,1,0,0,0,0,0,0,0,0,0,0,0,0,1,1,0,0,0,0,1,0,0,0,87,0,0,0,0,0,0,0,0,0,1007088.0573302507,190387.7104817629,15
0,0,0,0,0,1,0,0,0,0,0,0,0,0,0,0,0,1,1,0,0,0,0,0,1,0,0,88,0,0,0,0,0,0,0,0,0,1007055.462251097,192085.3612859249,15
0,0,1,0,0,0,0,0,0,0,0,0,0,0,0,0,0,1,0,0,0,0,0,0,0,0,0,89,1,0,0,1,0,0,0,0,0,1009943.701225251,191604.21723508835,15
0,0,0,0,0,1,0,0,0,0,0,0,0,0,0,0,0,1,0,0,0,0,0,0,0,0,0,90,1,0,0,0,0,0,1,0,0,1009989.3212127537,156408.49136683345,15
0,0,0,0,1,0,0,0,0,0,0,0,0,0,0,0,0,1,0,0,0,0,0,0,0,0,0,91,1,0,0,0,0,1,0,0,0,1010985.0213210881,178703.92512233555,15
0,0,0,1,0,0,0,0,0,0,0,0,0,0,0,0,0,1,0,0,0,0,0,0,0,0,0,92,1,0,0,0,1,0,0,0,0,1013013.6619488448,175751.29979400337,15
0,0,0,1,0,0,0,0,0,0,0,0,0,0,0,0,0,1,0,0,0,0,0,0,0,0,0,93,1,0,0,0,1,0,0,0,0,1014865.7054888457,170206.95753625035,15
0,0,0,0,0,1,0,0,0,0,0,0,0,0,0,0,0,1,0,0,0,0,0,0,0,0,0,94,1,0,0,0,0,0,1,0,0,1014775.5823095143,177854.23850150406,15
0,0,0,1,0,0,0,0,0,0,0,0,0,0,0,0,0,1,0,0,0,0,0,0,0,0,0,95,1,0,0,0,1,0,0,0,0,1013755.0416996777,180924.4390540123,15
0,0,0,0,0,0,1,0,0,0,0,0,0,0,0,0,0,1,1,0,0,0,0,0,0,1,0,96,0,0,0,0,0,0,0,0,0,1013136.181716919,184082.25393259525,15
1,0,0,0,0,0,0,0,0,0,0,0,0,0,0,0,0,1,0,0,0,0,0,0,0,0,0,97,1,1,0,0,0,0,0,0,0,1017305.3429980129,180767.9695506692,15
0,0,0,0,0,1,0,0,0,0,0,0,0,0,0,0,0,1,0,0,0,0,0,0,0,0,0,98,1,0,0,0,0,0,1,0,0,1027799.4850674272,183932.8221448362,15
0,1,0,0,0,0,0,0,0,0,0,0,0,0,0,0,0,1,1,0,1,0,0,0,0,0,0,99,0,0,0,0,0,0,0,0,0,1025245.700804919,192030.57793092728,15
0,0,0,1,0,0,0,0,0,0,0,0,0,0,0,0,0,1,0,0,0,0,0,0,0,0,0,100,1,0,0,0,1,0,0,0,0,1031778.5453507602,189125.4689117521,15
0,0,0,0,0,1,0,0,0,0,0,0,0,0,0,0,0,1,0,0,0,0,0,0,0,0,0,101,1,0,0,0,0,0,1,0,0,1034277.313319087,185977.31247842312,15
0,0,0,0,0,0,1,0,0,0,0,0,0,0,0,0,0,1,0,0,0,0,0,0,0,0,0,102,1,0,0,0,0,0,0,1,0,1032792.0534943342,190800.62632258236,15
0,0,0,0,0,0,1,0,0,0,0,0,0,0,0,0,0,1,0,0,0,0,0,0,0,0,0,103,1,0,0,0,0,0,0,1,0,1042671.5576854199,182294.83657567203,15
0,0,0,0,1,0,0,0,0,0,0,0,0,0,0,0,0,1,0,0,0,0,0,0,0,0,0,104,1,0,0,0,0,1,0,0,0,1046740.3356370926,187276.19767592847,15
0,0,0,0,1,0,0,0,0,0,0,0,0,0,0,0,0,1,0,0,0,0,0,0,0,0,0,105,1,0,0,0,0,1,0,0,0,1042104.0624293387,190835.4195600897,15
0,0,0,0,1,0,0,0,0,0,0,0,0,0,0,0,0,1,0,0,0,0,0,0,0,0,0,106,1,0,0,0,0,1,0,0,0,1042187.7892960012,198539.68531949818,15
1,0,0,0,0,0,0,0,0,0,0,0,0,0,0,0,0,1,1,1,0,0,0,0,0,0,0,107,0,0,0,0,0,0,0,0,0,1057739.1751879305,184941.81520558894,15
0,0,0,1,0,0,0,0,0,0,0,0,0,0,0,0,0,1,0,0,0,0,0,0,0,0,0,108,1,0,0,0,1,0,0,0,0,1000675.7804566771,203773.60168892145,15
0,0,0,0,0,0,1,0,1,0,0,0,0,0,0,1,0,1,0,0,0,0,0,0,0,0,0,109,0,0,0,0,0,0,0,0,0,1005864.1096469164,209212.56062725186,15
0,0,0,0,1,0,0,0,0,0,0,0,0,0,0,0,0,1,1,0,0,0,0,1,0,0,0,110,0,0,0,0,0,0,0,0,0,1006864.04203026,207126.16060058773,15
0,0,1,0,0,0,0,0,0,0,0,0,0,0,0,0,0,1,0,0,0,0,0,0,0,0,0,111,1,0,0,1,0,0,0,0,0,1006668.5502952635,209309.77171891928,15
0,0,0,0,0,0,1,0,1,0,0,0,0,0,0,1,0,1,0,0,0,0,0,0,0,0,0,112,0,0,0,0,0,0,0,0,0,1003533.3269069195,211180.15183642507,15
0,0,0,0,0,1,0,0,0,0,0,0,0,0,0,0,0,1,1,0,0,0,0,0,1,0,0,113,0,0,0,0,0,0,0,0,0,1009704.5087902546,217219.6046525091,15
0,0,1,0,0,0,0,0,0,0,0,0,0,0,0,0,0,1,0,0,0,0,0,0,0,0,0,114,1,0,0,1,0,0,0,0,0,1000709.6813075095,226718.0567841679,15
0,0,0,0,1,0,0,0,0,0,0,0,0,0,0,0,0,1,0,0,0,0,0,0,0,0,0,115,1,0,0,0,0,1,0,0,0,1000846.2919266671,226964.3981550038,15
0,0,0,0,0,0,1,0,0,0,0,0,0,0,0,0,0,1,1,0,0,0,0,0,0,1,0,116,0,0,0,0,0,0,0,0,0,1001087.8859316707,228948.9312594235,15
0,0,0,1,0,0,0,0,0,0,0,0,0,0,0,0,0,1,0,0,0,0,0,0,0,0,0,117,1,0,0,0,1,0,0,0,0,1000621.5512344241,235883.3855663389,15
0,0,0,0,1,0,0,0,0,0,0,0,0,0,0,0,0,1,0,0,0,0,0,0,0,0,0,118,1,0,0,0,0,1,0,0,0,1001518.3151889294,235386.4787517488,15
0,1,0,0,0,0,0,0,0,0,0,0,0,0,0,0,0,1,0,0,0,0,0,0,0,0,0,119,1,0,1,0,0,0,0,0,0,1005629.7826877534,237083.16006967425,15
0,0,0,1,0,0,0,0,0,0,0,0,0,0,0,0,0,1,0,0,0,0,0,0,0,0,0,120,1,0,0,0,1,0,0,0,0,1007725.7824327499,238645.11560717225,15
0,0,0,0,1,0,0,0,0,0,0,0,0,0,0,0,0,1,1,0,0,0,0,1,0,0,0,121,0,0,0,0,0,0,0,0,0,1008991.2228152603,237755.09114050865,15
0,0,0,0,0,1,0,0,1,0,0,0,0,0,1,0,0,1,0,0,0,0,0,0,0,0,0,122,0,0,0,0,0,0,0,0,0,1008096.0080702603,239562.84014967084,15
0,0,0,0,1,0,0,0,1,0,0,0,0,1,0,0,0,1,0,0,0,0,0,0,0,0,0,123,0,0,0,0,0,0,0,0,0,1000475.610253334,241998.63580299914,15
0,0,0,0,0,1,0,0,1,0,0,0,0,0,1,0,0,1,0,0,0,0,0,0,0,0,0,124,0,0,0,0,0,0,0,0,0,1001323.8795541674,249292.42009992898,15
0,0,0,0,0,1,0,0,0,0,0,0,0,0,0,0,0,1,0,0,0,0,0,0,0,0,0,125,1,0,0,0,0,0,1,0,0,1006063.9156777561,241542.8962289244,15
0,0,1,0,0,0,0,0,0,0,0,0,0,0,0,0,0,1,0,0,0,0,0,0,0,0,0,126,1,0,0,1,0,0,0,0,0,1008613.1126790941,246481.28759883344,15
0,1,0,0,0,0,0,0,0,0,0,0,0,0,0,0,0,1,0,0,0,0,0,0,0,0,0,127,1,0,1,0,0,0,0,0,0,1009730.7193677574,240223.0619263351,15
0,0,1,0,0,0,0,0,0,0,0,0,0,0,0,0,0,1,0,0,0,0,0,0,0,0,0,128,1,0,0,1,0,0,0,0,0,1009787.1857902557,241617.73761467636,15
0,0,0,0,1,0,0,0,0,0,0,0,0,0,0,0,0,1,1,0,0,0,0,1,0,0,0,129,0,0,0,0,0,0,0,0,0,1005082.3986119181,251384.27615241706,15
0,0,0,1,0,0,0,0,1,0,0,0,1,0,0,0,0,1,0,0,0,0,0,0,0,0,0,130,0,0,0,0,0,0,0,0,0,1010379.6737785041,204710.11064267159,15
0,0,1,0,0,0,0,0,0,0,0,0,0,0,0,0,0,1,1,0,0,1,0,0,0,0,0,131,0,0,0,0,0,0,0,0,0,1014420.3881380111,201414.0496495068,15
0,0,0,0,0,0,3,0,0,0,0,0,0,0,0,0,0,3,2,0,0,0,0,0,0,2,0,132,1,0,0,0,0,0,0,1,0,1016851.426583007,204886.0699364245,15
0,0,0,0,0,1,0,0,0,0,0,0,0,0,0,0,0,1,0,0,0,0,0,0,0,0,0,133,1,0,0,0,0,0,1,0,0,1016184.4626938403,205974.29938726127,15
0,0,0,0,0,1,0,0,0,0,0,0,0,0,0,0,0,1,0,0,0,0,0,0,0,0,0,134,1,0,0,0,0,0,1,0,0,1013227.6677544266,211237.90762642026,15
0,0,0,0,0,0,0,1,0,0,0,0,0,0,0,0,0,1,0,0,0,0,0,0,0,0,0,135,1,0,0,0,0,0,0,0,1,1013978.1285238415,212125.87172976136,15
0,0,0,0,0,0,1,0,0,0,0,0,0,0,0,0,0,1,1,0,0,0,0,0,0,1,0,136,0,0,0,0,0,0,0,0,0,1016008.9577955008,214567.2415189296,15
0,0,1,0,0,0,1,0,0,0,0,0,0,0,0,0,0,2,0,0,0,0,0,0,0,0,0,137,2,0,0,1,0,0,0,1,0,1018364.1532163471,212738.97089725733,15
0,1,0,0,0,0,0,0,0,0,0,0,0,0,0,0,0,1,1,0,1,0,0,0,0,0,0,138,0,0,0,0,0,0,0,0,0,1012699.374519676,222285.5197174996,15
0,0,0,0,0,1,0,0,0,0,0,0,0,0,0,0,0,1,0,0,0,0,0,0,0,0,0,139,1,0,0,0,0,0,1,0,0,1010774.2573069185,235170.5723594278,15
0,0,0,0,0,0,1,0,0,0,0,0,0,0,0,0,0,1,0,0,0,0,0,0,0,0,0,140,1,0,0,0,0,0,0,1,0,1012222.9355119169,238430.58519634604,15
0,1,0,0,0,0,0,0,0,0,0,0,0,0,0,0,0,1,1,0,1,0,0,0,0,0,0,141,0,0,0,0,0,0,0,0,0,1015722.3015446663,233146.4589535892,15
0,0,0,0,0,2,0,0,0,0,0,0,0,0,0,0,0,2,2,0,0,0,0,0,2,0,0,142,0,0,0,0,0,0,0,0,0,1016484.6523821801,233299.76573358476,15
0,0,0,0,2,0,0,0,0,0,0,0,0,0,0,0,0,2,2,0,0,0,0,2,0,0,0,143,0,0,0,0,0,0,0,0,0,1010864.3391477615,245060.15166158974,15
0,0,0,0,0,2,0,0,0,0,0,0,0,0,0,0,0,2,2,0,0,0,0,0,2,0,0,144,0,0,0,0,0,0,0,0,0,1011611.7425085902,253618.47772075236,15
1,0,0,0,0,0,0,0,0,0,0,0,0,0,0,0,0,1,1,1,0,0,0,0,0,0,0,145,0,0,0,0,0,0,0,0,0,1011335.155135259,255163.9569132626,15
0,0,0,1,0,0,0,0,0,0,0,0,0,0,0,0,0,1,1,0,0,0,1,0,0,0,0,146,0,0,0,0,0,0,0,0,0,1013402.3097935915,251109.20124325156,15
0,0,0,0,1,0,0,0,0,0,0,0,0,0,0,0,0,1,0,0,0,0,0,0,0,0,0,147,1,0,0,0,0,1,0,0,0,1017951.0477433354,260693.67452834547,15
0,0,1,0,0,0,0,0,0,0,0,0,0,0,0,0,0,1,0,0,0,0,0,0,0,0,0,148,1,0,0,1,0,0,0,0,0,1020499.0078705102,216559.51410917938,15
0,0,1,0,0,0,0,0,0,0,0,0,0,0,0,0,0,1,1,0,0,1,0,0,0,0,0,149,0,0,0,0,0,0,0,0,0,1028927.1481664181,210530.3624535948,15
0,0,0,1,0,0,0,0,0,0,0,0,0,0,0,0,0,1,0,0,0,0,0,0,0,0,0,150,1,0,0,0,1,0,0,0,0,1027407.7306015939,223801.0481825024,15
0,1,0,0,0,0,0,0,0,0,0,0,0,0,0,0,0,1,1,0,1,0,0,0,0,0,0,151,0,0,0,0,0,0,0,0,0,1026313.6809524298,237703.06040467322,15
0,0,0,0,0,0,0,1,1,0,0,0,0,0,0,0,1,1,0,0,0,0,0,0,0,0,0,152,0,0,0,0,0,0,0,0,0,1020737.4424329996,242191.73909133673,15
0,0,0,0,0,1,0,0,0,0,0,0,0,0,0,0,0,1,0,0,0,0,0,0,0,0,0,153,1,0,0,0,0,0,1,0,0,1022005.1856324226,244563.7815913409,15
0,0,0,0,1,0,0,0,1,0,0,0,0,1,0,0,0,1,0,0,0,0,0,0,0,0,0,154,0,0,0,0,0,0,0,0,0,1023252.6440955102,242943.58141967654,15
0,0,0,1,0,0,0,0,0,0,0,0,0,0,0,0,0,1,0,0,0,0,0,0,0,0,0,155,1,0,0,0,1,0,0,0,0,1025754.1184232533,240828.42488883436,15
0,0,0,0,1,0,0,0,0,0,0,0,0,0,0,0,0,1,0,0,0,0,0,0,0,0,0,156,1,0,0,0,0,1,0,0,0,1026187.7658499181,245426.98196467757,15
0,2,0,0,0,0,0,0,0,0,0,0,0,0,0,0,0,2,2,0,2,0,0,0,0,0,0,157,0,0,0,0,0,0,0,0,0,1028537.4888407588,243494.88248242438,15
0,0,0,0,1,0,0,0,0,0,0,0,0,0,0,0,0,1,1,0,0,0,0,1,0,0,0,158,0,0,0,0,0,0,0,0,0,1020365.267980501,253129.40389575064,15
0,0,0,1,0,0,0,0,0,0,0,0,0,0,0,0,0,1,1,0,0,0,1,0,0,0,0,159,0,0,0,0,0,0,0,0,0,1027460.9227524251,251594.2166774273,15
0,1,0,0,0,0,0,0,0,0,0,0,0,0,0,0,0,1,0,0,0,0,0,0,0,0,0,160,1,0,1,0,0,0,0,0,0,1027084.3093324304,257997.9571507573,15
0,0,0,0,1,0,0,0,0,0,0,0,0,0,0,0,0,1,0,0,0,0,0,0,0,0,0,161,1,0,0,0,0,1,0,0,0,1029436.7226065844,259007.90230934322,15
0,0,0,0,1,0,0,0,1,0,0,0,0,1,0,0,0,1,0,0,0,0,0,0,0,0,0,162,0,0,0,0,0,0,0,0,0,1021971.5406865925,265517.4037260115,15
1,0,0,0,0,0,0,0,0,0,0,0,0,0,0,0,0,1,0,0,0,0,0,0,0,0,0,163,1,1,0,0,0,0,0,0,0,1024852.5027724206,263125.7451235056,15
0,0,0,1,0,0,0,0,0,0,0,0,0,0,0,0,0,1,1,0,0,0,1,0,0,0,0,164,0,0,0,0,0,0,0,0,0,1028976.7989857644,263980.71716684103,15
0,0,0,1,0,0,0,0,0,0,0,0,0,0,0,0,0,1,0,0,0,0,0,0,0,0,0,165,1,0,0,0,1,0,0,0,0,1032749.225496009,209052.03273308277,15
0,0,0,0,0,0,1,0,0,0,0,0,0,0,0,0,0,1,1,0,0,0,0,0,0,1,0,166,0,0,0,0,0,0,0,0,0,1035137.0684893429,200056.55236449838,15
0,1,0,0,0,0,0,0,0,0,0,0,0,0,0,0,0,1,0,0,0,0,0,0,0,0,0,167,1,0,1,0,0,0,0,0,0,1035524.9810993373,208408.34307558835,15
0,0,0,0,0,0,0,1,0,0,0,0,0,0,0,0,0,1,0,0,0,0,0,0,0,0,0,168,0,0,0,0,0,0,0,0,0,1030720.7751565874,213097.4249047488,15
0,0,0,0,0,0,0,1,1,0,0,0,0,0,0,0,1,1,0,0,0,0,0,0,0,0,0,169,0,0,0,0,0,0,0,0,0,1033026.0034857541,216175.52209500968,15
0,0,0,1,0,0,0,0,0,0,0,0,0,0,0,0,0,1,1,0,0,0,1,0,0,0,0,170,0,0,0,0,0,0,0,0,0,1043421.3760676682,206025.90361475945,15
0,0,0,0,0,0,1,0,0,0,0,0,0,0,0,0,0,1,0,0,0,0,0,0,0,0,0,171,1,0,0,0,0,0,0,1,0,1044064.6487312615,220343.469795838,15
1,0,0,0,0,0,0,0,0,0,0,0,0,0,0,0,0,1,1,1,0,0,0,0,0,0,0,172,0,0,0,0,0,0,0,0,0,1053475.8569429219,202269.8714286685,15
1,0,0,0,0,0,0,0,0,0,0,0,0,0,0,0,0,1,0,0,0,0,0,0,0,0,0,173,1,1,0,0,0,0,0,0,0,1053015.2082579285,203127.43533034623,15
0,0,1,0,0,0,0,0,0,0,0,0,0,0,0,0,0,1,1,0,0,1,0,0,0,0,0,174,0,0,0,0,0,0,0,0,0,1058040.6378395855,210004.48194366693,15
0,0,0,0,0,0,1,0,0,0,0,0,0,0,0,0,0,1,0,0,0,0,0,0,0,0,0,175,1,0,0,0,0,0,0,1,0,997420.2292250097,161879.06113433838,15
0,0,0,0,0,1,0,0,0,0,0,0,0,0,0,0,0,1,0,0,0,0,0,0,0,0,0,176,1,0,0,0,0,0,1,0,0,1006767.4313310832,220212.0625783354,15
2,0,0,0,0,0,0,0,0,0,0,0,0,0,0,0,0,2,2,2,0,0,0,0,0,0,0,177,0,0,0,0,0,0,0,0,0,1031876.6947607547,251341.96652574837,15
0,0,0,0,1,0,0,0,0,0,0,0,0,0,0,0,0,1,1,0,0,0,0,1,0,0,0,178,0,0,0,0,0,0,0,0,0,1000462.5590983331,165057.45668041706,15
0,1,0,0,0,0,0,0,0,0,0,0,0,0,0,0,0,1,1,0,1,0,0,0,0,0,0,179,0,0,0,0,0,0,0,0,0,1023122.6702740937,244849.5979488343,15
0,1,0,0,0,0,0,0,0,0,0,0,0,0,0,0,0,1,1,0,1,0,0,0,0,0,0,180,0,0,0,0,0,0,0,0,0,1008112.7206352502,247413.43107575178,15
0,0,0,0,0,0,1,0,0,0,0,0,0,0,0,0,0,1,0,0,0,0,0,0,0,0,0,181,1,0,0,0,0,0,0,1,0,1025717.7152808458,190893.24588800967,15
0,1,0,0,0,0,0,0,0,0,0,0,0,0,0,0,0,1,1,0,1,0,0,0,0,0,0,182,0,0,0,0,0,0,0,0,0,1017033.4642766714,257172.81772492826,15
0,0,0,0,0,0,1,0,0,0,0,0,0,0,0,0,0,1,0,0,0,0,0,0,0,0,0,1,1,0,0,0,0,0,0,1,0,949760.8084679246,167810.95182958245,16
0,0,0,0,0,0,0,1,0,0,0,0,0,0,0,0,0,1,0,0,0,0,0,0,0,0,0,2,1,0,0,0,0,0,0,0,1,959979.3736606687,155039.25197933614,16
1,0,0,0,0,0,0,0,0,0,0,0,0,0,0,0,0,1,0,0,0,0,0,0,0,0,0,3,1,1,0,0,0,0,0,0,0,985552.9796655923,155842.44263017178,16
1,0,0,0,0,0,0,0,0,0,0,0,0,0,0,0,0,1,0,0,0,0,0,0,0,0,0,4,1,1,0,0,0,0,0,0,0,983580.2769180834,174561.2575546652,16
3,0,0,0,0,0,0,0,0,0,0,0,0,0,0,0,0,3,0,0,0,0,0,0,0,0,0,5,3,3,0,0,0,0,0,0,0,993337.4621280879,160517.72527433932,16
0,0,0,0,1,0,0,0,0,0,0,0,0,0,0,0,0,1,1,0,0,0,0,1,0,0,0,6,0,0,0,0,0,0,0,0,0,990275.4964672625,188912.53626675904,16
0,0,0,1,0,0,0,0,0,0,0,0,0,0,0,0,0,1,0,0,0,0,0,0,0,0,0,7,1,0,0,0,1,0,0,0,0,995905.9802850038,205970.0507080853,16
0,0,1,0,1,0,0,0,1,0,0,1,0,0,0,0,0,2,0,0,0,0,0,0,0,0,0,8,1,0,0,0,0,1,0,0,0,990692.5327066779,215861.75336559117,16
0,0,0,0,1,0,0,0,0,0,0,0,0,0,0,0,0,1,0,0,0,0,0,0,0,0,0,9,1,0,0,0,0,1,0,0,0,990703.448367253,217986.0762166679,16
0,0,1,0,0,0,0,0,0,0,0,0,0,0,0,0,0,1,0,0,0,0,0,0,0,0,0,10,1,0,0,1,0,0,0,0,0,997061.6669500023,218665.14310000837,16
0,0,0,1,0,0,0,0,0,0,0,0,0,0,0,0,0,1,0,0,0,0,0,0,0,0,0,11,1,0,0,0,1,0,0,0,0,1005657.5582227558,176995.8412681669,16
0,0,0,1,0,0,0,0,0,0,0,0,0,0,0,0,0,1,0,0,0,0,0,0,0,0,0,12,1,0,0,0,1,0,0,0,0,1011456.057124421,170404.2960523367,16
1,0,0,0,0,0,0,0,0,0,0,0,0,0,0,0,0,1,1,1,0,0,0,0,0,0,0,13,0,0,0,0,0,0,0,0,0,1011640.7221094221,182254.43606592715,16
0,0,0,0,0,0,1,0,0,0,0,0,0,0,0,0,0,1,0,0,0,0,0,0,0,0,0,14,1,0,0,0,0,0,0,1,0,1013425.3379627615,182603.66469816864,16
0,0,0,0,0,0,0,2,0,0,0,0,0,0,0,0,0,2,0,0,0,0,0,0,0,0,0,15,2,0,0,0,0,0,0,0,2,1024508.3075946718,189400.5635059178,16
0,0,0,0,0,1,0,0,0,0,0,0,0,0,0,0,0,1,1,0,0,0,0,0,1,0,0,16,0,0,0,0,0,0,0,0,0,1036477.9122643471,194984.53823034465,16
0,0,1,0,0,0,0,0,0,0,0,0,0,0,0,0,0,1,0,0,0,0,0,0,0,0,0,17,1,0,0,1,0,0,0,0,0,1045107.9602929205,182549.34394067526,16
0,0,0,0,0,0,1,0,0,0,0,0,0,0,0,0,0,1,1,0,0,0,0,0,0,1,0,18,0,0,0,0,0,0,0,0,0,1056505.437169835,181754.51908674836,16
0,0,0,0,0,1,0,0,0,0,0,0,0,0,0,0,0,1,0,0,0,0,0,0,0,0,0,19,1,0,0,0,0,0,1,0,0,1000530.3411150128,200758.18810033798,16
0,0,0,0,0,0,1,0,0,0,0,0,0,0,0,0,0,1,0,0,0,0,0,0,0,0,0,20,1,0,0,0,0,0,0,1,0,1008983.355376929,222055.35613584518,16
0,1,0,0,0,0,0,0,1,0,1,0,0,0,0,0,0,1,0,0,0,0,0,0,0,0,0,21,0,0,0,0,0,0,0,0,0,1001008.2207366675,236583.348077178,16
0,0,0,0,1,0,0,0,1,0,0,0,0,1,0,0,0,1,0,0,0,0,0,0,0,0,0,22,0,0,0,0,0,0,0,0,0,1007790.7068435848,236191.87576299906,16
0,0,0,0,0,0,1,0,0,0,0,0,0,0,0,0,0,1,0,0,0,0,0,0,0,0,0,23,1,0,0,0,0,0,0,1,0,1011270.7842010111,242158.4386330098,16
0,0,0,1,0,0,0,0,0,0,0,0,0,0,0,0,0,1,1,0,0,0,1,0,0,0,0,24,0,0,0,0,0,0,0,0,0,1019333.8953713477,242430.84294383228,16
0,0,0,0,0,0,0,1,0,0,0,0,0,0,0,0,0,1,0,0,0,0,0,0,0,0,0,25,1,0,0,0,0,0,0,0,1,1011613.4127808362,255632.3719869256,16
0,0,1,0,0,0,0,0,1,0,0,1,0,0,0,0,0,1,0,0,0,0,0,0,0,0,0,26,0,0,0,0,0,0,0,0,0,1022410.804899931,205307.6832664162,16
0,0,0,0,0,1,0,0,0,0,0,0,0,0,0,0,0,1,1,0,0,0,0,0,1,0,0,27,0,0,0,0,0,0,0,0,0,1022507.5602838397,215391.96395084262,16
1,0,0,0,0,0,0,0,0,0,0,0,0,0,0,0,0,1,0,0,0,0,0,0,0,0,0,28,1,1,0,0,0,0,0,0,0,1022116.9570624232,243713.30068075657,16
0,0,0,0,1,0,0,0,0,0,0,0,0,0,0,0,0,1,0,0,0,0,0,0,0,0,0,29,1,0,0,0,0,1,0,0,0,1033147.4336890876,217909.27847000957,16
0,0,0,0,0,0,1,0,0,0,0,0,0,0,0,0,0,1,0,0,0,0,0,0,0,0,0,30,1,0,0,0,0,0,0,1,0,1052410.3899137527,203397.02107726038,16
